residue,897,898,899,900,901,902,903,904,905,906,907,908,909,910,911,912,913,914,915,916,917,918,919,920,921,922,923,924,925,926,927,928,929,930,931,932,933,934,935,936,937,938,939,940,941,942,943,944,945,946,947,948,949,950,951,952,953,954,955,956,957,958,959,960,961,962,963,964,965,966,967,968,969,970,971,972,973,974,975,976,977,978,979,980,981,982,983,984,202,203,204,205,206,207,208,209,210,211,212,213,214,215,216,217,218,219,220,221,222,223,224,225,226,227,228,229,230,231,232,233,234,235,236,237,238,239,240,241,242,243,244,245,246,247,248,249,250,251,252,253,254,255,256,257,258,259,260,261,262,263,264,265,266,267,268,269,270,271,272,273,274,275,276,277,278,279,280,281,282,283,284
897,0.141704,0.168149,0.0934316,0.0656488,0.0426496,0.096579,0.0801804,0.0934585,0.0309195,0.00655095,0.00440391,0.00339755,0.00496077,0.00192576,0.002236,0.00242152,0.00230279,0.00174575,0.00192623,0.00251118,0.00206384,0.00224351,0.00163082,0.00258958,0.00287588,0.00221482,0.00175706,0.00191455,0.0013418,0.00125752,0.00213218,0.00108243,0.0014038,0.00165244,0.000712085,0.000686249,0.00195744,0.000560338,0.000558008,0.00119161,0.00119662,0.00134277,0.0012356,0.00112148,0.000806859,0.00125231,0.0019274,0.00154077,0.000906315,0.00198032,0.000870735,0.00133791,0.0012901,0.000807781,0.000746372,0.000708426,0.000710909,0.00074866,0.000955823,0.000627515,0.000619498,0.000532831,0.000613887,0.00102794,0.000776981,0.000732604,0.000674098,0.000975541,0.000778744,0.000694466,0.00102212,0.000765326,0.000907371,0.0009556,0.0011945,0.000543068,0.000552932,0.00130136,0.00104051,0.000744164,0.000440266,0.000405569,0.000916754,0.00112555,0.000765131,0.000344118,0.000869257,0.00115603,0.000567887,0.000517082,0.000203508,9.70453e-05,0.000220803,0.000580874,0.000765645,0.000481286,0.000330895,0.000392972,0.000728191,0.000955121,0.000826973,0.000826478,0.000668063,0.0011048,0.00140143,0.00103757,0.000922926,0.000921582,0.000913692,0.00127366,0.00118675,0.00212856,0.000847286,0.00173385,0.00116277,0.0015966,0.00102205,0.000882724,0.000573594,0.00204677,0.00142025,0.000410871,0.00100412,0.00211163,0.00164074,0.00086198,0.00264578,0.000585047,0.00156645,0.00223585,0.00140893,0.00123797,0.00305392,0.0012567,0.000882101,0.00101437,0.000829319,0.00110891,0.000732186,0.000573719,0.000554417,0.000704685,0.000812932,0.00078012,0.000454826,0.000585932,0.000915001,0.00089022,0.000714182,0.000562653,0.00100303,0.000872726,0.000871702,0.00127195,0.000527602,0.000529315,0.00105214,0.00175442,0.00089547,0.000418836,0.000429211,0.000583763,0.00118101,0.000405417,0.000438946,0.000423716,0.000335163,0.000251017,0.000177095,0.000241198,0.000342122
898,0.168149,0.292186,0.059227,0.0906101,0.0315981,0.0467278,0.0474143,0.037089,0.0212984,0.0057677,0.00326416,0.00250055,0.00379766,0.00204649,0.00230458,0.00233055,0.00233555,0.00188483,0.00200875,0.00271998,0.0023202,0.00243501,0.00175918,0.00295795,0.00328337,0.00251832,0.00189205,0.00225002,0.00160548,0.00143672,0.00245049,0.0012656,0.00173852,0.00199746,0.000787625,0.000848807,0.00236495,0.000699911,0.000683325,0.0014802,0.00149804,0.00163153,0.00142764,0.00128603,0.000858085,0.0014217,0.00233567,0.00181017,0.00095887,0.00229484,0.000967001,0.00154817,0.00145365,0.000907674,0.000829298,0.000758309,0.000821777,0.000871563,0.00108146,0.000737636,0.000697074,0.000612596,0.000714418,0.00116962,0.000894946,0.000863352,0.000775133,0.0011104,0.000844292,0.000761849,0.00113371,0.00088137,0.00104778,0.0010707,0.00133217,0.000586624,0.0006489,0.00142739,0.0012151,0.000843706,0.00044844,0.000432969,0.00101472,0.0013719,0.000858663,0.00042203,0.0010917,0.00144549,0.000667078,0.000610504,0.000242034,9.51294e-05,0.000230409,0.000645053,0.00087653,0.000554976,0.000349769,0.000413258,0.000791277,0.00105838,0.000927307,0.000877051,0.000722962,0.00119985,0.00158498,0.00114878,0.00102892,0.00104111,0.00101309,0.00143481,0.00130368,0.00244575,0.000948873,0.00197483,0.00129628,0.00185719,0.00121529,0.00101627,0.000605346,0.00234243,0.00170504,0.000504592,0.00118399,0.0024913,0.00191498,0.000977428,0.00296814,0.000606487,0.00180535,0.00259374,0.00164329,0.00141489,0.00357774,0.00140558,0.000957062,0.00111429,0.000915954,0.00126587,0.000833219,0.000662608,0.000650417,0.000808659,0.000932157,0.000894733,0.000526949,0.000677816,0.00104308,0.000979524,0.000829918,0.000644429,0.00109462,0.00096352,0.000973945,0.00130474,0.000578766,0.000611777,0.00117226,0.00196692,0.000931146,0.000436736,0.00044086,0.000718422,0.00143981,0.000490384,0.000520741,0.00050197,0.000391592,0.000302028,0.000213375,0.000265892,0.000380755
899,0.0934316,0.059227,0.182557,0.0831588,0.106373,0.146376,0.0653315,0.0832391,0.00407528,0.00262161,0.00339913,0.0022742,0.00154754,0.00175857,0.0019161,0.00165085,0.00174033,0.00152208,0.00158866,0.00224362,0.00203526,0.00198407,0.00144129,0.00259926,0.00288564,0.00217675,0.00152341,0.00203618,0.0015104,0.00127037,0.00213606,0.00115868,0.00170791,0.00187581,0.000689164,0.000831755,0.0022187,0.000699932,0.000672528,0.00143915,0.00147911,0.00159016,0.00132985,0.00113644,0.000680805,0.00121691,0.00220903,0.00164895,0.00076009,0.00202775,0.000814852,0.00137813,0.00129398,0.000801866,0.000711167,0.000631318,0.000734983,0.000796608,0.000971078,0.000685667,0.00062177,0.000545509,0.000643574,0.00102635,0.000812696,0.000801985,0.000715258,0.000985072,0.000711639,0.000657924,0.000975713,0.000809727,0.000945274,0.000933436,0.00113995,0.000502549,0.000602888,0.00122608,0.00112455,0.000740509,0.000353898,0.000369435,0.00088532,0.00130574,0.000755799,0.000420252,0.00110658,0.00143879,0.000595724,0.000552717,0.000222326,7.33436e-05,0.000174533,0.000533249,0.000758903,0.000491298,0.000273954,0.000318746,0.000628808,0.000854551,0.000778422,0.000680584,0.000581647,0.00095724,0.00134764,0.000946278,0.000854922,0.000883573,0.000827544,0.00121135,0.00105803,0.00212217,0.000802292,0.00169256,0.00107054,0.00165215,0.00111617,0.000855685,0.000474626,0.00201244,0.0015718,0.000491695,0.00107125,0.00221993,0.00169095,0.00083791,0.00253935,0.000478122,0.0015733,0.00230801,0.00148373,0.0012367,0.00318368,0.0012023,0.000815114,0.000961332,0.000775475,0.00111454,0.000744175,0.000604129,0.000607322,0.000723595,0.000836235,0.000786823,0.000481559,0.000603676,0.000910321,0.000825339,0.000738822,0.000579558,0.000928797,0.000828594,0.000827656,0.000990266,0.000491691,0.000557221,0.00101449,0.00169314,0.000732264,0.000350445,0.000354337,0.000696703,0.00136367,0.000458873,0.000474581,0.000456155,0.000350104,0.000284757,0.000205603,0.000228471,0.000330082
900,0.0656488,0.0906101,0.0831588,0.222258,0.108288,0.0918955,0.0659904,0.0955696,0.00964622,0.00549275,0.00317163,0.00159898,0.00181737,0.00150929,0.00162056,0.00141315,0.00144711,0.00135151,0.00141533,0.00198639,0.00185551,0.00172151,0.00129082,0.00245581,0.00266408,0.001979,0.00130131,0.00195275,0.00151287,0.00120776,0.00194885,0.00113843,0.00178355,0.00186947,0.000652862,0.000856122,0.00219183,0.000745383,0.000703238,0.00148224,0.00154352,0.00160996,0.00122307,0.00106882,0.000572778,0.00108757,0.00221081,0.00159312,0.000652279,0.00187069,0.000735023,0.00130675,0.00124715,0.000755731,0.000669028,0.000577757,0.000703063,0.000780452,0.000938944,0.000687867,0.000599861,0.000524489,0.000621531,0.000965648,0.000805768,0.000807732,0.000712879,0.000924754,0.000648198,0.000615133,0.000897858,0.000806419,0.000920483,0.000877127,0.00103485,0.000460165,0.000608493,0.00115221,0.00109092,0.000699507,0.00031337,0.000338559,0.000857665,0.00131021,0.00071912,0.000461287,0.00121997,0.00153466,0.000557108,0.000524513,0.00021873,6.33602e-05,0.000139112,0.000463616,0.00068384,0.000460042,0.000227459,0.000255612,0.000516034,0.000732356,0.000685474,0.00054451,0.000488848,0.00078769,0.00118627,0.000810705,0.000744288,0.000784304,0.000701659,0.00107907,0.000892408,0.00190965,0.000708546,0.00151768,0.000928687,0.00153967,0.00108807,0.000738386,0.000382545,0.00179746,0.00151478,0.000517184,0.00102557,0.0020494,0.00157957,0.000754517,0.0022355,0.000381023,0.00142112,0.00215826,0.00141796,0.00112385,0.00293211,0.00108285,0.000737315,0.000896413,0.000694281,0.00102748,0.000711234,0.000591418,0.000600476,0.000694646,0.000800941,0.000734641,0.000473693,0.000576035,0.000839323,0.000750789,0.000687795,0.000554906,0.000850615,0.000762676,0.000750472,0.000811372,0.00045175,0.000547307,0.000953601,0.00155015,0.000617857,0.00030953,0.00032359,0.000718948,0.00135681,0.000451295,0.000454783,0.000434669,0.0003287,0.000285832,0.000215318,0.000218827,0.00031731
901,0.0426496,0.0315981,0.106373,0.108288,0.236658,0.0933867,0.165058,0.0588462,0.0113683,0.00452855,0.0036464,0.00208048,0.00196295,0.00172028,0.00150201,0.00120867,0.00106556,0.00116836,0.00129589,0.00161645,0.00157126,0.00118799,0.00113365,0.0021349,0.0021876,0.00156048,0.000882178,0.00168793,0.00142561,0.00104739,0.00149612,0.00108886,0.0018199,0.00173255,0.000606847,0.000875357,0.00200074,0.000813288,0.000773952,0.00144995,0.00154936,0.00169237,0.00130367,0.000972033,0.000420169,0.000794812,0.00204452,0.00141593,0.000494277,0.00146904,0.000578895,0.0011411,0.00115217,0.000659111,0.000612574,0.000495751,0.000619329,0.000729541,0.000882263,0.000672543,0.000569253,0.000480398,0.000567916,0.000839707,0.000784943,0.000803646,0.000703895,0.000803204,0.000533044,0.000552941,0.000766901,0.000788524,0.000841454,0.000768606,0.000844341,0.000426456,0.00059608,0.00101781,0.00101929,0.000613475,0.000288114,0.000316682,0.000805983,0.00121473,0.000664991,0.000530002,0.00137348,0.00161603,0.000449211,0.000435075,0.000204101,5.14982e-05,9.19252e-05,0.000327926,0.000514101,0.000380799,0.000161848,0.000156094,0.000323596,0.000510118,0.000500852,0.00029928,0.000308179,0.000481859,0.000822202,0.000557769,0.000537082,0.000580584,0.000499126,0.000817169,0.000604412,0.00136606,0.000520829,0.00112716,0.000699666,0.00128257,0.00108502,0.00087267,0.000271556,0.0014042,0.00130084,0.000604193,0.000878901,0.00180137,0.00158618,0.000681815,0.00166482,0.000255647,0.00106528,0.00176742,0.00122278,0.000901707,0.0022486,0.000827016,0.000630811,0.000755744,0.00054454,0.000819157,0.00062687,0.000547953,0.000562183,0.000614114,0.00070263,0.000627747,0.000452252,0.000522109,0.000683737,0.000613448,0.000589494,0.000517719,0.00073722,0.000621399,0.000601075,0.000526076,0.000390127,0.000523487,0.000835442,0.0012249,0.000446333,0.000252503,0.000302021,0.000710189,0.00123477,0.000399737,0.000382889,0.000361443,0.000265804,0.000268847,0.00022521,0.000205116,0.000294
902,0.096579,0.0467278,0.146376,0.0918955,0.0933867,0.169814,0.066519,0.148544,0.0193076,0.00444283,0.00491003,0.00267369,0.00304464,0.00130185,0.00133148,0.00138997,0.00118337,0.00103581,0.00142054,0.00131353,0.00107485,0.000876326,0.00106575,0.00175592,0.00151313,0.00106873,0.000703976,0.00131463,0.00121679,0.00086723,0.000920183,0.000956575,0.00161993,0.00138202,0.000620089,0.000745738,0.00149004,0.000794449,0.000745736,0.00119635,0.00129805,0.00137334,0.000882652,0.00075249,0.000360271,0.00048355,0.00156844,0.00109903,0.000479882,0.000911739,0.000471312,0.000880005,0.00107632,0.000601869,0.000595113,0.000544437,0.00051488,0.00063033,0.000813423,0.000620009,0.000548416,0.00043471,0.000490992,0.00071134,0.000767651,0.000757961,0.000680786,0.000654664,0.000508953,0.000546939,0.000699627,0.00076531,0.000752208,0.000676645,0.000672548,0.000433766,0.000580173,0.000985587,0.000802412,0.000538144,0.000372837,0.000342616,0.000815706,0.000922161,0.000638488,0.000624617,0.00145315,0.00151683,0.000282536,0.000296397,0.000176653,9.17245e-05,8.98843e-05,0.000198982,0.0003071,0.000279038,0.000163228,0.000137549,0.000193548,0.000286395,0.000320404,0.000181317,0.000197551,0.000245451,0.000431666,0.000336438,0.000350257,0.000362764,0.000309166,0.000521,0.000352969,0.000693939,0.000344272,0.00062204,0.000434768,0.000862296,0.000832127,0.000453282,0.000225777,0.000718955,0.000842472,0.00057362,0.000641333,0.00098472,0.00106568,0.000456654,0.000883911,0.000199478,0.000572765,0.00117144,0.000904576,0.000571961,0.00120222,0.00058897,0.000557417,0.000683828,0.000433616,0.000557081,0.000550701,0.000493961,0.000476153,0.000521616,0.000583949,0.000486992,0.000418753,0.00042534,0.000499372,0.000514211,0.000413627,0.000446416,0.000681735,0.000531231,0.000452883,0.000523707,0.000366823,0.000474013,0.000744952,0.000904983,0.000425901,0.000290285,0.000397724,0.000598906,0.00088929,0.000278566,0.000253462,0.000231702,0.000170037,0.00022959,0.000231192,0.000221547,0.000300338
903,0.0801804,0.0474143,0.0653315,0.0659904,0.165058,0.066519,0.243543,0.114301,0.0380155,0.00706699,0.00369419,0.00331308,0.00502983,0.00116106,0.00112661,0.00159105,0.00131208,0.00124229,0.00144309,0.00125951,0.000848443,0.000975954,0.00120592,0.00151568,0.00114678,0.000865853,0.000779944,0.00119958,0.00103092,0.000778444,0.00069965,0.000947145,0.00144165,0.00120878,0.000598089,0.000680292,0.00120316,0.000826535,0.000767508,0.00104857,0.00109211,0.00112875,0.000701068,0.000753021,0.000420743,0.000392107,0.00122576,0.000923906,0.000533895,0.000649861,0.000512069,0.000848547,0.000889419,0.000523411,0.0006389,0.000507973,0.000488778,0.000535857,0.000654845,0.000563744,0.000496254,0.000445323,0.000481208,0.000666888,0.000715944,0.000718603,0.000597298,0.000568845,0.000428511,0.000507464,0.000666021,0.000703521,0.000670279,0.000600422,0.000601192,0.000442875,0.000555332,0.00083087,0.000649811,0.000510089,0.000422216,0.000356824,0.000704656,0.000688841,0.000621684,0.000730117,0.00149591,0.0013998,0.000228741,0.00024043,0.000192736,0.00012499,0.000141035,0.000224326,0.00022886,0.000245899,0.000225356,0.000183858,0.000218062,0.000450097,0.000322951,0.000252276,0.000229493,0.000270713,0.00029886,0.000323984,0.000369256,0.00031484,0.000327309,0.000483523,0.000380121,0.000422131,0.000294386,0.000485876,0.000484353,0.000688861,0.000752027,0.000483929,0.000262502,0.000482396,0.000591113,0.000580381,0.000560841,0.000716944,0.000959164,0.000430566,0.000525978,0.000225048,0.000394718,0.000875841,0.000693498,0.000466444,0.000683291,0.000498903,0.000468413,0.000527761,0.000376639,0.000423034,0.000466787,0.000438323,0.000399511,0.000437654,0.000477952,0.000475619,0.000398072,0.000419212,0.000386728,0.000416169,0.000350246,0.000396557,0.000581155,0.00038009,0.000403228,0.000474609,0.000351898,0.000435441,0.000618996,0.000617726,0.000360459,0.000297329,0.000412203,0.000495563,0.0006489,0.000194833,0.000170591,0.000155775,0.000114879,0.000208429,0.00023824,0.000229691,0.000290956
904,0.0934585,0.037089,0.0832391,0.0955696,0.0588462,0.148544,0.114301,0.230064,0.0231008,0.00614731,0.00570319,0.00453396,0.00479307,0.00240209,0.00163292,0.00112262,0.00120761,0.00119832,0.00135031,0.00108339,0.00078895,0.0010231,0.00110125,0.00129963,0.00105256,0.00102142,0.000998476,0.00129397,0.0010095,0.000701604,0.000676098,0.000900815,0.0013672,0.00112117,0.000719606,0.000741808,0.00108728,0.000954366,0.000884682,0.000950739,0.000952866,0.00113058,0.00120386,0.000714162,0.000507378,0.000469074,0.000964483,0.000792778,0.000526146,0.00059453,0.000537698,0.000770313,0.000808047,0.000576795,0.000647895,0.000582334,0.000485564,0.000500067,0.000610663,0.000516929,0.000502712,0.000486192,0.000522974,0.000698484,0.000702462,0.000706811,0.000599652,0.000592244,0.000466153,0.000545484,0.000724825,0.000690467,0.000639312,0.000572961,0.000642689,0.00052368,0.000563992,0.000687084,0.000598747,0.000513345,0.000441493,0.000404625,0.000547689,0.000554454,0.000674327,0.000874459,0.0015113,0.00129378,0.000214033,0.000250779,0.000223634,0.000189035,0.000204865,0.000209535,0.00023677,0.000227593,0.000287608,0.00028577,0.000332767,0.000367542,0.000347507,0.000365884,0.000259214,0.000321809,0.000307243,0.000391051,0.000427525,0.000357246,0.000433059,0.0004787,0.000517245,0.00041679,0.000342638,0.000351458,0.000488914,0.000673812,0.000670513,0.000554766,0.000387183,0.000391898,0.000476441,0.000581138,0.000540973,0.000680952,0.000823645,0.000448968,0.000443558,0.000323329,0.00033687,0.000656497,0.000561571,0.000492389,0.000599556,0.000538274,0.0004849,0.000465526,0.000393167,0.00042148,0.000493315,0.000427303,0.000392067,0.0004315,0.00046478,0.000486126,0.000415283,0.00039825,0.000412259,0.00033417,0.000385814,0.000381625,0.000547949,0.000354797,0.000376149,0.000417435,0.000376577,0.000407771,0.00050159,0.000487645,0.000366971,0.00035217,0.00045306,0.000416299,0.000484475,0.000138344,0.000118983,0.000109598,8.38645e-05,0.000208163,0.000251096,0.000223825,0.000261637
905,0.0309195,0.0212984,0.00407528,0.00964622,0.0113683,0.0193076,0.0380155,0.0231008,0.0436081,0.0322324,0.0205037,0.0247991,0.0229512,0.0194855,0.0174731,0.015957,0.00864284,0.00731476,0.00770865,0.011807,0.0137001,0.00964671,0.00912247,0.00671115,0.00965309,0.00672539,0.00753371,0.00572043,0.00498983,0.00493866,0.00463105,0.0053285,0.00535395,0.00417083,0.0052248,0.00316822,0.00473794,0.0036954,0.00384792,0.00309654,0.00323591,0.00691177,0.0100226,0.00459006,0.00405082,0.00323166,0.00415216,0.00460472,0.00423667,0.00435259,0.00381098,0.00513911,0.00630582,0.0048326,0.00403736,0.00410883,0.0029034,0.00310153,0.00503513,0.00287065,0.00377053,0.00237015,0.00256375,0.00421758,0.00346348,0.00324063,0.00436434,0.00488098,0.00420147,0.00465698,0.00563711,0.00459112,0.00337714,0.00442024,0.00527279,0.0051861,0.00278093,0.00608082,0.00637759,0.00312777,0.00386806,0.00443972,0.00383901,0.00231454,0.00451431,0.00332571,0.00523757,0.00431831,0.00109076,0.00128467,0.000926734,0.00151494,0.0013179,0.00195617,0.00172541,0.00160123,0.00200347,0.00201217,0.00209296,0.00251184,0.00264916,0.00345437,0.00288497,0.00339512,0.00313428,0.00305957,0.00287916,0.00228416,0.00245165,0.00319322,0.00381481,0.00373178,0.0028571,0.00392104,0.00375149,0.00456782,0.00540825,0.00991003,0.00397048,0.00542281,0.00231928,0.00342325,0.00241121,0.00776804,0.00941874,0.00514842,0.010776,0.00544448,0.00353497,0.00562847,0.00396595,0.00565532,0.00447444,0.00512385,0.00665211,0.00529575,0.00371646,0.00458389,0.00365203,0.00294772,0.0033507,0.00267154,0.00360818,0.0033015,0.0026001,0.00253839,0.00270001,0.00302891,0.00229831,0.00316606,0.00541972,0.00377836,0.00289499,0.00449022,0.00305186,0.00258817,0.00382754,0.00471584,0.00420251,0.00291219,0.00344234,0.00159933,0.0020455,0.000527603,0.000539536,0.000603964,0.000546955,0.000893515,0.00107765,0.00125021,0.00142363
906,0.00655095,0.0057677,0.00262161,0.00549275,0.00452855,0.00444283,0.00706699,0.00614731,0.0322324,0.0738764,0.0480345,0.0583552,0.0372747,0.0283988,0.018234,0.0167974,0.0127844,0.00766684,0.0114906,0.0113668,0.0122607,0.00668639,0.00805707,0.00560576,0.00793864,0.00814399,0.00607784,0.0052366,0.00438497,0.0039181,0.00420467,0.00463921,0.00442784,0.00346822,0.00398663,0.0036077,0.00439416,0.00387304,0.004139,0.00283734,0.00278645,0.00747728,0.0135933,0.00507383,0.00387366,0.00345738,0.0034087,0.00265868,0.00274935,0.00351964,0.00315162,0.00404591,0.00431246,0.0036545,0.00281417,0.0031023,0.00235118,0.00299511,0.00321805,0.00208576,0.00235642,0.00213816,0.00276969,0.00349364,0.0033103,0.0031777,0.00339049,0.00350468,0.00287891,0.00332849,0.00385694,0.00299016,0.00268995,0.00366361,0.00381413,0.00329043,0.00205784,0.00415605,0.00449023,0.0024244,0.00327017,0.00255776,0.00338008,0.00196191,0.00369748,0.00298846,0.00444519,0.00345293,0.00111209,0.00115245,0.00103024,0.000975569,0.00126354,0.00170896,0.00115003,0.00116909,0.00121701,0.00155365,0.00174576,0.00346243,0.00201224,0.00224682,0.00213029,0.00296626,0.00199369,0.00226381,0.00273164,0.00190349,0.00249059,0.00334956,0.00344578,0.0036986,0.00263759,0.00391144,0.00479611,0.00394318,0.012036,0.0341372,0.00433101,0.0123926,0.0031734,0.00671088,0.00226849,0.0224722,0.0280319,0.0112865,0.00824757,0.00362065,0.00436719,0.0051946,0.00330512,0.00656705,0.00431664,0.00393342,0.00399313,0.0028217,0.00252675,0.00351817,0.00291588,0.00215095,0.00244258,0.00194805,0.00309559,0.00295733,0.00232071,0.00277753,0.002204,0.00293118,0.00268081,0.00232484,0.0030446,0.00171054,0.00236114,0.00371289,0.00228074,0.00253189,0.00295455,0.00353106,0.00311254,0.00232526,0.00243512,0.00156528,0.00158659,0.00045829,0.000507181,0.000522685,0.00046315,0.000708708,0.000867974,0.00109933,0.00127308
907,0.00440391,0.00326416,0.00339913,0.00317163,0.0036464,0.00491003,0.00369419,0.00570319,0.0205037,0.0480345,0.0422023,0.0370336,0.0194376,0.00943836,0.0140857,0.0145135,0.0119957,0.00755169,0.00962632,0.0104649,0.0105941,0.0108947,0.00829224,0.00527212,0.00829225,0.0105407,0.00870036,0.00491519,0.00741442,0.0076968,0.00321311,0.00447129,0.00398282,0.00246788,0.00564155,0.00283058,0.0040058,0.00297667,0.00272984,0.00239164,0.00242842,0.00348059,0.00407589,0.00516163,0.00490366,0.00486534,0.00339411,0.00493417,0.00519707,0.00320274,0.00421064,0.00583191,0.00735081,0.00622126,0.00514738,0.00615011,0.00353272,0.00395966,0.0054713,0.00332096,0.00371706,0.00271668,0.00284232,0.00497619,0.00404062,0.00338506,0.00525889,0.00403127,0.00530803,0.00468376,0.00485748,0.00502098,0.00430162,0.0045061,0.0047516,0.00353519,0.00349067,0.00713221,0.00419993,0.00293473,0.00467608,0.00466441,0.00548641,0.00302929,0.00398442,0.00311093,0.0039805,0.00288263,0.00131895,0.00172112,0.00146315,0.00284742,0.00224671,0.0035948,0.00215049,0.00247642,0.00250759,0.00233918,0.00252822,0.0046288,0.00476651,0.00339924,0.00446957,0.00336748,0.00347903,0.00356956,0.00334112,0.00303751,0.00386199,0.00549502,0.00547339,0.00389961,0.00391679,0.00642265,0.00578277,0.00623198,0.0100817,0.0257549,0.00564533,0.0102056,0.00263891,0.00549178,0.00194472,0.0171744,0.0223197,0.00983456,0.00756873,0.00529414,0.0043461,0.00394215,0.00465609,0.00870725,0.0058326,0.00577921,0.00774582,0.00619465,0.00442385,0.00647729,0.0049733,0.00413282,0.00403241,0.00305346,0.00585061,0.00409871,0.00347615,0.00353801,0.00400299,0.00519528,0.0026247,0.00297528,0.00580882,0.00462155,0.00390001,0.00637522,0.00386468,0.00298961,0.00495686,0.00643681,0.00501787,0.00403037,0.0052642,0.00193755,0.00192011,0.000478816,0.000524791,0.000664433,0.000616401,0.000714478,0.000926694,0.00174168,0.00210868
908,0.00339755,0.00250055,0.0022742,0.00159898,0.00208048,0.00267369,0.00331308,0.00453396,0.0247991,0.0583552,0.0370336,0.0560585,0.0419175,0.0367729,0.0213573,0.0137134,0.0142169,0.0136166,0.0157064,0.0121004,0.0102488,0.00660965,0.0130193,0.00683269,0.00831402,0.00793127,0.00612232,0.00479583,0.00490317,0.00573542,0.00290789,0.00482891,0.00334228,0.00217489,0.00456961,0.00360418,0.00434852,0.00329812,0.00403079,0.0019835,0.00256115,0.00879987,0.0163912,0.00785813,0.00566531,0.00429693,0.00412459,0.00310505,0.0049548,0.00298579,0.00379798,0.00465331,0.00599202,0.00376636,0.00385178,0.00393083,0.00282699,0.00348648,0.00452411,0.00245149,0.0029464,0.00231383,0.00249425,0.00345879,0.00350494,0.00331022,0.00389713,0.00352898,0.00372444,0.0034232,0.00321342,0.00367619,0.00283987,0.00384718,0.00429387,0.0024064,0.00235858,0.00488831,0.00246915,0.00243129,0.0037833,0.00243552,0.00500615,0.00229027,0.00340275,0.00197526,0.00275019,0.00194148,0.00135368,0.00125276,0.00139458,0.00143017,0.00209394,0.00316616,0.00157703,0.00201726,0.00195597,0.00228091,0.00228944,0.00692716,0.00315959,0.00270101,0.00328957,0.00431992,0.00226838,0.00280358,0.0035277,0.00248496,0.00347047,0.00449528,0.00352137,0.00360348,0.00411666,0.00515184,0.00503953,0.00340962,0.0100736,0.0243504,0.00504959,0.0105799,0.00243002,0.0049036,0.00178102,0.0159236,0.0222243,0.00906903,0.00641773,0.00394851,0.00640381,0.00688358,0.00509468,0.00601372,0.00439989,0.00449654,0.00441434,0.00515325,0.00314742,0.00336483,0.00327497,0.00271627,0.00222579,0.00255083,0.00336622,0.00270685,0.00254103,0.00259619,0.00271217,0.00382354,0.00237317,0.00235156,0.00377293,0.00291803,0.0030528,0.00462079,0.00269985,0.002942,0.0045276,0.0051504,0.00434093,0.00293912,0.00310285,0.00163713,0.00149006,0.000422295,0.000521293,0.000523302,0.000486106,0.000508803,0.000675465,0.00134573,0.00160159
909,0.00496077,0.00379766,0.00154754,0.00181737,0.00196295,0.00304464,0.00502983,0.00479307,0.0229512,0.0372747,0.0194376,0.0419175,0.0505503,0.0454269,0.0228894,0.0151082,0.0148365,0.0135748,0.0196264,0.0144681,0.00706071,0.00986843,0.00970133,0.00856043,0.00916565,0.00969139,0.00826418,0.00551482,0.00669069,0.0063619,0.0026831,0.004663,0.00351313,0.00243145,0.00418392,0.00386583,0.00427055,0.0032411,0.00428914,0.00189854,0.00264569,0.0103227,0.019176,0.00823528,0.00658465,0.00533412,0.00542803,0.00549037,0.00551163,0.00294916,0.00419255,0.0067205,0.00499221,0.00361457,0.00567944,0.00451612,0.0033017,0.00303281,0.00387438,0.00306798,0.00311286,0.00276475,0.00211294,0.00475004,0.00353931,0.00340497,0.00343611,0.003001,0.00287025,0.00289842,0.00391176,0.00396659,0.00346534,0.00345008,0.00387304,0.00255723,0.00281405,0.00546961,0.00300272,0.00270176,0.00425302,0.00386125,0.00470627,0.00248572,0.00287184,0.00198728,0.00272289,0.00201825,0.00146253,0.00169459,0.00167106,0.0027147,0.00314424,0.00416329,0.00308177,0.0028615,0.003797,0.00345837,0.00466438,0.00601632,0.00612151,0.00416007,0.00427498,0.00486943,0.00335059,0.00487538,0.00517643,0.00481135,0.00708337,0.00690713,0.00707043,0.00325163,0.00474013,0.00673307,0.00752519,0.00795344,0.00542739,0.00825419,0.00563333,0.00535638,0.00194628,0.00273961,0.00164866,0.00586144,0.00928117,0.00532177,0.00551298,0.00521882,0.00472932,0.00488839,0.0047222,0.00600915,0.0048782,0.00452081,0.0054146,0.00367985,0.00361414,0.00505711,0.00348768,0.00343797,0.00280369,0.00225565,0.00411636,0.00379757,0.00291772,0.00314353,0.004042,0.00411973,0.00332145,0.00255448,0.00442714,0.00260549,0.00398078,0.00553183,0.00335107,0.00304092,0.00491456,0.00504661,0.00378032,0.0028791,0.0044303,0.00156107,0.00180453,0.000465819,0.000576171,0.000691932,0.000600752,0.000440475,0.000677108,0.00189064,0.00234205
910,0.00192576,0.00204649,0.00175857,0.00150929,0.00172028,0.00130185,0.00116106,0.00240209,0.0194855,0.0283988,0.00943836,0.0367729,0.0454269,0.0554188,0.0229546,0.0159135,0.0135014,0.0132507,0.0197228,0.0124737,0.0132403,0.0068964,0.0122438,0.00824843,0.0107581,0.00876779,0.00856931,0.00795053,0.00737711,0.00471589,0.00386566,0.00521521,0.00467147,0.00316707,0.00495094,0.00415981,0.00442975,0.00344498,0.0047947,0.00215632,0.00308052,0.011837,0.023189,0.0068481,0.00636559,0.00712187,0.00705017,0.0057764,0.00589133,0.00465001,0.00443206,0.00525286,0.00680258,0.00551068,0.0035962,0.00473125,0.00343977,0.00317696,0.00436105,0.0027752,0.00298254,0.0023309,0.00210288,0.00337344,0.0039887,0.00324473,0.0036911,0.00385276,0.00277917,0.0031948,0.00495367,0.00411989,0.00331104,0.00313875,0.00390549,0.00288662,0.0027716,0.00557953,0.00333872,0.00295829,0.00433315,0.00338292,0.00427226,0.00222334,0.00307872,0.00227454,0.00319098,0.0024368,0.00170801,0.00178999,0.00153965,0.00205286,0.00305147,0.00377416,0.00354508,0.00311981,0.00379983,0.00460242,0.00419439,0.00583516,0.00450552,0.00690076,0.00487362,0.00731744,0.00518659,0.0053784,0.00641452,0.0041341,0.00614425,0.00603279,0.00655167,0.00572139,0.00863533,0.00476718,0.00553829,0.0058566,0.00626999,0.00252989,0.00790829,0.00406963,0.00277621,0.00181326,0.00193914,0.00313651,0.00371441,0.00458622,0.00677362,0.00840268,0.0113006,0.0111451,0.00756499,0.00672989,0.0081341,0.00539435,0.0044346,0.00479165,0.00525121,0.00447517,0.00396444,0.00320245,0.00229867,0.00207733,0.00301138,0.00283321,0.00263653,0.00195927,0.00356302,0.00309426,0.00339837,0.0029986,0.00336639,0.00249723,0.00249848,0.00536735,0.00313692,0.00318604,0.00451754,0.00536936,0.00400675,0.00280878,0.00384552,0.00172787,0.00195792,0.000590565,0.000782736,0.000830168,0.000794107,0.000796911,0.000927559,0.00185421,0.00219467
911,0.002236,0.00230458,0.0019161,0.00162056,0.00150201,0.00133148,0.00112661,0.00163292,0.0174731,0.018234,0.0140857,0.0213573,0.0228894,0.0229546,0.0299399,0.0165008,0.0181523,0.0140975,0.0141248,0.0159034,0.0152992,0.0142399,0.0155751,0.00924501,0.0109347,0.0112264,0.0110457,0.0104159,0.00700918,0.00774164,0.00495057,0.0053227,0.00528857,0.00349364,0.00742615,0.00263615,0.00446038,0.00240487,0.00325608,0.0024092,0.00278781,0.00689975,0.00942855,0.00564816,0.00651988,0.00548176,0.00857625,0.00625542,0.00621452,0.00486885,0.00492392,0.00558991,0.00938902,0.00446877,0.00602261,0.00583355,0.00274822,0.00349052,0.0073129,0.00277906,0.00503808,0.00273232,0.00215087,0.00549163,0.00298933,0.00321789,0.0050038,0.00510638,0.00548487,0.00499158,0.00424615,0.00564645,0.00274883,0.00437106,0.00658993,0.00534402,0.00324307,0.00664541,0.00689733,0.00335937,0.00430429,0.00469678,0.00444927,0.00216269,0.00402062,0.00223327,0.00345894,0.00289464,0.00152243,0.00169154,0.00161078,0.00237283,0.0030049,0.00398318,0.00312846,0.00318786,0.00364486,0.00453115,0.0053915,0.00611879,0.00571245,0.00522812,0.00412684,0.00388639,0.00348961,0.00477685,0.00468248,0.00645589,0.00815632,0.00766396,0.00845401,0.00861025,0.0056891,0.00615517,0.00569803,0.00743616,0.00423401,0.00399389,0.0058139,0.00598167,0.00283374,0.00239189,0.00289288,0.00437401,0.00522342,0.00407721,0.014768,0.00786471,0.00490259,0.00765091,0.00562676,0.00602535,0.00642097,0.00728551,0.00899027,0.00974514,0.0039747,0.00528034,0.00468352,0.00293333,0.00332536,0.003613,0.0035166,0.00299526,0.00251136,0.00199599,0.00495617,0.00378269,0.00230579,0.00383434,0.0080266,0.00543136,0.00398102,0.0038393,0.00419036,0.00212305,0.00526116,0.00602869,0.00517435,0.00354528,0.0049577,0.00154077,0.00209183,0.000544864,0.000716476,0.000800253,0.000741875,0.000775563,0.000916498,0.00164348,0.00193204
912,0.00242152,0.00233055,0.00165085,0.00141315,0.00120867,0.00138997,0.00159105,0.00112262,0.015957,0.0167974,0.0145135,0.0137134,0.0151082,0.0159135,0.0165008,0.0505437,0.021912,0.018322,0.0218343,0.0273833,0.0280542,0.0123133,0.0132365,0.00950236,0.014889,0.00742395,0.00825272,0.00624138,0.00540042,0.00605191,0.00405042,0.00615894,0.00376487,0.00302702,0.00497405,0.00153599,0.00318414,0.00191011,0.00194118,0.00223398,0.00204269,0.00369247,0.00230029,0.00310486,0.00435972,0.00519676,0.00711613,0.00459634,0.00539409,0.00429673,0.00449441,0.00757142,0.00607108,0.00577179,0.00506984,0.00491161,0.00325926,0.00244906,0.00425643,0.00271674,0.00379511,0.00217236,0.00209774,0.00413403,0.00304465,0.00276035,0.00420077,0.00530544,0.00366718,0.00533481,0.0055433,0.00449363,0.0038076,0.00576748,0.00446423,0.00674262,0.00297932,0.0108705,0.0105163,0.00406938,0.00632494,0.00539129,0.00644624,0.00185415,0.00448732,0.00287261,0.00447225,0.00369151,0.00173187,0.00181077,0.00138283,0.00208572,0.00249217,0.004168,0.00387795,0.00348895,0.00402518,0.00402708,0.00429,0.00652309,0.00472893,0.0090089,0.00394537,0.00453542,0.00527453,0.00443018,0.00413232,0.00337638,0.00366281,0.00483999,0.00636958,0.00595572,0.00873735,0.0061899,0.00622219,0.0056368,0.00555892,0.00412572,0.00674135,0.00570421,0.00296107,0.00237384,0.00245343,0.00486959,0.00466701,0.00545476,0.0176318,0.00987226,0.00749836,0.00968003,0.0060733,0.00777702,0.00802542,0.00450826,0.00946053,0.00556314,0.00523183,0.00678798,0.00394857,0.00313559,0.00406552,0.0026453,0.00365031,0.00429731,0.00246327,0.00294547,0.00258432,0.00424852,0.001621,0.00355879,0.00524976,0.0033723,0.00419664,0.00860621,0.00410149,0.00242537,0.00477469,0.00600072,0.00520013,0.0033369,0.00509847,0.00128409,0.00169198,0.000520756,0.000777558,0.000891753,0.000903131,0.000948266,0.00104246,0.00202758,0.00266327
913,0.00230279,0.00233555,0.00174033,0.00144711,0.00106556,0.00118337,0.00131208,0.00120761,0.00864284,0.0127844,0.0119957,0.0142169,0.0148365,0.0135014,0.0181523,0.021912,0.0360372,0.0138302,0.0258539,0.0187678,0.00968909,0.0183564,0.0122791,0.0139596,0.00841755,0.011793,0.0135988,0.0140487,0.00711329,0.00645003,0.00604029,0.00521061,0.00379396,0.0034203,0.00392009,0.00147239,0.00294308,0.00194261,0.00232484,0.00232902,0.00189577,0.00296297,0.00277198,0.00489367,0.00672057,0.00690166,0.0122022,0.00702424,0.0070119,0.00647214,0.0076911,0.00542982,0.00867744,0.00402649,0.00419533,0.00602711,0.00291384,0.00353977,0.00268338,0.00249093,0.00251384,0.00307568,0.00254703,0.00518161,0.00450607,0.00307718,0.00356123,0.00342771,0.00316243,0.00294578,0.0046507,0.00468721,0.00388595,0.00452931,0.0039421,0.00262601,0.00398873,0.00916694,0.00484669,0.00346471,0.0053456,0.00265463,0.00656487,0.00249562,0.00454849,0.00336717,0.00509662,0.00415209,0.00194329,0.00183992,0.00180037,0.0022386,0.00328555,0.00538699,0.0032911,0.00384445,0.00414272,0.00536539,0.00703465,0.0108315,0.00795446,0.00775577,0.00567872,0.00395704,0.00505338,0.00549528,0.00481061,0.00807429,0.00898056,0.0100666,0.0113185,0.0133085,0.00724892,0.00658146,0.00641879,0.00833014,0.00483967,0.00412109,0.0066194,0.00713887,0.00326269,0.0024239,0.00381393,0.00483182,0.00563249,0.0046571,0.00913469,0.00705241,0.00528537,0.00957881,0.00587891,0.00598561,0.0075382,0.0107006,0.00431707,0.00641741,0.00495261,0.00447802,0.00561855,0.0029609,0.00306221,0.00249535,0.00304253,0.0029738,0.00206524,0.00254557,0.00461801,0.00537171,0.00212217,0.00252734,0.0052388,0.00276759,0.00346234,0.00928029,0.00344129,0.0020528,0.005797,0.00550138,0.00559451,0.00361209,0.00577031,0.00163486,0.00125087,0.000657677,0.0011329,0.00108734,0.0011262,0.00115107,0.00118541,0.00235884,0.00302227
914,0.00174575,0.00188483,0.00152208,0.00135151,0.00116836,0.00103581,0.00124229,0.00119832,0.00731476,0.00766684,0.00755169,0.0136166,0.0135748,0.0132507,0.0140975,0.018322,0.0138302,0.0424702,0.0175453,0.0207296,0.011892,0.00901567,0.022422,0.0118839,0.013019,0.00978862,0.00663978,0.00874603,0.00643628,0.0111574,0.00592713,0.00782773,0.00359528,0.00469791,0.00530379,0.00170481,0.00616427,0.00224202,0.00249123,0.00302842,0.00237403,0.00391816,0.0037241,0.00933514,0.00724298,0.00577129,0.0111414,0.00704339,0.00747922,0.00608136,0.00640123,0.00830104,0.00680546,0.00536789,0.00561153,0.00459281,0.0038189,0.00326343,0.00532785,0.0027077,0.00429835,0.00329168,0.00233571,0.00533917,0.00263744,0.00382487,0.00351837,0.00481454,0.00337112,0.00332814,0.00482239,0.00465585,0.00302014,0.00376755,0.00662082,0.00347464,0.00372869,0.0058026,0.00323254,0.00325305,0.00477269,0.0030562,0.00513693,0.00249492,0.00388481,0.00268019,0.00354644,0.00286525,0.00340015,0.00240588,0.00237116,0.00222702,0.00392157,0.00954165,0.00503914,0.00535361,0.00672219,0.00498958,0.0108618,0.0218127,0.0122865,0.0133707,0.00717681,0.0071041,0.00656382,0.00755316,0.00669705,0.00762088,0.00752743,0.00659011,0.0102714,0.00630175,0.011334,0.00696005,0.00792113,0.00716536,0.00410551,0.00211497,0.0087148,0.00635017,0.00356134,0.00219207,0.00321899,0.00317801,0.00476994,0.00467698,0.00687095,0.00523222,0.00575427,0.00971159,0.00811798,0.00597052,0.00807377,0.00573267,0.00772653,0.00581115,0.00535235,0.00340489,0.00289725,0.00320808,0.00203211,0.0030669,0.00234082,0.00456343,0.00238067,0.00329079,0.00350131,0.00352792,0.00211916,0.00340978,0.00593506,0.00359526,0.00395623,0.00411887,0.00301165,0.002335,0.00427073,0.00445546,0.00514041,0.00225548,0.00390584,0.00124145,0.00171344,0.000465732,0.000558009,0.000670228,0.000630828,0.000725223,0.000840205,0.00141394,0.00170414
915,0.00192623,0.00200875,0.00158866,0.00141533,0.00129589,0.00142054,0.00144309,0.00135031,0.00770865,0.0114906,0.00962632,0.0157064,0.0196264,0.0197228,0.0141248,0.0218343,0.0258539,0.0175453,0.0338128,0.0189647,0.0101377,0.00896269,0.01549,0.0136972,0.00888491,0.0187888,0.0108721,0.0095334,0.0115118,0.00912292,0.00259137,0.00478695,0.00438457,0.00232719,0.00566969,0.00234579,0.003884,0.0020762,0.00238063,0.00221166,0.00222913,0.00452282,0.00588705,0.00574577,0.00766155,0.00893696,0.0096459,0.00563034,0.00607819,0.0063552,0.00628332,0.00906284,0.00755357,0.00456752,0.00444428,0.0053817,0.00339505,0.00403875,0.0036578,0.0027242,0.00307038,0.0023064,0.00244322,0.00528087,0.00376928,0.00444945,0.00297105,0.00601139,0.00258853,0.00346935,0.00578084,0.00419244,0.00417757,0.00518334,0.00672236,0.00321986,0.00310049,0.00760711,0.00338667,0.00270503,0.0078972,0.00377478,0.0092577,0.00322089,0.00572274,0.00255362,0.0040107,0.00327294,0.00204534,0.00184811,0.0017847,0.00206181,0.00297445,0.00494873,0.0032132,0.0036503,0.00409897,0.00465687,0.00618142,0.0117569,0.00766132,0.00777665,0.00684199,0.00500248,0.00459526,0.00553758,0.0047403,0.00511166,0.00683287,0.0061026,0.00750944,0.00712228,0.00808427,0.00579431,0.00858378,0.0104024,0.0041471,0.00172724,0.00718103,0.00551923,0.00288168,0.0019933,0.00298575,0.00273959,0.00394264,0.0044047,0.00813589,0.00530313,0.00575102,0.00648331,0.00687741,0.00683781,0.00777078,0.00957212,0.00512395,0.00457555,0.00507261,0.00591413,0.00461223,0.00446398,0.00267385,0.00269847,0.00289945,0.0038947,0.00263296,0.00249224,0.00589781,0.00552195,0.00379482,0.00319859,0.00465181,0.00300834,0.00355256,0.00907251,0.00323677,0.00276093,0.00509672,0.00687582,0.00664334,0.00412545,0.00597086,0.00155751,0.00203732,0.000726166,0.00104299,0.00104269,0.000921396,0.000690212,0.000913979,0.00236844,0.00298965
916,0.00251118,0.00271998,0.00224362,0.00198639,0.00161645,0.00131353,0.00125951,0.00108339,0.011807,0.0113668,0.0104649,0.0121004,0.0144681,0.0124737,0.0159034,0.0273833,0.0187678,0.0207296,0.0189647,0.0279875,0.0208216,0.0150058,0.0152669,0.0116204,0.0124042,0.0125687,0.0110531,0.00801327,0.00923622,0.00745891,0.00601698,0.00579256,0.00397261,0.00411605,0.00549307,0.00251149,0.00477019,0.00250288,0.00250303,0.00261097,0.00259643,0.00425349,0.00360157,0.0069256,0.00869227,0.0084902,0.00955465,0.00737472,0.0078855,0.00588351,0.00612904,0.00535361,0.0055411,0.00437474,0.00422569,0.00402805,0.00329366,0.00313888,0.00279027,0.0026526,0.00258408,0.00255903,0.00191384,0.00549174,0.00318227,0.00300004,0.00332864,0.00440019,0.00339322,0.00381788,0.00521891,0.00393878,0.00315441,0.00454415,0.0051096,0.00490941,0.00219758,0.00602333,0.0062049,0.00255747,0.00462462,0.00467966,0.00460504,0.00237449,0.00364881,0.0021775,0.00330699,0.00239935,0.00212857,0.00242551,0.00165325,0.00364973,0.0027876,0.0058256,0.00399553,0.00414046,0.00517327,0.00474052,0.00658267,0.00970167,0.00931006,0.00980321,0.00820536,0.00696722,0.00597962,0.00654014,0.00585566,0.00633136,0.00621939,0.00684627,0.00848928,0.00678618,0.00847239,0.00892322,0.00507324,0.00831741,0.00470743,0.0022185,0.00768581,0.00704434,0.0036781,0.00238151,0.00356429,0.00422605,0.00537487,0.00553293,0.0154879,0.00730172,0.0059616,0.00891295,0.00686867,0.0082325,0.00883371,0.00707377,0.00663271,0.00493053,0.00527899,0.00691742,0.00353821,0.00364686,0.0037893,0.00261207,0.0044397,0.00353448,0.00297926,0.0022768,0.00316851,0.00449159,0.00227414,0.00307344,0.00490672,0.00254285,0.00375625,0.00614815,0.00290692,0.00269212,0.00523087,0.00595471,0.00456865,0.00303668,0.00336473,0.00159207,0.0022412,0.000645549,0.000718392,0.000768294,0.000669137,0.000556537,0.000804689,0.00192995,0.00234884
917,0.00206384,0.0023202,0.00203526,0.00185551,0.00157126,0.00107485,0.000848443,0.00078895,0.0137001,0.0122607,0.0105941,0.0102488,0.00706071,0.0132403,0.0152992,0.0280542,0.00968909,0.011892,0.0101377,0.0208216,0.0388282,0.0111101,0.0147274,0.00956844,0.0115895,0.00970592,0.00831386,0.00747563,0.00705301,0.00691848,0.00458838,0.00507418,0.00450096,0.00391038,0.00522732,0.00235183,0.00386859,0.00250573,0.00227635,0.00237695,0.00240958,0.00415335,0.0042685,0.00412801,0.00554158,0.00762273,0.00774073,0.00557494,0.00565925,0.00687915,0.00540818,0.0050454,0.00847844,0.00569489,0.00499474,0.00488306,0.00434999,0.00299558,0.00457483,0.0030751,0.00336027,0.00275555,0.00274946,0.00617823,0.00418898,0.00322087,0.0059663,0.00587049,0.00511384,0.00512091,0.00622209,0.00436648,0.00402632,0.00464089,0.00620819,0.00672178,0.00322912,0.0063223,0.00733554,0.00361834,0.00415276,0.00684095,0.0031967,0.00251381,0.00374083,0.00235532,0.00312766,0.00236155,0.00150198,0.00148698,0.00133817,0.00187976,0.00305227,0.00381773,0.00313728,0.00303836,0.00377295,0.00516232,0.00561347,0.00601839,0.00666209,0.00744108,0.00884042,0.0128572,0.0061896,0.00581649,0.00752267,0.00400159,0.00395274,0.00658698,0.00501503,0.00610505,0.00757101,0.00645504,0.00398504,0.00654155,0.00582248,0.00386359,0.00716248,0.00817322,0.00359323,0.0027419,0.00390296,0.00605817,0.00682283,0.00676082,0.0211405,0.00961646,0.014383,0.0147713,0.0104386,0.0102196,0.0117307,0.00774457,0.00796418,0.00670811,0.00432877,0.00663237,0.00486959,0.00267428,0.00407534,0.00264533,0.00334936,0.00350832,0.00238659,0.00271751,0.00389725,0.00328373,0.00265139,0.003467,0.0063193,0.00465287,0.00367365,0.00717088,0.00463752,0.00346235,0.0058247,0.00711167,0.00460899,0.00531575,0.00317157,0.00198588,0.00214833,0.000631792,0.000847314,0.000873848,0.000808279,0.000879325,0.000906513,0.00139928,0.00158996
918,0.00224351,0.00243501,0.00198407,0.00172151,0.00118799,0.000876326,0.000975954,0.0010231,0.00964671,0.00668639,0.0108947,0.00660965,0.00986843,0.0068964,0.0142399,0.0123133,0.0183564,0.00901567,0.00896269,0.0150058,0.0111101,0.0427988,0.012693,0.0100574,0.00949461,0.00883268,0.0240353,0.00636712,0.00708091,0.00885322,0.00908154,0.00702003,0.00479875,0.00523908,0.0049036,0.00272021,0.00405028,0.00291894,0.00306589,0.00269246,0.00262557,0.00425807,0.00368277,0.0069309,0.00649896,0.00480994,0.00729131,0.00595455,0.00625849,0.00673386,0.00640454,0.0134045,0.00699058,0.00584345,0.00831203,0.00570699,0.00510763,0.0036059,0.00363921,0.00434512,0.00357573,0.00312767,0.00250346,0.0059617,0.0033885,0.00315631,0.00507044,0.00396694,0.0045809,0.00462509,0.00532641,0.00556253,0.00486981,0.00428876,0.00503737,0.00345937,0.00386657,0.00681551,0.00439097,0.00370139,0.00521979,0.00559467,0.00454366,0.00283388,0.00314918,0.00279957,0.00407034,0.00336287,0.00187187,0.00218783,0.00184932,0.00308627,0.0034016,0.00494674,0.00412165,0.00395572,0.00435781,0.00505049,0.00392613,0.0111333,0.00734304,0.0119462,0.00803751,0.00788321,0.00674705,0.0049019,0.00761588,0.00483742,0.00615524,0.0089701,0.00734096,0.00570557,0.00627419,0.0100773,0.0111745,0.00856839,0.00483256,0.00246455,0.00527597,0.00689519,0.0034338,0.00212809,0.00423295,0.00481909,0.00448895,0.0052224,0.00930715,0.00558702,0.00633524,0.00863429,0.00657125,0.00951153,0.00763866,0.0102021,0.009306,0.00911345,0.00371748,0.00913245,0.00616597,0.0040168,0.00529667,0.00209268,0.0057928,0.0053306,0.00350511,0.00483817,0.00411539,0.00464345,0.00227002,0.00326598,0.00440052,0.00460968,0.00508768,0.00723505,0.00602839,0.00408922,0.00553676,0.00710074,0.00403522,0.00487653,0.00513707,0.00182246,0.00182758,0.000459523,0.000557732,0.00083551,0.000749101,0.000864336,0.00101275,0.00182742,0.00224467
919,0.00163082,0.00175918,0.00144129,0.00129082,0.00113365,0.00106575,0.00120592,0.00110125,0.00912247,0.00805707,0.00829224,0.0130193,0.00970133,0.0122438,0.0155751,0.0132365,0.0122791,0.022422,0.01549,0.0152669,0.0147274,0.012693,0.0347449,0.0117836,0.0115529,0.0108389,0.00867222,0.0061244,0.00660901,0.00989409,0.00426068,0.00594442,0.00644085,0.00410613,0.0071998,0.00240722,0.00474735,0.00250241,0.0031468,0.00294169,0.00311958,0.00372812,0.00338946,0.00902597,0.010042,0.0063765,0.00646461,0.00750656,0.00917773,0.00810086,0.00692173,0.0120707,0.00898616,0.00590244,0.00733484,0.00541245,0.00440783,0.00376073,0.00532246,0.00383875,0.00478692,0.00291767,0.00232773,0.00451191,0.00428355,0.00423978,0.00429508,0.00627349,0.00476453,0.00521926,0.00664502,0.00522271,0.00426227,0.00409551,0.00860604,0.00397177,0.00262484,0.00577833,0.00499813,0.00405078,0.00576057,0.00360318,0.00576341,0.00221349,0.00572223,0.00264031,0.00486737,0.00386071,0.00184393,0.00168591,0.00141911,0.00188367,0.00249935,0.00424585,0.00256403,0.00249566,0.00259396,0.00301312,0.0041476,0.00808995,0.00605077,0.00670747,0.00506203,0.00705951,0.00545721,0.00626435,0.00632119,0.00361173,0.00508634,0.00853039,0.00792988,0.00394231,0.0071512,0.0091382,0.0105356,0.0102653,0.00544821,0.00166703,0.00631107,0.00559592,0.00221543,0.0021206,0.00330231,0.00296932,0.00596158,0.00545957,0.0122832,0.00900875,0.0113059,0.0116599,0.00798359,0.0079628,0.0080745,0.00774664,0.00907551,0.00798009,0.00581237,0.00442959,0.00530431,0.00416021,0.00339808,0.00307979,0.00325862,0.0042189,0.00304546,0.00416166,0.00398449,0.00399456,0.00212665,0.00377334,0.00555982,0.00434058,0.00477354,0.00580815,0.00402402,0.00357258,0.00546753,0.00618334,0.00678398,0.00362278,0.0053282,0.00182003,0.00262846,0.000632964,0.00063286,0.000975554,0.000834059,0.000832682,0.00122871,0.00219146,0.00241474
920,0.00258958,0.00295795,0.00259926,0.00245581,0.0021349,0.00175592,0.00151568,0.00129963,0.00671115,0.00560576,0.00527212,0.00683269,0.00856043,0.00824843,0.00924501,0.00950236,0.0139596,0.0118839,0.0136972,0.0116204,0.00956844,0.0100574,0.0117836,0.0261129,0.0103667,0.00947534,0.00921747,0.00909021,0.0101635,0.00712587,0.0065721,0.0065143,0.00548545,0.00552675,0.00498297,0.00263554,0.00557911,0.00276379,0.00297209,0.00349115,0.00348957,0.00447536,0.0057457,0.00654489,0.00855975,0.00780121,0.010203,0.00876287,0.00863041,0.0108969,0.00718729,0.00740756,0.00610334,0.00536382,0.00632273,0.00566237,0.00454497,0.0050869,0.00373569,0.00592414,0.00397671,0.00309225,0.00420262,0.00421211,0.00719574,0.00393472,0.00555445,0.00539871,0.00532916,0.00554442,0.00787563,0.00562998,0.00403419,0.00459637,0.00563367,0.00350257,0.00437921,0.00647911,0.00497393,0.00482876,0.00500893,0.00602555,0.00455332,0.00390889,0.005399,0.00345327,0.00450895,0.0045214,0.00207334,0.00216624,0.00192815,0.00245258,0.00428145,0.00432294,0.00567352,0.00399013,0.0056642,0.00621724,0.00702894,0.00820345,0.00726856,0.00817975,0.00685143,0.00948507,0.00813105,0.00857588,0.0104217,0.00749684,0.0100662,0.00540474,0.00691064,0.00520376,0.00905415,0.00661249,0.00709448,0.00845102,0.00496776,0.00264318,0.00910709,0.00940696,0.0031277,0.00297183,0.00432217,0.00372994,0.0081487,0.00829599,0.00957059,0.00737318,0.0113796,0.0106659,0.00864159,0.0071212,0.00784166,0.0116858,0.00569687,0.00542482,0.0052249,0.00412382,0.00629218,0.0035153,0.00278251,0.00264388,0.00318009,0.00371737,0.00290616,0.00278385,0.00367882,0.00455094,0.00224017,0.00394067,0.00361992,0.00453521,0.00411548,0.00740287,0.0059574,0.00344751,0.00648359,0.0058219,0.00521844,0.00409324,0.00385961,0.0021689,0.00234142,0.000694136,0.000831478,0.000819016,0.00077342,0.00101395,0.00118922,0.00206408,0.00250122
921,0.00287588,0.00328337,0.00288564,0.00266408,0.0021876,0.00151313,0.00114678,0.00105256,0.00965309,0.00793864,0.00829225,0.00831402,0.00916565,0.0107581,0.0109347,0.014889,0.00841755,0.013019,0.00888491,0.0124042,0.0115895,0.00949461,0.0115529,0.0103667,0.021009,0.0115977,0.0126615,0.00974336,0.00721704,0.0101825,0.00771135,0.00677802,0.00495571,0.00501344,0.00553229,0.00364721,0.00610671,0.00359811,0.00419808,0.00340241,0.00355122,0.00872137,0.0135364,0.00897006,0.0120616,0.00912069,0.00824219,0.00947492,0.00971226,0.0101176,0.00765579,0.00901576,0.00542821,0.00809647,0.00512232,0.00612051,0.00436943,0.00369604,0.00545723,0.00356225,0.00541214,0.00283868,0.00298808,0.00396253,0.0047522,0.00379356,0.00379864,0.00611143,0.0045459,0.00506016,0.00759187,0.00469413,0.00417493,0.00496155,0.00662108,0.00467297,0.00426472,0.00535037,0.00609589,0.0035434,0.00467869,0.00369004,0.0037491,0.00265202,0.00468342,0.00320484,0.00413682,0.00289999,0.0022457,0.00209344,0.00142952,0.00239317,0.00250858,0.00560527,0.00370878,0.00352773,0.00428743,0.00326093,0.00583643,0.00842973,0.00725863,0.00926196,0.00637947,0.00682119,0.0096882,0.00942278,0.00702533,0.00811011,0.00535816,0.00713019,0.00921134,0.0111263,0.00765236,0.00836924,0.00612232,0.00795921,0.00496681,0.00244723,0.00585455,0.0053339,0.00280954,0.00172659,0.00255651,0.00414866,0.00429786,0.00506189,0.0116427,0.0109791,0.00848361,0.0105556,0.00806964,0.00793206,0.00924153,0.00567241,0.00906201,0.00591121,0.00587892,0.00534673,0.00437507,0.00342549,0.00316322,0.00320231,0.00389404,0.00387152,0.0033678,0.00286116,0.00407519,0.00338434,0.00307687,0.00371987,0.00489362,0.00440612,0.00421881,0.0053328,0.00338823,0.00441344,0.00387905,0.00662074,0.00407641,0.00283721,0.00511641,0.00167809,0.00258314,0.000647631,0.000796886,0.00108372,0.00106742,0.00113945,0.00132578,0.00206304,0.00221296
922,0.00221482,0.00251832,0.00217675,0.001979,0.00156048,0.00106873,0.000865853,0.00102142,0.00672539,0.00814399,0.0105407,0.00793127,0.00969139,0.00876779,0.0112264,0.00742395,0.011793,0.00978862,0.0187888,0.0125687,0.00970592,0.00883268,0.0108389,0.00947534,0.0115977,0.0353737,0.0177525,0.00992008,0.0187974,0.0153353,0.00892797,0.00917825,0.00890567,0.00528147,0.0120885,0.00496858,0.00698544,0.00385565,0.00578544,0.00686943,0.00417435,0.00549878,0.00478147,0.00851743,0.010187,0.010928,0.0079661,0.00880239,0.00667947,0.00885315,0.00478923,0.00756726,0.00788436,0.00584079,0.00458461,0.00611442,0.00489391,0.00396435,0.00466614,0.00413432,0.00393072,0.00284165,0.00306668,0.00496815,0.00407174,0.00433924,0.00417467,0.00544676,0.00461551,0.00423137,0.00471628,0.00381981,0.00367903,0.0046658,0.00622509,0.00524288,0.00458837,0.00547353,0.00589483,0.00302398,0.00601421,0.00549323,0.00569156,0.00337765,0.0041546,0.00277215,0.00446467,0.00265859,0.00184418,0.00142543,0.00178457,0.00174262,0.00320537,0.00546848,0.0032087,0.0029744,0.00380954,0.00295088,0.00405289,0.012837,0.00642918,0.006066,0.00525128,0.00456261,0.00626397,0.00538188,0.00653264,0.00441159,0.00487058,0.00523186,0.00662012,0.00556904,0.00432406,0.00635214,0.00612773,0.00956066,0.00440413,0.00233317,0.00462834,0.00617125,0.00293476,0.00186963,0.00316946,0.00458191,0.00510946,0.00534709,0.011264,0.00689188,0.00642081,0.00684957,0.0053735,0.00782597,0.00749493,0.00840911,0.00719854,0.00544525,0.00471492,0.00757617,0.00570223,0.00619607,0.00372357,0.00324053,0.0047294,0.00419525,0.0028289,0.00502928,0.0059117,0.00599654,0.00504411,0.00374951,0.00482696,0.00512373,0.00489698,0.00535029,0.00465758,0.00277028,0.00459344,0.00487036,0.00360221,0.00417202,0.00635876,0.00230067,0.00296056,0.000680865,0.0008537,0.000971417,0.000869891,0.000771347,0.00114404,0.00247223,0.00279081
923,0.00175706,0.00189205,0.00152341,0.00130131,0.000882178,0.000703976,0.000779944,0.000998476,0.00753371,0.00607784,0.00870036,0.00612232,0.00826418,0.00856931,0.0110457,0.00825272,0.0135988,0.00663978,0.0108721,0.0110531,0.00831386,0.0240353,0.00867222,0.00921747,0.0126615,0.0177525,0.0284318,0.0122333,0.0126664,0.00996945,0.00868381,0.00590395,0.00613255,0.00544915,0.0066205,0.00313502,0.0043301,0.00295096,0.00297373,0.00314888,0.00287653,0.00385204,0.00440486,0.00673426,0.0110713,0.0103805,0.00734174,0.0100637,0.00992816,0.00948785,0.00646614,0.0107495,0.00617678,0.00689975,0.00746294,0.00533156,0.00561437,0.00349323,0.00423834,0.00479076,0.00412748,0.0030044,0.00327106,0.00454306,0.00523685,0.0034101,0.00419745,0.00525511,0.00402557,0.00452358,0.0041636,0.00489767,0.00404542,0.00575626,0.00662571,0.00421786,0.00456641,0.00574862,0.00515224,0.00418123,0.00452087,0.00561544,0.00440975,0.00340483,0.00558399,0.00286431,0.00394336,0.00284793,0.0014732,0.00181519,0.00098722,0.00296438,0.00208829,0.00410171,0.00344119,0.00268706,0.00430773,0.00326389,0.00367562,0.00622791,0.00597155,0.00980213,0.00717082,0.00856887,0.00813686,0.00697276,0.00801817,0.00734407,0.00697637,0.0106254,0.0095251,0.0085101,0.00692898,0.00721888,0.0081619,0.0101142,0.00530976,0.00219803,0.00578475,0.00671523,0.00307202,0.00228967,0.00348542,0.00465911,0.00521242,0.00676614,0.00872421,0.0086697,0.00777365,0.0105098,0.00806604,0.00729997,0.00910231,0.0092615,0.00884707,0.00693899,0.00424986,0.0062149,0.00639265,0.00431263,0.00376378,0.00289291,0.00351867,0.00481984,0.00303915,0.0035979,0.00485745,0.00412292,0.00332834,0.0036015,0.00521087,0.00524332,0.00496945,0.00665206,0.00599468,0.00389898,0.00519431,0.00663166,0.00321476,0.00500747,0.00625919,0.00201692,0.00219013,0.000499607,0.00079048,0.00102895,0.000937492,0.00089834,0.00119187,0.00208992,0.00224649
924,0.00191455,0.00225002,0.00203618,0.00195275,0.00168793,0.00131463,0.00119958,0.00129397,0.00572043,0.0052366,0.00491519,0.00479583,0.00551482,0.00795053,0.0104159,0.00624138,0.0140487,0.00874603,0.0095334,0.00801327,0.00747563,0.00636712,0.0061244,0.00909021,0.00974336,0.00992008,0.0122333,0.0379856,0.0115973,0.0100117,0.00488159,0.00483496,0.00616288,0.00574154,0.00443318,0.00413403,0.00739957,0.00335723,0.00424742,0.00550603,0.00384332,0.00341748,0.00571215,0.00560829,0.014233,0.0112259,0.0201555,0.0127934,0.00897611,0.0135098,0.0102787,0.00834616,0.00723158,0.00599181,0.00373698,0.00390349,0.00352313,0.00376275,0.00374383,0.00276055,0.00303936,0.00301656,0.00343977,0.00367348,0.00319733,0.00266594,0.00311096,0.00442539,0.00287476,0.00275834,0.00370467,0.00534224,0.00339106,0.00506965,0.00473205,0.00318696,0.00467729,0.0056694,0.00559254,0.00375854,0.00306041,0.00328715,0.0032456,0.00300405,0.00465838,0.00383351,0.00528932,0.00407699,0.00234036,0.0023136,0.0013238,0.00194746,0.00273373,0.00418687,0.00333722,0.00335771,0.00421299,0.00627184,0.00822287,0.00514982,0.00841773,0.00611609,0.00782578,0.00606393,0.00886625,0.00650177,0.00764232,0.0147014,0.0139436,0.00913424,0.0081582,0.0226787,0.011171,0.00863569,0.00717435,0.00612672,0.00595322,0.00412686,0.00990161,0.00529583,0.00554498,0.0025998,0.00320487,0.0048387,0.00402036,0.00491189,0.010203,0.0109638,0.0132384,0.0128239,0.00847795,0.0114382,0.00953145,0.0127476,0.00658956,0.00827386,0.00497992,0.00450438,0.00524654,0.0040012,0.00359858,0.0035964,0.00325123,0.00437267,0.00301399,0.00226888,0.00419967,0.00280205,0.00301628,0.00355692,0.00388879,0.00294497,0.00346037,0.00455931,0.0039492,0.00256367,0.00243566,0.00512125,0.00312585,0.00325705,0.00411753,0.00169086,0.00345799,0.00121556,0.00189483,0.00196364,0.00180652,0.00170759,0.00141612,0.00154625,0.00166204
925,0.0013418,0.00160548,0.0015104,0.00151287,0.00142561,0.00121679,0.00103092,0.0010095,0.00498983,0.00438497,0.00741442,0.00490317,0.00669069,0.00737711,0.00700918,0.00540042,0.00711329,0.00643628,0.0115118,0.00923622,0.00705301,0.00708091,0.00660901,0.0101635,0.00721704,0.0187974,0.0126664,0.0115973,0.0254701,0.00980369,0.0047918,0.00987142,0.0147135,0.00543876,0.0151548,0.00667034,0.00619405,0.00547051,0.00630685,0.00597585,0.00716463,0.00515676,0.00566745,0.00779965,0.00907179,0.0134613,0.0115828,0.00950994,0.00907715,0.00867851,0.00634583,0.00638217,0.00817077,0.0069553,0.00491124,0.0065676,0.00514747,0.00430952,0.00613931,0.00476706,0.0045853,0.00319967,0.00344316,0.00502159,0.00397384,0.00369614,0.00410695,0.00420739,0.00454152,0.00503726,0.00500443,0.00406821,0.00392563,0.00456,0.00519032,0.0063911,0.00379692,0.00507868,0.0051694,0.00434613,0.0052281,0.00637839,0.00485393,0.00395557,0.00363319,0.00316274,0.00425773,0.00372523,0.00180714,0.0022668,0.00168894,0.00363599,0.00314842,0.00458361,0.0047833,0.00449245,0.00463154,0.00427365,0.00346948,0.00601844,0.0071722,0.00915301,0.00783542,0.00640799,0.0091438,0.00785558,0.00948056,0.00679169,0.00711123,0.0050136,0.0084095,0.00669292,0.00843226,0.00827988,0.00667549,0.00961135,0.00600639,0.00318526,0.00627216,0.00642925,0.0039095,0.00334798,0.00366008,0.00448182,0.00595308,0.00916396,0.00807017,0.00927676,0.0109747,0.00651618,0.00755234,0.00677354,0.00764043,0.0111329,0.00823723,0.00670353,0.0066577,0.00688279,0.00882589,0.0063852,0.00394743,0.00324526,0.0035179,0.00528309,0.00405766,0.0040585,0.0055515,0.00416254,0.00318018,0.00388385,0.00396559,0.00395407,0.00595054,0.0039187,0.00605672,0.00320253,0.00409367,0.00526168,0.00378369,0.00413567,0.0054798,0.00198055,0.00276218,0.000669689,0.000839208,0.000977988,0.000926485,0.00097098,0.0011412,0.00207624,0.00248795
926,0.00125752,0.00143672,0.00127037,0.00120776,0.00104739,0.00086723,0.000778444,0.000701604,0.00493866,0.0039181,0.0076968,0.00573542,0.0063619,0.00471589,0.00774164,0.00605191,0.00645003,0.0111574,0.00912292,0.00745891,0.00691848,0.00885322,0.00989409,0.00712587,0.0101825,0.0153353,0.00996945,0.0100117,0.00980369,0.0225098,0.013727,0.012102,0.00754993,0.00932035,0.00862968,0.0150222,0.00981805,0.0116951,0.00600968,0.00450982,0.0124161,0.0109057,0.00537278,0.0131981,0.0108754,0.0112997,0.00745381,0.00892056,0.0083385,0.00882004,0.00591637,0.00745535,0.005738,0.00716528,0.00485362,0.00531595,0.00426017,0.0042355,0.00492389,0.00559948,0.00385051,0.00300211,0.00297876,0.00463014,0.00378887,0.00501522,0.00489595,0.00455775,0.00552157,0.00415639,0.00501129,0.00523036,0.00453063,0.00431247,0.00656749,0.00362795,0.00441156,0.00489799,0.00391398,0.00410978,0.00640286,0.00484175,0.00504103,0.00363062,0.00344897,0.00273179,0.00376389,0.00283024,0.00242675,0.00212415,0.00214803,0.00314927,0.00332251,0.00788142,0.00209794,0.00399692,0.00401122,0.00343383,0.005148,0.0153947,0.00845321,0.00430526,0.00949914,0.00640048,0.00797058,0.00679582,0.00642887,0.00679626,0.00551782,0.00557294,0.00502518,0.00762253,0.00595407,0.00840517,0.00769895,0.00754662,0.00478082,0.00285873,0.00620744,0.00417704,0.00241789,0.00241269,0.00236019,0.00327302,0.00464566,0.00539619,0.0089182,0.00926147,0.00785058,0.00701924,0.00751164,0.00874605,0.00749259,0.0063386,0.00929555,0.0063701,0.00454461,0.00523068,0.00418636,0.00578312,0.00305992,0.0035022,0.00743765,0.00386161,0.0044085,0.00928923,0.00550624,0.00475717,0.00678086,0.00365996,0.00429052,0.00642278,0.00405419,0.00613088,0.00523632,0.00429137,0.00505613,0.00593742,0.00451514,0.00565817,0.00490042,0.00329273,0.00278347,0.000685293,0.000752276,0.00106284,0.000978197,0.000934418,0.00105684,0.00179957,0.00202079
927,0.00213218,0.00245049,0.00213606,0.00194885,0.00149612,0.000920183,0.00069965,0.000676098,0.00463105,0.00420467,0.00321311,0.00290789,0.0026831,0.00386566,0.00495057,0.00405042,0.00604029,0.00592713,0.00259137,0.00601698,0.00458838,0.00908154,0.00426068,0.0065721,0.00771135,0.00892797,0.00868381,0.00488159,0.0047918,0.013727,0.0500366,0.0187482,0.0116736,0.00835854,0.0112318,0.020449,0.00737452,0.0148847,0.0123587,0.00812078,0.0265924,0.0142592,0.00620221,0.00575898,0.00503349,0.00799723,0.00492072,0.00441545,0.00589152,0.00533551,0.00413252,0.00429435,0.00605948,0.00582934,0.00463797,0.00583584,0.00704537,0.00502392,0.00562519,0.0123294,0.00274457,0.00279206,0.00588547,0.0052927,0.0092186,0.0111821,0.00592868,0.0034022,0.00962401,0.00490443,0.00365353,0.00509127,0.00554299,0.00621369,0.00337201,0.00470357,0.00577578,0.00293233,0.0041891,0.00441417,0.00433543,0.00319911,0.00590091,0.00872171,0.00330133,0.00174773,0.00260715,0.00278304,0.00148678,0.00156336,0.00112056,0.00132861,0.00160338,0.00240739,0.00259601,0.00197795,0.00260177,0.00251024,0.00318082,0.00358162,0.00286763,0.00480282,0.00327887,0.00380658,0.00623472,0.00542871,0.00570593,0.00515763,0.00242639,0.00361855,0.00542453,0.0064722,0.00383069,0.00570774,0.00296518,0.00485069,0.004555,0.00507936,0.00331243,0.00520865,0.00276099,0.00178292,0.00261749,0.00513293,0.00519244,0.0041721,0.00599424,0.00447804,0.00348824,0.00646251,0.00449958,0.00385106,0.00490997,0.0056466,0.00482049,0.00637596,0.00723166,0.00647615,0.00506799,0.010461,0.0045391,0.00507414,0.0228857,0.00328934,0.0062537,0.030106,0.00422547,0.00765598,0.0245047,0.00488362,0.00246783,0.0129027,0.00472009,0.00425541,0.00710248,0.00485304,0.0100298,0.00347777,0.00525663,0.00612159,0.00387109,0.00778305,0.0027437,0.000795612,0.000768263,0.000767308,0.000986598,0.000800683,0.000697207,0.000676263,0.000705738
928,0.00108243,0.0012656,0.00115868,0.00113843,0.00108886,0.000956575,0.000947145,0.000900815,0.0053285,0.00463921,0.00447129,0.00482891,0.004663,0.00521521,0.0053227,0.00615894,0.00521061,0.00782773,0.00478695,0.00579256,0.00507418,0.00702003,0.00594442,0.0065143,0.00677802,0.00917825,0.00590395,0.00483496,0.00987142,0.012102,0.0187482,0.0269866,0.0159031,0.00490157,0.0184407,0.00774856,0.00787435,0.00438811,0.00514408,0.00625379,0.00679801,0.00943219,0.00939561,0.0111653,0.00644029,0.00455877,0.00597833,0.00616766,0.00641562,0.00630957,0.00535611,0.00609765,0.0107524,0.00764615,0.00710038,0.00953542,0.00767992,0.00677007,0.00779505,0.00727056,0.00418463,0.00485626,0.00637628,0.00707826,0.00541916,0.00621279,0.00427636,0.0059822,0.00800562,0.00641461,0.005693,0.00554843,0.00573902,0.00523514,0.00454414,0.00804431,0.00667015,0.00429095,0.00524533,0.00436636,0.00514605,0.00495186,0.00469994,0.00472045,0.00307936,0.00280704,0.00399652,0.0034867,0.00250494,0.00224141,0.00246394,0.00260566,0.00317566,0.00647536,0.00265853,0.00375745,0.00399314,0.00334979,0.00322674,0.0144924,0.00584025,0.00488525,0.00656767,0.00459191,0.00576817,0.0045314,0.00495474,0.00410992,0.00482578,0.00511716,0.0047672,0.00381558,0.00441142,0.00533367,0.00653351,0.0047691,0.00445064,0.0035396,0.00576465,0.00623773,0.0021398,0.00293193,0.00240675,0.00432605,0.00618221,0.00895312,0.0073744,0.0072242,0.00390252,0.00591356,0.00537548,0.0052211,0.00434469,0.00492981,0.00594534,0.00614146,0.00606863,0.00705051,0.00947926,0.0072994,0.00434214,0.00440362,0.0113661,0.00622919,0.0065098,0.0166135,0.00820142,0.00501651,0.0139962,0.00588342,0.0051271,0.00958898,0.00571729,0.00530265,0.00832572,0.00634672,0.0084208,0.00723859,0.00622155,0.00783411,0.00681853,0.00516755,0.00396483,0.000968791,0.00083624,0.000993942,0.000949184,0.000820122,0.000944343,0.00131146,0.00143822
929,0.0014038,0.00173852,0.00170791,0.00178355,0.0018199,0.00161993,0.00144165,0.0013672,0.00535395,0.00442784,0.00398282,0.00334228,0.00351313,0.00467147,0.00528857,0.00376487,0.00379396,0.00359528,0.00438457,0.00397261,0.00450096,0.00479875,0.00644085,0.00548545,0.00495571,0.00890567,0.00613255,0.00616288,0.0147135,0.00754993,0.0116736,0.0159031,0.0606476,0.099477,0.0443351,0.0216992,0.00733265,0.0298983,0.0256983,0.0135122,0.0375361,0.015619,0.00726386,0.00694209,0.00547892,0.00459307,0.00491784,0.00495245,0.00766918,0.00446595,0.00312404,0.00449276,0.00957051,0.00588807,0.00465624,0.00741418,0.00438507,0.00415335,0.00580003,0.00362567,0.00402013,0.00406807,0.00414867,0.00503892,0.00289679,0.00371192,0.00303802,0.0050895,0.00544821,0.00651077,0.00306266,0.00252598,0.00378387,0.00399415,0.00387656,0.00854038,0.00405206,0.00286444,0.00573778,0.00243989,0.00288768,0.00357018,0.00352135,0.00242717,0.00335709,0.00240465,0.00452057,0.00462031,0.00134897,0.00174824,0.00152469,0.00170552,0.00141342,0.00137759,0.00137943,0.00125051,0.00149923,0.00139916,0.00156183,0.00199557,0.00246698,0.00290307,0.00214982,0.00209225,0.00212261,0.00225689,0.00319366,0.00247683,0.00360631,0.00367552,0.00312289,0.00294806,0.00268472,0.00280106,0.003574,0.00475192,0.00394951,0.00212942,0.00238653,0.00546365,0.00252872,0.00374021,0.0030864,0.00429787,0.00530378,0.00959785,0.00609357,0.00382967,0.00427065,0.00348365,0.00319796,0.00280656,0.0030321,0.00432917,0.00311752,0.0037628,0.00448294,0.00523962,0.00971288,0.00347639,0.00815183,0.00560318,0.00404244,0.00475282,0.00388111,0.00536712,0.00554127,0.00249302,0.00281984,0.00272963,0.00268172,0.00472191,0.00606553,0.00292981,0.00574306,0.00352014,0.00347062,0.00416209,0.00369782,0.00506091,0.00517796,0.0029166,0.00282116,0.000688844,0.000571133,0.000650891,0.000604637,0.000668705,0.000831421,0.000815024,0.000964331
930,0.00165244,0.00199746,0.00187581,0.00186947,0.00173255,0.00138202,0.00120878,0.00112117,0.00417083,0.00346822,0.00246788,0.00217489,0.00243145,0.00316707,0.00349364,0.00302702,0.0034203,0.00469791,0.00232719,0.00411605,0.00391038,0.00523908,0.00410613,0.00552675,0.00501344,0.00528147,0.00544915,0.00574154,0.00543876,0.00932035,0.00835854,0.00490157,0.099477,0.310294,0.0794841,0.012578,0.0158334,0.0524816,0.0291914,0.00830533,0.00963221,0.00497911,0.00329054,0.0037909,0.00303668,0.00371338,0.00363324,0.00359261,0.0131039,0.00369378,0.00216238,0.00286164,0.00287961,0.00297255,0.00240981,0.00266923,0.00159281,0.00155142,0.00186049,0.00182013,0.00180038,0.00154818,0.00135859,0.0014939,0.00161814,0.00171118,0.00188915,0.00184885,0.00177823,0.00163045,0.00208267,0.00152948,0.00151971,0.00142481,0.00207847,0.0017001,0.0017014,0.00146879,0.00148607,0.00126698,0.00130266,0.00129666,0.00133642,0.0014951,0.00132542,0.00161155,0.00295573,0.00273228,0.00120748,0.00124673,0.00110108,0.000926421,0.00126129,0.00166379,0.00138084,0.00103631,0.00122035,0.00132611,0.0020784,0.00326987,0.00224395,0.00299894,0.00159152,0.00218046,0.00268463,0.00232344,0.00343048,0.00205022,0.00217819,0.00218912,0.0028353,0.00282953,0.00196313,0.00239492,0.00214367,0.00338674,0.00321425,0.00177681,0.00201305,0.00280176,0.00230544,0.00202019,0.00274634,0.00315228,0.00286061,0.00246904,0.00357925,0.00198035,0.00379369,0.00333783,0.00244008,0.0023292,0.00294374,0.00290733,0.00176164,0.0017079,0.00177799,0.00171726,0.00141653,0.00127989,0.00175166,0.00135012,0.00152583,0.00103146,0.000902259,0.00140538,0.00117784,0.00108231,0.00137519,0.00112382,0.00104129,0.00130522,0.00135632,0.00168006,0.00142969,0.00126402,0.00158015,0.00171467,0.00154359,0.00153316,0.00128782,0.00123084,0.00139262,0.000393322,0.000371319,0.000310526,0.00024761,0.000429685,0.000498985,0.000545477,0.000670077
931,0.000712085,0.000787625,0.000689164,0.000652862,0.000606847,0.000620089,0.000598089,0.000719606,0.0052248,0.00398663,0.00564155,0.00456961,0.00418392,0.00495094,0.00742615,0.00497405,0.00392009,0.00530379,0.00566969,0.00549307,0.00522732,0.0049036,0.0071998,0.00498297,0.00553229,0.0120885,0.0066205,0.00443318,0.0151548,0.00862968,0.0112318,0.0184407,0.0443351,0.0794841,0.0451571,0.012128,0.00670157,0.0162887,0.0154911,0.0113143,0.0120801,0.00796432,0.00407448,0.00549602,0.0051169,0.00652389,0.00418311,0.00372197,0.00730007,0.00317226,0.00377032,0.00466259,0.0106399,0.00652775,0.00471094,0.00863837,0.0053268,0.00508577,0.00761286,0.00519146,0.00444442,0.00335109,0.00440412,0.0063161,0.00356875,0.00562671,0.00394906,0.00559912,0.00719302,0.00903379,0.00359676,0.00352089,0.00543403,0.00553952,0.0042268,0.0116232,0.00405179,0.00347642,0.00749259,0.00331148,0.00417252,0.00668131,0.00505012,0.00351894,0.00348151,0.00197124,0.00210022,0.00204908,0.00129632,0.00157333,0.00168106,0.00196755,0.00221304,0.00249413,0.00203107,0.00213057,0.00189368,0.00196019,0.00233611,0.00402637,0.00334855,0.00450753,0.00275921,0.00227973,0.00366089,0.00352495,0.00435394,0.00304199,0.00436026,0.00383652,0.00352321,0.00289152,0.00360495,0.00374498,0.00359089,0.00429365,0.00375253,0.00216195,0.00387265,0.00651883,0.00173564,0.00304279,0.00182423,0.0035242,0.00564046,0.0120946,0.00824684,0.00667932,0.00328155,0.00402891,0.00395979,0.00329527,0.003483,0.00469518,0.00561858,0.00560778,0.00562767,0.00652512,0.012327,0.00504566,0.00491312,0.00413173,0.0071155,0.00618949,0.00551562,0.00993826,0.00700468,0.00340678,0.00576867,0.00425601,0.00459214,0.00796219,0.00818982,0.00342389,0.00800792,0.00467148,0.0058278,0.00568722,0.00563869,0.00653149,0.00653337,0.0029484,0.00211787,0.000390717,0.000387136,0.000627505,0.000684983,0.0005035,0.000677279,0.00104395,0.00113686
932,0.000686249,0.000848807,0.000831755,0.000856122,0.000875357,0.000745738,0.000680292,0.000741808,0.00316822,0.0036077,0.00283058,0.00360418,0.00386583,0.00415981,0.00263615,0.00153599,0.00147239,0.00170481,0.00234579,0.00251149,0.00235183,0.00272021,0.00240722,0.00263554,0.00364721,0.00496858,0.00313502,0.00413403,0.00667034,0.0150222,0.020449,0.00774856,0.0216992,0.012578,0.012128,0.129293,0.0692794,0.110195,0.0234217,0.00883368,0.0976758,0.0613857,0.0137543,0.00973617,0.0049593,0.00329483,0.00445308,0.00272724,0.00306563,0.0022605,0.00164092,0.00269277,0.00395935,0.00358382,0.00295311,0.00324973,0.00337092,0.00294751,0.00289034,0.00373173,0.00248371,0.00300438,0.0024145,0.00281848,0.00361377,0.00358477,0.00305071,0.00233854,0.0036724,0.00285036,0.00202614,0.00234876,0.00278488,0.00300746,0.0019744,0.00331821,0.00229656,0.00135291,0.00260778,0.00190177,0.00198436,0.00244512,0.00265191,0.00339653,0.00187489,0.0013596,0.00169866,0.00162784,0.00109038,0.0014536,0.00131398,0.00151909,0.00131327,0.0013469,0.000960634,0.00109138,0.000916034,0.0010806,0.00127557,0.00172053,0.0019294,0.00167258,0.00160275,0.00143165,0.00234038,0.00138231,0.00206031,0.00228709,0.00214422,0.00265231,0.00213942,0.00207141,0.00161961,0.00167267,0.00232972,0.00233196,0.00246667,0.0021003,0.00217567,0.00251459,0.00128237,0.00142159,0.00135048,0.00245085,0.00305814,0.00313639,0.00258544,0.00277266,0.00250098,0.0021158,0.00194277,0.00164297,0.00204514,0.00280423,0.00240972,0.00274237,0.00401479,0.00310999,0.00304957,0.00411649,0.00905907,0.00680709,0.00608587,0.00240445,0.00295157,0.00633971,0.00279801,0.00294716,0.00449765,0.00251207,0.00176012,0.00315067,0.00283053,0.00190076,0.00335566,0.00329517,0.00356435,0.00320592,0.00259559,0.0023036,0.00222793,0.00324996,0.00198537,0.000556642,0.000501644,0.000531793,0.000544944,0.000395637,0.000363917,0.000411347,0.000456839
933,0.00195744,0.00236495,0.0022187,0.00219183,0.00200074,0.00149004,0.00120316,0.00108728,0.00473794,0.00439416,0.0040058,0.00434852,0.00427055,0.00442975,0.00446038,0.00318414,0.00294308,0.00616427,0.003884,0.00477019,0.00386859,0.00405028,0.00474735,0.00557911,0.00610671,0.00698544,0.0043301,0.00739957,0.00619405,0.00981805,0.00737452,0.00787435,0.00733265,0.0158334,0.00670157,0.0692794,0.110548,0.111906,0.0336348,0.0245712,0.0235091,0.0153334,0.00882011,0.0100227,0.00460837,0.00460096,0.00805255,0.00569634,0.00569875,0.00590552,0.00346334,0.00447454,0.00461325,0.00455551,0.00452012,0.00400151,0.00316894,0.00313718,0.00384853,0.00293232,0.00317056,0.00291201,0.0028199,0.00336399,0.00319161,0.00333204,0.00325726,0.0033029,0.00323492,0.00314465,0.00306234,0.00324567,0.00312984,0.00307737,0.00413911,0.00306518,0.00262888,0.0026806,0.00310234,0.00236403,0.00237967,0.00258973,0.00272833,0.00294377,0.00282333,0.0026045,0.00408149,0.0037178,0.00216175,0.00204344,0.0017592,0.0012219,0.00167284,0.00335136,0.00189557,0.00238285,0.0019271,0.00194172,0.00268581,0.00730709,0.00360143,0.00296621,0.00297766,0.00260866,0.00562089,0.00286412,0.00499227,0.00354503,0.00415038,0.00446306,0.00398882,0.0042529,0.0035318,0.00307785,0.00560155,0.00372208,0.00278463,0.00258342,0.00348762,0.00353847,0.0022439,0.00174648,0.00273378,0.00431123,0.00443315,0.00332113,0.00445942,0.00357864,0.00527192,0.00356828,0.00321691,0.003516,0.00419295,0.00511555,0.00407965,0.00378152,0.00303184,0.00300573,0.00349388,0.00279495,0.00350979,0.00322745,0.00349353,0.0028895,0.00300146,0.00343123,0.00307931,0.00262267,0.0029579,0.00335209,0.00318202,0.00349602,0.00330999,0.00304529,0.00331331,0.00337798,0.0043438,0.00501325,0.00331777,0.00254984,0.00267271,0.00348759,0.00499376,0.0014886,0.00136619,0.00133796,0.00101776,0.000807563,0.000713847,0.000767225,0.000927203
934,0.000560338,0.000699911,0.000699932,0.000745383,0.000813288,0.000794449,0.000826535,0.000954366,0.0036954,0.00387304,0.00297667,0.00329812,0.0032411,0.00344498,0.00240487,0.00191011,0.00194261,0.00224202,0.0020762,0.00250288,0.00250573,0.00291894,0.00250241,0.00276379,0.00359811,0.00385565,0.00295096,0.00335723,0.00547051,0.0116951,0.0148847,0.00438811,0.0298983,0.0524816,0.0162887,0.110195,0.111906,0.148839,0.0407888,0.0131687,0.0686923,0.0355441,0.0095085,0.00682942,0.0036656,0.00236053,0.00244111,0.00226708,0.00443104,0.00279903,0.00223177,0.00257826,0.00283674,0.00278948,0.00288866,0.00291392,0.00276693,0.00236817,0.00231597,0.00222278,0.0024963,0.00297113,0.00233788,0.00221308,0.00244604,0.00236388,0.00250932,0.00230472,0.00261665,0.0024723,0.00231908,0.00222342,0.00227945,0.00229559,0.00217911,0.00251518,0.00208219,0.00167251,0.00181259,0.00171842,0.00160875,0.00182919,0.00204812,0.002245,0.00230812,0.00261792,0.00348569,0.0028399,0.000904356,0.00116255,0.00105233,0.00104678,0.000841153,0.000942703,0.000767691,0.00106114,0.00110517,0.000979822,0.000973479,0.00136082,0.00121883,0.0013828,0.00127871,0.00114443,0.00149306,0.00113473,0.00134411,0.00129619,0.00129309,0.00141288,0.00140839,0.00140347,0.00116135,0.00141274,0.00138926,0.00188216,0.00172557,0.00113536,0.00149136,0.00161852,0.0013366,0.00166361,0.00180263,0.00247716,0.00258226,0.00204593,0.00206485,0.00187693,0.00142047,0.00203763,0.00201811,0.00203251,0.00236233,0.00239961,0.00212267,0.00223046,0.0032124,0.00216744,0.00209902,0.00247385,0.00740186,0.00516688,0.00273617,0.00163927,0.002119,0.00338946,0.00221697,0.00216257,0.00258172,0.00208228,0.00178548,0.00194359,0.00209396,0.00188411,0.00221401,0.00247047,0.00230322,0.00234995,0.00246914,0.00257096,0.00243238,0.00255235,0.00203113,0.000538804,0.00040092,0.000349371,0.000280912,0.000539233,0.000613452,0.000481723,0.000523981
935,0.000558008,0.000683325,0.000672528,0.000703238,0.000773952,0.000745736,0.000767508,0.000884682,0.00384792,0.004139,0.00272984,0.00403079,0.00428914,0.0047947,0.00325608,0.00194118,0.00232484,0.00249123,0.00238063,0.00250303,0.00227635,0.00306589,0.0031468,0.00297209,0.00419808,0.00578544,0.00297373,0.00424742,0.00630685,0.00600968,0.0123587,0.00514408,0.0256983,0.0291914,0.0154911,0.0234217,0.0336348,0.0407888,0.152136,0.188695,0.0494141,0.027599,0.0175467,0.00772842,0.0065254,0.00280081,0.00357814,0.00300295,0.00382431,0.0028592,0.00245741,0.00302753,0.00310543,0.00337902,0.00286853,0.00292778,0.00285237,0.00274239,0.00267372,0.00276488,0.00281435,0.00297412,0.00223868,0.00243845,0.00264827,0.00261545,0.00285043,0.00282836,0.00285736,0.00238879,0.00268056,0.00239052,0.00206188,0.0023105,0.0028325,0.00251072,0.00276677,0.00236357,0.00262028,0.00187158,0.00205135,0.00227062,0.00198477,0.00208234,0.00225086,0.00238872,0.00342525,0.0027029,0.000846108,0.00100735,0.000823512,0.00108751,0.00102472,0.00146744,0.000899183,0.00133211,0.00130856,0.00135946,0.00112984,0.00199886,0.00166456,0.00134526,0.0019316,0.00171507,0.00214098,0.00155662,0.00164733,0.0023723,0.00140293,0.00193096,0.00191698,0.00214648,0.00169129,0.00186826,0.00181318,0.00209432,0.00202382,0.00131221,0.00179048,0.0017861,0.00132961,0.00166711,0.00169854,0.00212666,0.00232636,0.00232809,0.00212955,0.00246138,0.00182388,0.00226356,0.0024045,0.00214322,0.00235544,0.00255645,0.00242724,0.00236934,0.00305203,0.00195742,0.0023571,0.00242128,0.00645013,0.00441573,0.00313011,0.00159284,0.00221732,0.0040484,0.00232229,0.00283735,0.00349201,0.00257075,0.00181374,0.00262255,0.00240174,0.00247346,0.00232513,0.00234506,0.00277756,0.00273991,0.00254819,0.00285458,0.00226735,0.00247375,0.00191599,0.000518855,0.000441907,0.00044671,0.00041023,0.000612935,0.000699442,0.000785007,0.000857728
936,0.00119161,0.0014802,0.00143915,0.00148224,0.00144995,0.00119635,0.00104857,0.000950739,0.00309654,0.00283734,0.00239164,0.0019835,0.00189854,0.00215632,0.0024092,0.00223398,0.00232902,0.00302842,0.00221166,0.00261097,0.00237695,0.00269246,0.00294169,0.00349115,0.00340241,0.00686943,0.00314888,0.00550603,0.00597585,0.00450982,0.00812078,0.00625379,0.0135122,0.00830533,0.0113143,0.00883368,0.0245712,0.0131687,0.188695,0.260712,0.0399654,0.0257767,0.00934305,0.00706371,0.00445544,0.00429353,0.00593855,0.00426608,0.00423764,0.00447348,0.00324913,0.00307576,0.00327152,0.00308557,0.00307563,0.00262818,0.00239069,0.00248964,0.00292723,0.00300228,0.00243364,0.00263865,0.00238764,0.00260455,0.00258882,0.00275172,0.0023245,0.00255201,0.00285422,0.00273181,0.00220029,0.00219604,0.00232397,0.00213238,0.00258207,0.00229457,0.00215759,0.0020068,0.00260685,0.00207034,0.00154159,0.00157613,0.00167579,0.00217593,0.00216426,0.00210159,0.00339943,0.00307951,0.000972244,0.000899262,0.000700906,0.000553198,0.000700765,0.0016048,0.00092389,0.00099677,0.000970033,0.000872318,0.00109113,0.00362015,0.00177285,0.00118913,0.00183105,0.00176954,0.00318731,0.00214541,0.00241712,0.00226392,0.00197783,0.00291794,0.00274365,0.0032419,0.00214615,0.00152685,0.0028727,0.00250507,0.00198209,0.00162142,0.00168004,0.00156016,0.00145406,0.00165381,0.00232476,0.00301714,0.00287246,0.00162472,0.00183077,0.00177798,0.00320567,0.00197988,0.00217043,0.00224248,0.00314078,0.00334735,0.00206471,0.00202495,0.00224992,0.00222958,0.00243835,0.00206519,0.00428715,0.00323059,0.00300322,0.00179188,0.00193869,0.00367547,0.00235034,0.00235539,0.00313353,0.00238149,0.00194479,0.00277755,0.00241317,0.00207341,0.00191154,0.00197486,0.00284158,0.00352714,0.00280084,0.00258603,0.00231945,0.00302598,0.00367937,0.00109416,0.000964282,0.000948849,0.000723881,0.000589872,0.000547544,0.000520702,0.000625176
937,0.00119662,0.00149804,0.00147911,0.00154352,0.00154936,0.00129805,0.00109211,0.000952866,0.00323591,0.00278645,0.00242842,0.00256115,0.00264569,0.00308052,0.00278781,0.00204269,0.00189577,0.00237403,0.00222913,0.00259643,0.00240958,0.00262557,0.00311958,0.00348957,0.00355122,0.00417435,0.00287653,0.00384332,0.00716463,0.0124161,0.0265924,0.00679801,0.0375361,0.00963221,0.0120801,0.0976758,0.0235091,0.0686923,0.0494141,0.0399654,0.132921,0.0638199,0.00922976,0.0127973,0.0054775,0.00375893,0.00606595,0.0040337,0.00586885,0.00531375,0.00291571,0.00356649,0.00389366,0.00415895,0.00341928,0.00307623,0.00301608,0.00311326,0.00349255,0.00312492,0.00280571,0.00295498,0.00229663,0.0024465,0.00264309,0.00282063,0.00260767,0.00252963,0.00286843,0.00283334,0.00290104,0.00258824,0.00242241,0.00207999,0.00209744,0.00225169,0.00191314,0.00182506,0.00223336,0.00196837,0.00156701,0.00174515,0.00169999,0.00195521,0.00203173,0.00193232,0.0029493,0.00266571,0.000845206,0.00100993,0.000751377,0.000890206,0.000752537,0.00111909,0.000982596,0.00105862,0.000959538,0.000940565,0.00106415,0.00139135,0.00129661,0.00117896,0.00138621,0.00169335,0.0038396,0.00187651,0.00249742,0.00148468,0.00221559,0.00294168,0.00217622,0.00213741,0.00218829,0.00163481,0.00363558,0.0023545,0.00197224,0.00168011,0.00227507,0.00212314,0.00135657,0.00173627,0.00239818,0.0034705,0.00356197,0.00244018,0.00255247,0.00213571,0.00368266,0.00252087,0.00249156,0.00232751,0.00291889,0.00407991,0.00273826,0.00302063,0.00474965,0.00311649,0.00315122,0.0022665,0.00858881,0.00478502,0.00249482,0.00201644,0.00267385,0.00448765,0.0026503,0.0024052,0.00309653,0.00286001,0.00296466,0.00308521,0.00264964,0.00196228,0.00189677,0.00250757,0.0035204,0.00419861,0.00333602,0.00339139,0.00272281,0.00330627,0.00403659,0.0011656,0.000959652,0.000927231,0.000659722,0.000505772,0.000480778,0.000485948,0.000572425
938,0.00134277,0.00163153,0.00159016,0.00160996,0.00169237,0.00137334,0.00112875,0.00113058,0.00691177,0.00747728,0.00348059,0.00879987,0.0103227,0.011837,0.00689975,0.00369247,0.00296297,0.00391816,0.00452282,0.00425349,0.00415335,0.00425807,0.00372812,0.00447536,0.00872137,0.00549878,0.00385204,0.00341748,0.00515676,0.0109057,0.0142592,0.00943219,0.015619,0.00497911,0.00796432,0.0613857,0.0153334,0.0355441,0.027599,0.0257767,0.0638199,0.0562679,0.0421336,0.0160901,0.0094945,0.00450889,0.00778842,0.00646088,0.00640469,0.0057068,0.00407683,0.00545819,0.00587577,0.00469222,0.00504224,0.00425391,0.00387502,0.004799,0.00567069,0.00427796,0.00575903,0.00447816,0.00319444,0.00362098,0.00409085,0.00414114,0.00476908,0.00397097,0.00347941,0.00315957,0.00415426,0.00398588,0.0033365,0.00398825,0.00485985,0.00428071,0.00383605,0.00318312,0.00453046,0.00303191,0.00342328,0.00356467,0.00302985,0.00252146,0.00297454,0.00197274,0.0035077,0.003191,0.00151607,0.00163305,0.00145606,0.0017616,0.00186843,0.00330762,0.00145507,0.00275215,0.00239595,0.00200583,0.00205087,0.00597711,0.00357713,0.00249233,0.00307822,0.00291426,0.00420249,0.0027716,0.00345637,0.00454328,0.00298651,0.00344154,0.00350176,0.00293768,0.00271113,0.0032446,0.00390407,0.0044512,0.0027848,0.00218903,0.003275,0.00361122,0.00196651,0.00221054,0.00201867,0.00329022,0.00386956,0.00377091,0.00490755,0.00465074,0.00360168,0.00432012,0.00363913,0.00342487,0.00356352,0.00390768,0.00484404,0.00528291,0.00436312,0.00327019,0.00345322,0.00247627,0.00383076,0.00335482,0.00392111,0.00275384,0.00327829,0.00427018,0.00371515,0.00434879,0.00707257,0.00601376,0.00368769,0.00405625,0.00311406,0.00346847,0.00385773,0.00573869,0.00574852,0.00485594,0.00447809,0.00388296,0.00361197,0.00377698,0.00356317,0.000983297,0.000834096,0.000833198,0.000723531,0.000798705,0.000833039,0.00101024,0.00112721
939,0.0012356,0.00142764,0.00132985,0.00122307,0.00130367,0.000882652,0.000701068,0.00120386,0.0100226,0.0135933,0.00407589,0.0163912,0.019176,0.023189,0.00942855,0.00230029,0.00277198,0.0037241,0.00588705,0.00360157,0.0042685,0.00368277,0.00338946,0.0057457,0.0135364,0.00478147,0.00440486,0.00571215,0.00566745,0.00537278,0.00620221,0.00939561,0.00726386,0.00329054,0.00407448,0.0137543,0.00882011,0.0095085,0.0175467,0.00934305,0.00922976,0.0421336,0.0845832,0.0211172,0.0150704,0.00604732,0.0104896,0.00971435,0.00641358,0.00880668,0.00559389,0.00722323,0.00673912,0.00608634,0.00618335,0.00501894,0.00431084,0.00649196,0.00759166,0.00529736,0.00856284,0.00571095,0.00374609,0.00395522,0.00539949,0.00512141,0.00662455,0.00507493,0.0039158,0.0034233,0.00623167,0.00546633,0.00376139,0.00566056,0.00616019,0.00521819,0.00464301,0.00314576,0.00561121,0.00436346,0.00451576,0.00385922,0.00342696,0.00306563,0.00414043,0.00215824,0.00363957,0.00347849,0.00164333,0.00194856,0.00146262,0.0021647,0.00208946,0.00311191,0.00211225,0.00306372,0.00282491,0.00219082,0.00270746,0.00401463,0.00406191,0.00407998,0.00356041,0.00527557,0.00506331,0.00406606,0.00455131,0.00703653,0.00531658,0.00418251,0.00650712,0.00504971,0.00511737,0.00324388,0.00326553,0.00573605,0.00323862,0.00268965,0.00385072,0.00475982,0.00210663,0.00251715,0.00212102,0.00360201,0.00380695,0.00558491,0.004667,0.00633484,0.00608891,0.0062254,0.00577082,0.00474854,0.00496203,0.00602044,0.00543146,0.0065391,0.00457079,0.00374619,0.00376003,0.00268769,0.00268616,0.00377235,0.00508946,0.00228338,0.00339039,0.00396178,0.00347767,0.00546586,0.0106364,0.0076018,0.00328957,0.00437021,0.00381363,0.00453833,0.00426086,0.00794329,0.00681195,0.00533178,0.00564727,0.00397704,0.00316873,0.003373,0.00275343,0.000776687,0.000754219,0.000791984,0.000797881,0.000953167,0.00101662,0.00123261,0.00130071
940,0.00112148,0.00128603,0.00113644,0.00106882,0.000972033,0.00075249,0.000753021,0.000714162,0.00459006,0.00507383,0.00516163,0.00785813,0.00823528,0.0068481,0.00564816,0.00310486,0.00489367,0.00933514,0.00574577,0.0069256,0.00412801,0.0069309,0.00902597,0.00654489,0.00897006,0.00851743,0.00673426,0.00560829,0.00779965,0.0131981,0.00575898,0.0111653,0.00694209,0.0037909,0.00549602,0.00973617,0.0100227,0.00682942,0.00772842,0.00706371,0.0127973,0.0160901,0.0211172,0.025911,0.013475,0.0173693,0.00980849,0.00989547,0.0119481,0.0105975,0.009648,0.0080246,0.00519142,0.00718311,0.00654078,0.0049235,0.00478343,0.00476553,0.00431758,0.00455003,0.00495135,0.00429429,0.00313184,0.00407841,0.0042878,0.0037518,0.00439608,0.00536497,0.00437997,0.00397309,0.00601235,0.00423145,0.00381269,0.00409504,0.00722821,0.00357391,0.00343827,0.00478031,0.00434436,0.00443597,0.00481025,0.00463128,0.00333468,0.00268524,0.00337037,0.00247514,0.00414709,0.00313439,0.00299212,0.00251734,0.00286529,0.00322042,0.00433295,0.0088714,0.00290296,0.00428818,0.00472579,0.00371361,0.00464718,0.0205564,0.0104865,0.00551296,0.0102134,0.00710064,0.0123175,0.00923278,0.00815018,0.0103549,0.00681617,0.00876574,0.00663038,0.00733171,0.00845333,0.00811502,0.00889631,0.00691818,0.00457699,0.00321702,0.00763256,0.00528966,0.00197037,0.00235482,0.00295044,0.00394111,0.00593838,0.00593299,0.00748624,0.00937844,0.00729557,0.00630425,0.00798576,0.0061991,0.00628689,0.00712053,0.00666243,0.0051624,0.0043992,0.00329158,0.00396368,0.00420299,0.0026802,0.00331669,0.00294278,0.00387501,0.00421354,0.00406284,0.00472576,0.0042307,0.00403201,0.00446371,0.00471821,0.00385072,0.00394431,0.00568984,0.00452626,0.00477642,0.00579643,0.00760475,0.00428712,0.00482716,0.00386585,0.00317105,0.00418274,0.00105181,0.00102872,0.00131234,0.00104327,0.000787458,0.00102802,0.00199114,0.00219633
941,0.000806859,0.000858085,0.000680805,0.000572778,0.000420169,0.000360271,0.000420743,0.000507378,0.00405082,0.00387366,0.00490366,0.00566531,0.00658465,0.00636559,0.00651988,0.00435972,0.00672057,0.00724298,0.00766155,0.00869227,0.00554158,0.00649896,0.010042,0.00855975,0.0120616,0.010187,0.0110713,0.014233,0.00907179,0.0108754,0.00503349,0.00644029,0.00547892,0.00303668,0.0051169,0.0049593,0.00460837,0.0036656,0.0065254,0.00445544,0.0054775,0.0094945,0.0150704,0.013475,0.0294846,0.0122619,0.0115107,0.0154976,0.0140275,0.0130217,0.00622284,0.0133329,0.00732482,0.00669032,0.00516031,0.00442094,0.00500986,0.0045614,0.00372973,0.0049996,0.00465869,0.00323367,0.00366776,0.00337576,0.00513972,0.00302647,0.0030461,0.00849259,0.00421197,0.00457572,0.00700762,0.00410066,0.00351314,0.00651778,0.00857204,0.00424164,0.00497844,0.00435694,0.0074778,0.00316261,0.00626584,0.0043026,0.00491638,0.0023638,0.0074841,0.00264192,0.00416165,0.0024496,0.00215564,0.00283384,0.00180182,0.00443865,0.00326817,0.0048467,0.00299196,0.00256266,0.00446639,0.00433573,0.00638804,0.00462823,0.00835985,0.00475513,0.00750399,0.00496039,0.0100016,0.00657343,0.00600251,0.0118755,0.0095791,0.0101259,0.0103187,0.00892368,0.0100991,0.00778188,0.00777012,0.00970354,0.00553635,0.00339708,0.0110531,0.00542897,0.00314636,0.00254943,0.00224985,0.00353684,0.00501624,0.00723342,0.0108263,0.0146655,0.0100852,0.00923381,0.00912905,0.00998034,0.00833791,0.00591116,0.00707808,0.00508622,0.00587548,0.00552805,0.00384426,0.00433523,0.00320805,0.00288201,0.00349773,0.00314582,0.00423459,0.00302141,0.00425504,0.00536956,0.00300259,0.00574319,0.00405148,0.00411585,0.00413162,0.00682837,0.00361525,0.00402826,0.00431365,0.00669743,0.00393399,0.00440166,0.00397268,0.00239763,0.0023582,0.000616291,0.000828298,0.0010047,0.00102605,0.00125615,0.00165718,0.00250177,0.00233965
942,0.00125231,0.0014217,0.00121691,0.00108757,0.000794812,0.00048355,0.000392107,0.000469074,0.00323166,0.00345738,0.00486534,0.00429693,0.00533412,0.00712187,0.00548176,0.00519676,0.00690166,0.00577129,0.00893696,0.0084902,0.00762273,0.00480994,0.0063765,0.00780121,0.00912069,0.010928,0.0103805,0.0112259,0.0134613,0.0112997,0.00799723,0.00455877,0.00459307,0.00371338,0.00652389,0.00329483,0.00460096,0.00236053,0.00280081,0.00429353,0.00375893,0.00450889,0.00604732,0.0173693,0.0122619,0.0532819,0.0151893,0.011011,0.0154305,0.0104505,0.0161879,0.00792136,0.0056679,0.00493059,0.00452299,0.00339853,0.00380626,0.00340397,0.00326785,0.00249976,0.00260622,0.00240883,0.00331054,0.0034952,0.00222527,0.0022817,0.00218046,0.0050035,0.00341116,0.00308804,0.00508106,0.00348191,0.00235321,0.00361385,0.00526011,0.00309437,0.00269392,0.00406985,0.0040072,0.00355601,0.00359562,0.00303647,0.00261382,0.002583,0.00310899,0.00246646,0.00306024,0.00223984,0.00208519,0.00283766,0.00182427,0.00402577,0.00324067,0.00369639,0.00423118,0.00279308,0.00482038,0.00475773,0.00539353,0.00518181,0.00936162,0.00751645,0.0112383,0.0080623,0.0126605,0.0153715,0.0137715,0.0215738,0.00940904,0.0112191,0.00752797,0.0191346,0.0156628,0.0113671,0.00705091,0.00941149,0.00579251,0.00365062,0.00944954,0.00640182,0.00351023,0.00277005,0.00368079,0.00442508,0.0054274,0.00837244,0.00775054,0.00985191,0.0124601,0.00902586,0.00991453,0.00784864,0.0116432,0.0101442,0.00536383,0.00752178,0.00467922,0.0050553,0.00397133,0.00434872,0.0028044,0.00328599,0.00230311,0.00368547,0.0026494,0.00346241,0.00496322,0.00269917,0.0025135,0.00274284,0.00540213,0.00392802,0.00373493,0.00584939,0.00329722,0.00241943,0.0038048,0.00567857,0.00390044,0.00287556,0.00358686,0.00155029,0.0036039,0.00123972,0.0016568,0.00182293,0.0016441,0.00124298,0.00101543,0.00166619,0.0018738
943,0.0019274,0.00233567,0.00220903,0.00221081,0.00204452,0.00156844,0.00122576,0.000964483,0.00415216,0.0034087,0.00339411,0.00412459,0.00542803,0.00705017,0.00857625,0.00711613,0.0122022,0.0111414,0.0096459,0.00955465,0.00774073,0.00729131,0.00646461,0.010203,0.00824219,0.0079661,0.00734174,0.0201555,0.0115828,0.00745381,0.00492072,0.00597833,0.00491784,0.00363324,0.00418311,0.00445308,0.00805255,0.00244111,0.00357814,0.00593855,0.00606595,0.00778842,0.0104896,0.00980849,0.0115107,0.0151893,0.0332472,0.0141976,0.00841778,0.0138087,0.0125013,0.00741635,0.00649241,0.00506845,0.00500286,0.00523494,0.00396668,0.00348039,0.00427048,0.00338659,0.00371837,0.00227715,0.00275596,0.0033356,0.00310206,0.00290125,0.00262345,0.0047565,0.00325953,0.00320982,0.00478979,0.00360366,0.00224032,0.00290046,0.00348274,0.00398954,0.00338476,0.00614364,0.00325534,0.00393328,0.00325493,0.0035835,0.00214808,0.00260046,0.00340708,0.00349699,0.0039167,0.0038557,0.00265325,0.00282725,0.00146475,0.00254895,0.00250182,0.00424883,0.00438779,0.00402903,0.00479574,0.00629712,0.0056771,0.0070239,0.0073353,0.0100436,0.00782316,0.00855865,0.0086241,0.0115252,0.00920361,0.015658,0.0101719,0.00831502,0.0117669,0.0224003,0.0107889,0.00959284,0.00800959,0.00807487,0.00570197,0.00444894,0.00773347,0.0066868,0.00510211,0.00247179,0.00356416,0.00535639,0.00535558,0.00660027,0.00771935,0.012012,0.0109364,0.0144504,0.0117766,0.00897521,0.0132268,0.00994181,0.00599483,0.006842,0.00367959,0.00423288,0.00415302,0.00360711,0.00292733,0.0029951,0.00296514,0.00426301,0.00244155,0.00244231,0.00329825,0.00256258,0.00291719,0.00339031,0.00403638,0.00281437,0.00304733,0.00352701,0.00349315,0.00287103,0.00352114,0.00479983,0.00286161,0.00275759,0.00328135,0.00239685,0.00414378,0.00132271,0.00168781,0.00172367,0.00156681,0.00149933,0.00119868,0.00189082,0.0023493
944,0.00154077,0.00181017,0.00164895,0.00159312,0.00141593,0.00109903,0.000923906,0.000792778,0.00460472,0.00265868,0.00493417,0.00310505,0.00549037,0.0057764,0.00625542,0.00459634,0.00702424,0.00704339,0.00563034,0.00737472,0.00557494,0.00595455,0.00750656,0.00876287,0.00947492,0.00880239,0.0100637,0.0127934,0.00950994,0.00892056,0.00441545,0.00616766,0.00495245,0.00359261,0.00372197,0.00272724,0.00569634,0.00226708,0.00300295,0.00426608,0.0040337,0.00646088,0.00971435,0.00989547,0.0154976,0.011011,0.0141976,0.0262391,0.0146408,0.016031,0.00969637,0.00922426,0.011201,0.00644146,0.00634461,0.00444278,0.00473628,0.00416259,0.00470185,0.00516982,0.00393165,0.00355656,0.00331624,0.0048964,0.00488707,0.00328059,0.00323472,0.0057412,0.00451445,0.0046325,0.00635021,0.00527056,0.00387944,0.00464277,0.00615712,0.0043853,0.00358018,0.00556582,0.0043253,0.00417929,0.00470041,0.00406784,0.00369906,0.00257593,0.0057454,0.00279809,0.00537003,0.00403522,0.00193349,0.00239764,0.00181208,0.00415103,0.00327832,0.00597094,0.00444624,0.00392628,0.0053587,0.00364828,0.00531457,0.00724424,0.00850816,0.00816136,0.00825932,0.0107251,0.0104005,0.0110256,0.00886254,0.0125437,0.0110069,0.0114867,0.0138705,0.00967943,0.00832251,0.0096846,0.00607041,0.00837828,0.00537091,0.00261545,0.00872777,0.00411774,0.00294086,0.00270097,0.00260381,0.00369851,0.00522329,0.00667868,0.00765227,0.0152596,0.0138984,0.00992445,0.011505,0.0123364,0.0128225,0.00878807,0.00575042,0.00548146,0.0071081,0.00595648,0.00427092,0.00373481,0.00249563,0.00272607,0.00392945,0.00404521,0.00318949,0.00266471,0.00361943,0.0043866,0.0030433,0.00420263,0.00661881,0.00341166,0.00501753,0.00611736,0.00328408,0.00356657,0.00534078,0.00520195,0.00467513,0.00285795,0.00399524,0.00287017,0.00375816,0.00112539,0.00115485,0.00135618,0.00131206,0.00138663,0.00161606,0.00234477,0.00239793
945,0.000906315,0.00095887,0.00076009,0.000652279,0.000494277,0.000479882,0.000533895,0.000526146,0.00423667,0.00274935,0.00519707,0.0049548,0.00551163,0.00589133,0.00621452,0.00539409,0.0070119,0.00747922,0.00607819,0.0078855,0.00565925,0.00625849,0.00917773,0.00863041,0.00971226,0.00667947,0.00992816,0.00897611,0.00907715,0.0083385,0.00589152,0.00641562,0.00766918,0.0131039,0.00730007,0.00306563,0.00569875,0.00443104,0.00382431,0.00423764,0.00586885,0.00640469,0.00641358,0.0119481,0.0140275,0.0154305,0.00841778,0.0146408,0.0221842,0.0129109,0.00977552,0.00856487,0.00837942,0.00716547,0.00659095,0.00595087,0.0048238,0.00474686,0.00505922,0.00567093,0.00488953,0.00404974,0.0041966,0.00379979,0.00604786,0.0028027,0.00513438,0.00489376,0.00462486,0.00481483,0.00678356,0.00512136,0.00478811,0.00491708,0.0064491,0.00446091,0.0036876,0.00605729,0.00482537,0.00386053,0.00524059,0.0048088,0.00302903,0.00280609,0.00537547,0.0028115,0.00434872,0.00381601,0.00188228,0.00261374,0.00188775,0.00475624,0.00348506,0.00638832,0.00392678,0.00501162,0.00503728,0.00524323,0.00462362,0.00622934,0.00832845,0.00665272,0.00940623,0.00689512,0.0130371,0.0105067,0.00973755,0.0103469,0.010205,0.0107879,0.00963196,0.00997506,0.00872368,0.0122184,0.00831186,0.00851373,0.005357,0.00251447,0.00925477,0.00522342,0.00239292,0.00262321,0.00290576,0.00369735,0.00658857,0.00602802,0.0093019,0.0139559,0.00974073,0.00947195,0.00819789,0.00868239,0.00795524,0.00567848,0.00804854,0.00509317,0.0073678,0.0041445,0.00602877,0.00349669,0.00300257,0.00257604,0.00322178,0.00448065,0.00435434,0.00384172,0.00408202,0.00468392,0.00318665,0.00488112,0.0053107,0.00443071,0.00561073,0.00668999,0.00490262,0.00387333,0.00559994,0.00503872,0.00431188,0.00420524,0.00506045,0.00311842,0.0035358,0.000925589,0.000907515,0.00105492,0.000999253,0.000996981,0.00130552,0.00207157,0.0022192
946,0.00198032,0.00229484,0.00202775,0.00187069,0.00146904,0.000911739,0.000649861,0.00059453,0.00435259,0.00351964,0.00320274,0.00298579,0.00294916,0.00465001,0.00486885,0.00429673,0.00647214,0.00608136,0.0063552,0.00588351,0.00687915,0.00673386,0.00810086,0.0108969,0.0101176,0.00885315,0.00948785,0.0135098,0.00867851,0.00882004,0.00533551,0.00630957,0.00446595,0.00369378,0.00317226,0.0022605,0.00590552,0.00279903,0.0028592,0.00447348,0.00531375,0.0057068,0.00880668,0.0105975,0.0130217,0.0104505,0.0138087,0.016031,0.0129109,0.032362,0.0122696,0.0125669,0.00719744,0.0059997,0.00751587,0.00543048,0.00584558,0.00408548,0.00494491,0.00475001,0.00550378,0.00410075,0.00387416,0.00415142,0.0042121,0.00445621,0.00333358,0.00713248,0.00615,0.00652918,0.0110053,0.00452447,0.00632128,0.00469003,0.00951525,0.00545543,0.00400133,0.00865559,0.00432979,0.00661205,0.00355921,0.00384837,0.00273797,0.0030305,0.00495818,0.00287316,0.00426667,0.00434093,0.00251082,0.00261468,0.00171758,0.00239114,0.00233015,0.00459379,0.00351022,0.00368174,0.00327065,0.00392713,0.00498801,0.0053,0.00699351,0.00721923,0.00928391,0.00996543,0.0134933,0.0104933,0.00897098,0.00657625,0.00996148,0.00738183,0.0101106,0.0116499,0.00875087,0.00979163,0.00868538,0.0066968,0.00359516,0.00312345,0.00585983,0.00466089,0.00271528,0.00222854,0.00292292,0.00415398,0.00462819,0.00597225,0.0069181,0.0109056,0.00908109,0.0118335,0.00843285,0.0104145,0.00806954,0.0089411,0.00618044,0.00725922,0.00537666,0.00474969,0.0043821,0.0034823,0.00258431,0.00366316,0.00279166,0.00523119,0.00342043,0.00437479,0.00422959,0.00319914,0.00439841,0.00385053,0.00957957,0.00520743,0.00583881,0.00756515,0.00365341,0.00616642,0.0046313,0.00854354,0.00566458,0.00460121,0.00527562,0.00314792,0.00443251,0.00118474,0.00115306,0.00132021,0.0011804,0.00106968,0.00114706,0.00166891,0.00192434
947,0.000870735,0.000967001,0.000814852,0.000735023,0.000578895,0.000471312,0.000512069,0.000537698,0.00381098,0.00315162,0.00421064,0.00379798,0.00419255,0.00443206,0.00492392,0.00449441,0.0076911,0.00640123,0.00628332,0.00612904,0.00540818,0.00640454,0.00692173,0.00718729,0.00765579,0.00478923,0.00646614,0.0102787,0.00634583,0.00591637,0.00413252,0.00535611,0.00312404,0.00216238,0.00377032,0.00164092,0.00346334,0.00223177,0.00245741,0.00324913,0.00291571,0.00407683,0.00559389,0.009648,0.00622284,0.0161879,0.0125013,0.00969637,0.00977552,0.0122696,0.02681,0.0102435,0.00792142,0.00554209,0.00790352,0.00632064,0.00787575,0.00526281,0.00436381,0.00536364,0.00454508,0.00554102,0.00478014,0.00573975,0.00525822,0.00475646,0.00398896,0.00787226,0.00402736,0.00496081,0.00893598,0.0049808,0.00590652,0.00553244,0.00790921,0.00613387,0.00401861,0.00586604,0.00473942,0.00480647,0.00560817,0.00699197,0.00361037,0.00393213,0.00520571,0.00271267,0.00436183,0.00340229,0.00296653,0.00277649,0.00228799,0.00283196,0.00342206,0.00613958,0.00509757,0.00505247,0.00445518,0.00403415,0.00497786,0.00790278,0.0094549,0.01185,0.0116983,0.0116754,0.00830048,0.0143141,0.00818761,0.0132595,0.00996426,0.0116386,0.0123201,0.0157248,0.0142704,0.0149777,0.0082647,0.00681423,0.00538256,0.00341294,0.0116901,0.00540225,0.00223525,0.00180108,0.00215852,0.00264997,0.00426349,0.00358252,0.0044369,0.00699282,0.0087741,0.0102635,0.00920526,0.00703,0.00837718,0.0116862,0.00583003,0.00733003,0.00651208,0.00438217,0.00662665,0.00448743,0.00378567,0.00315288,0.00349116,0.00725352,0.00415612,0.00562576,0.00698048,0.00506275,0.00515862,0.0053423,0.00708111,0.00418287,0.00499759,0.00617688,0.00615029,0.0048295,0.00552452,0.00851832,0.00610119,0.00612106,0.00724727,0.00297119,0.00353307,0.000864965,0.00115214,0.00123051,0.00106242,0.00101477,0.00124955,0.00207052,0.00215026
948,0.00133791,0.00154817,0.00137813,0.00130675,0.0011411,0.000880005,0.000848547,0.000770313,0.00513911,0.00404591,0.00583191,0.00465331,0.0067205,0.00525286,0.00558991,0.00757142,0.00542982,0.00830104,0.00906284,0.00535361,0.0050454,0.0134045,0.0120707,0.00740756,0.00901576,0.00756726,0.0107495,0.00834616,0.00638217,0.00745535,0.00429435,0.00609765,0.00449276,0.00286164,0.00466259,0.00269277,0.00447454,0.00257826,0.00302753,0.00307576,0.00356649,0.00545819,0.00722323,0.0080246,0.0133329,0.00792136,0.00741635,0.00922426,0.00856487,0.0125669,0.0102435,0.0258148,0.00949169,0.0068822,0.00973553,0.00513673,0.00862603,0.00590016,0.0064363,0.00547746,0.0057364,0.0042562,0.00492215,0.0045554,0.00407443,0.00433077,0.00457943,0.00837594,0.0040893,0.00657212,0.00620003,0.00722001,0.00466578,0.00725022,0.00817637,0.00496083,0.00537129,0.00805698,0.00695944,0.00493674,0.00865694,0.00450044,0.00908042,0.00381158,0.00827595,0.00267857,0.00379671,0.00341373,0.00212173,0.00218588,0.00204309,0.00233217,0.00317196,0.00411792,0.00378044,0.00353729,0.00315446,0.00329253,0.00363438,0.00569242,0.00595268,0.00774648,0.00634591,0.00525589,0.00907319,0.00641387,0.00699623,0.00719397,0.00756692,0.00803833,0.0086877,0.00631743,0.0107767,0.0101128,0.0122425,0.00905114,0.00482494,0.00256784,0.0091821,0.00521989,0.00201267,0.00199293,0.00305269,0.00300434,0.00350624,0.00546406,0.00578776,0.00845777,0.00604533,0.00676645,0.00757366,0.00964564,0.00664901,0.00751035,0.00958162,0.0075751,0.00731863,0.00818279,0.00646672,0.00554806,0.00434313,0.00330205,0.00384873,0.00874606,0.00464598,0.0056541,0.00619275,0.00477867,0.00438699,0.00730891,0.0062012,0.00631621,0.00620129,0.00782724,0.00721676,0.00517407,0.00628516,0.00752232,0.00797958,0.00690146,0.00724717,0.00297253,0.00314973,0.000872676,0.00109554,0.00128477,0.00117078,0.00111417,0.00129593,0.00184196,0.0019364
949,0.0012901,0.00145365,0.00129398,0.00124715,0.00115217,0.00107632,0.000889419,0.000808047,0.00630582,0.00431246,0.00735081,0.00599202,0.00499221,0.00680258,0.00938902,0.00607108,0.00867744,0.00680546,0.00755357,0.0055411,0.00847844,0.00699058,0.00898616,0.00610334,0.00542821,0.00788436,0.00617678,0.00723158,0.00817077,0.005738,0.00605948,0.0107524,0.00957051,0.00287961,0.0106399,0.00395935,0.00461325,0.00283674,0.00310543,0.00327152,0.00389366,0.00587577,0.00673912,0.00519142,0.00732482,0.0056679,0.00649241,0.011201,0.00837942,0.00719744,0.00792142,0.00949169,0.0245881,0.0109221,0.00849727,0.0101595,0.00765063,0.00868361,0.0123659,0.00843943,0.00636077,0.00633764,0.00649175,0.00781458,0.00575222,0.00670909,0.00824844,0.00872632,0.00891176,0.00537972,0.00697863,0.00608367,0.00733553,0.00735624,0.00686043,0.00787924,0.00742815,0.00856712,0.00582047,0.00537512,0.0083313,0.00470616,0.00787095,0.00329624,0.00588032,0.00257825,0.00373134,0.00302497,0.00154931,0.00204858,0.00180156,0.00297833,0.00302361,0.00369078,0.00273319,0.00288988,0.00312392,0.00411587,0.00334841,0.00323548,0.00432031,0.00390596,0.00476079,0.00587554,0.00562358,0.00471789,0.00631325,0.00643019,0.00549905,0.0100797,0.00797294,0.00611575,0.00527839,0.00434324,0.00700856,0.00530054,0.0045357,0.00270264,0.00705952,0.00424738,0.00163513,0.00220688,0.00207736,0.0025314,0.00441301,0.00528988,0.00706682,0.00626574,0.00660676,0.0044585,0.00563873,0.00740131,0.00584476,0.0080328,0.00513711,0.00932441,0.00707156,0.00764981,0.00837818,0.00607839,0.00402173,0.00452569,0.0056571,0.0077654,0.00640134,0.00636517,0.00804619,0.00683598,0.00766231,0.00691934,0.00746085,0.00688828,0.00667311,0.00760254,0.0080025,0.00793253,0.00827982,0.00832441,0.00786744,0.00753551,0.00811824,0.00376893,0.00330381,0.000814947,0.000990416,0.00101622,0.00109244,0.00110554,0.00118521,0.00176514,0.00193351
950,0.000807781,0.000907674,0.000801866,0.000755731,0.000659111,0.000601869,0.000523411,0.000576795,0.0048326,0.0036545,0.00622126,0.00376636,0.00361457,0.00551068,0.00446877,0.00577179,0.00402649,0.00536789,0.00456752,0.00437474,0.00569489,0.00584345,0.00590244,0.00536382,0.00809647,0.00584079,0.00689975,0.00599181,0.0069553,0.00716528,0.00582934,0.00764615,0.00588807,0.00297255,0.00652775,0.00358382,0.00455551,0.00278948,0.00337902,0.00308557,0.00415895,0.00469222,0.00608634,0.00718311,0.00669032,0.00493059,0.00506845,0.00644146,0.00716547,0.0059997,0.00554209,0.0068822,0.0109221,0.0234668,0.00864613,0.0107984,0.00858085,0.0135672,0.01331,0.0102181,0.00924641,0.0051368,0.00788403,0.00992485,0.0084333,0.00761792,0.00952399,0.00582963,0.00789368,0.00747289,0.00925352,0.00930181,0.00882994,0.00677927,0.00648518,0.00698919,0.00991499,0.0067127,0.0070911,0.00824909,0.00812871,0.00678323,0.00566224,0.00468026,0.00514259,0.00297781,0.00364921,0.00328213,0.00215589,0.00256486,0.00162763,0.00336464,0.00255735,0.00426827,0.00340688,0.00343431,0.00382164,0.00352989,0.0034704,0.00456544,0.00573996,0.00707118,0.00444207,0.00496402,0.00804335,0.00599192,0.00651892,0.00492811,0.00441692,0.00923128,0.00583279,0.0064081,0.00602326,0.00535993,0.00696434,0.00615629,0.0048729,0.00432679,0.00692008,0.00420226,0.0017503,0.00238734,0.00227373,0.00298273,0.00424526,0.00536813,0.00549606,0.00675125,0.00583382,0.00469495,0.00596309,0.00596167,0.00529853,0.00694709,0.00733558,0.00885928,0.010871,0.00718029,0.010831,0.0110384,0.00521162,0.00791859,0.00667875,0.00961659,0.00881007,0.00764305,0.00651682,0.00757134,0.0148537,0.0105996,0.00717219,0.00827201,0.00623283,0.00653803,0.00523226,0.0100014,0.00695292,0.00601814,0.00487673,0.00765963,0.00744544,0.00492481,0.00357822,0.000697116,0.000771105,0.00108601,0.00122236,0.00111482,0.0011676,0.00161798,0.00169755
951,0.000746372,0.000829298,0.000711167,0.000669028,0.000612574,0.000595113,0.0006389,0.000647895,0.00403736,0.00281417,0.00514738,0.00385178,0.00567944,0.0035962,0.00602261,0.00506984,0.00419533,0.00561153,0.00444428,0.00422569,0.00499474,0.00831203,0.00733484,0.00632273,0.00512232,0.00458461,0.00746294,0.00373698,0.00491124,0.00485362,0.00463797,0.00710038,0.00465624,0.00240981,0.00471094,0.00295311,0.00452012,0.00288866,0.00286853,0.00307563,0.00341928,0.00504224,0.00618335,0.00654078,0.00516031,0.00452299,0.00500286,0.00634461,0.00659095,0.00751587,0.00790352,0.00973553,0.00849727,0.00864613,0.0226799,0.0122468,0.00970402,0.00967417,0.00982007,0.0136464,0.0099925,0.00872864,0.0118411,0.00838879,0.00652902,0.0113627,0.00933241,0.00756026,0.014115,0.0104424,0.00885284,0.0087053,0.00908186,0.0117385,0.00616015,0.00734874,0.0127521,0.00702353,0.00602837,0.00835722,0.00531135,0.0094943,0.00666591,0.00613431,0.00556161,0.00324938,0.00408731,0.00419006,0.00152172,0.00197545,0.0017693,0.00296119,0.0028636,0.00384103,0.00264868,0.00253977,0.00282174,0.00284183,0.00210174,0.00356453,0.00436238,0.00360774,0.00472034,0.00598721,0.00503755,0.00532609,0.00527702,0.00370136,0.00553412,0.00752881,0.00793337,0.00407559,0.00450681,0.00662577,0.00881391,0.0082007,0.00333334,0.00265465,0.0051729,0.0040522,0.00146984,0.00186725,0.00173898,0.00238237,0.0045746,0.00478316,0.00431625,0.00648972,0.00323787,0.00452343,0.00542355,0.00435156,0.00495838,0.00520556,0.00739756,0.0102228,0.00747487,0.00720108,0.00492863,0.00616059,0.00547284,0.00757549,0.00557579,0.0116356,0.00594376,0.00731859,0.0103039,0.00833864,0.010429,0.0113952,0.00979609,0.00884856,0.0102916,0.00503114,0.0110213,0.0107719,0.00879047,0.00815157,0.00959221,0.00864933,0.0132757,0.0059702,0.00400269,0.000771821,0.000770001,0.00108095,0.00115364,0.000842813,0.00106271,0.00183761,0.00217215
952,0.000708426,0.000758309,0.000631318,0.000577757,0.000495751,0.000544437,0.000507973,0.000582334,0.00410883,0.0031023,0.00615011,0.00393083,0.00451612,0.00473125,0.00583355,0.00491161,0.00602711,0.00459281,0.0053817,0.00402805,0.00488306,0.00570699,0.00541245,0.00566237,0.00612051,0.00611442,0.00533156,0.00390349,0.0065676,0.00531595,0.00583584,0.00953542,0.00741418,0.00266923,0.00863837,0.00324973,0.00400151,0.00291392,0.00292778,0.00262818,0.00307623,0.00425391,0.00501894,0.0049235,0.00442094,0.00339853,0.00523494,0.00444278,0.00595087,0.00543048,0.00632064,0.00513673,0.0101595,0.0107984,0.0122468,0.0225796,0.0131437,0.0114953,0.00909176,0.0116055,0.0070095,0.0115234,0.0119708,0.00902638,0.00874851,0.00938097,0.0101943,0.00757484,0.0127038,0.00856992,0.00933793,0.00902555,0.00973813,0.0102711,0.00481799,0.00953415,0.0130921,0.00703909,0.00758427,0.0106779,0.00798494,0.00991422,0.00707775,0.0057491,0.00569717,0.00390654,0.00454542,0.00457027,0.00217199,0.00262151,0.00182764,0.00287831,0.00244054,0.00372434,0.00318465,0.00357269,0.00307676,0.00367627,0.00312578,0.00360435,0.00494469,0.00526426,0.00407918,0.00554069,0.0058912,0.00607685,0.00559029,0.00465164,0.00605155,0.00780116,0.00566848,0.00537399,0.00386045,0.00473482,0.00740709,0.00574797,0.00325143,0.00284066,0.00425391,0.00296726,0.00125419,0.00168537,0.00164883,0.00202814,0.00365254,0.00372728,0.00410337,0.00584466,0.00416521,0.00404021,0.00534642,0.00502619,0.00465364,0.00478407,0.00644652,0.0081775,0.00522743,0.00633257,0.0079795,0.00733305,0.00841092,0.00578632,0.00754122,0.00968482,0.00665609,0.00639336,0.0136319,0.00829819,0.00633349,0.00696795,0.00815778,0.00913946,0.00630015,0.00744942,0.0126523,0.00851238,0.0111051,0.0101553,0.00971435,0.0127542,0.00963198,0.00648649,0.00334352,0.000832304,0.000831179,0.000923693,0.000974214,0.00103178,0.00126737,0.00216906,0.00255629
953,0.000710909,0.000821777,0.000734983,0.000703063,0.000619329,0.00051488,0.000488778,0.000485564,0.0029034,0.00235118,0.00353272,0.00282699,0.0033017,0.00343977,0.00274822,0.00325926,0.00291384,0.0038189,0.00339505,0.00329366,0.00434999,0.00510763,0.00440783,0.00454497,0.00436943,0.00489391,0.00561437,0.00352313,0.00514747,0.00426017,0.00704537,0.00767992,0.00438507,0.00159281,0.0053268,0.00337092,0.00316894,0.00276693,0.00285237,0.00239069,0.00301608,0.00387502,0.00431084,0.00478343,0.00500986,0.00380626,0.00396668,0.00473628,0.0048238,0.00584558,0.00787575,0.00862603,0.00765063,0.00858085,0.00970402,0.0131437,0.0240571,0.0123392,0.012289,0.011126,0.00776152,0.0109222,0.0112164,0.0112383,0.0112608,0.00771664,0.00872009,0.00829837,0.0086991,0.0068374,0.00627194,0.0112369,0.0108801,0.00773221,0.00775988,0.00815257,0.0126198,0.00783878,0.00620714,0.0121781,0.00760551,0.00818059,0.00729231,0.00743133,0.00528949,0.00306021,0.00372342,0.00333024,0.00158053,0.00160679,0.00139256,0.00163524,0.00208571,0.00335142,0.00254986,0.00321719,0.00232141,0.00306817,0.00236652,0.00399531,0.00450357,0.0045686,0.00562657,0.00620176,0.00536865,0.00453128,0.00611818,0.00282964,0.00421732,0.00581994,0.00379104,0.00320716,0.00526867,0.00583483,0.00460774,0.00419196,0.00329321,0.00217722,0.00486414,0.00334992,0.0014112,0.00153251,0.00149425,0.00205489,0.00359878,0.00357817,0.00292466,0.00447779,0.0034682,0.00381129,0.00479766,0.00427137,0.00352232,0.0060619,0.00638783,0.00710613,0.0110752,0.0104949,0.0119525,0.0151319,0.0151408,0.0134334,0.0121396,0.0102166,0.00979295,0.0104402,0.0131842,0.0115686,0.0114397,0.013368,0.00772938,0.0103886,0.0116249,0.00917106,0.0105604,0.00959185,0.0119442,0.00924919,0.010813,0.0139935,0.0069103,0.00705166,0.00341239,0.000809441,0.000901572,0.000902287,0.00100602,0.00104872,0.00117836,0.00175998,0.00184378
954,0.00074866,0.000871563,0.000796608,0.000780452,0.000729541,0.00063033,0.000535857,0.000500067,0.00310153,0.00299511,0.00395966,0.00348648,0.00303281,0.00317696,0.00349052,0.00244906,0.00353977,0.00326343,0.00403875,0.00313888,0.00299558,0.0036059,0.00376073,0.0050869,0.00369604,0.00396435,0.00349323,0.00376275,0.00430952,0.0042355,0.00502392,0.00677007,0.00415335,0.00155142,0.00508577,0.00294751,0.00313718,0.00236817,0.00274239,0.00248964,0.00311326,0.004799,0.00649196,0.00476553,0.0045614,0.00340397,0.00348039,0.00416259,0.00474686,0.00408548,0.00526281,0.00590016,0.00868361,0.0135672,0.00967417,0.0114953,0.0123392,0.0318604,0.0181054,0.00901703,0.0172743,0.00859367,0.0189663,0.0106595,0.017361,0.0133663,0.00777117,0.00736476,0.00707147,0.0107764,0.00840011,0.00829163,0.00542763,0.00635389,0.00575208,0.00760777,0.00763914,0.00526034,0.00586894,0.00498232,0.00636468,0.00762086,0.00588152,0.00599626,0.00472951,0.00240585,0.00298156,0.00273192,0.00110837,0.00133315,0.00128862,0.00196647,0.00182203,0.00289857,0.00181572,0.00203988,0.00223304,0.00177846,0.00186855,0.00500305,0.00331904,0.00282853,0.00363923,0.00233668,0.00339449,0.00288693,0.00264605,0.0028707,0.00344347,0.00690272,0.00362671,0.0029425,0.00340026,0.00272271,0.00418598,0.00487053,0.0038581,0.00413075,0.00486376,0.00428888,0.00144978,0.00231168,0.00174594,0.0031004,0.00482876,0.00587469,0.00430153,0.00371437,0.00325144,0.00319036,0.00448386,0.00598511,0.00351156,0.00476436,0.00494427,0.00930972,0.0104316,0.00905409,0.00811083,0.0188848,0.012098,0.0194998,0.0112469,0.0205817,0.0262538,0.00825694,0.0117376,0.0124808,0.0172891,0.0124838,0.00839033,0.0123072,0.0090624,0.00621399,0.00857586,0.00938599,0.0129237,0.00705938,0.0108043,0.0116627,0.00767189,0.00737326,0.00317873,0.000854037,0.000830213,0.000904097,0.00108635,0.000871065,0.000951534,0.00143554,0.00150329
955,0.000955823,0.00108146,0.000971078,0.000938944,0.000882263,0.000813423,0.000654845,0.000610663,0.00503513,0.00321805,0.0054713,0.00452411,0.00387438,0.00436105,0.0073129,0.00425643,0.00268338,0.00532785,0.0036578,0.00279027,0.00457483,0.00363921,0.00532246,0.00373569,0.00545723,0.00466614,0.00423834,0.00374383,0.00613931,0.00492389,0.00562519,0.00779505,0.00580003,0.00186049,0.00761286,0.00289034,0.00384853,0.00231597,0.00267372,0.00292723,0.00349255,0.00567069,0.00759166,0.00431758,0.00372973,0.00326785,0.00427048,0.00470185,0.00505922,0.00494491,0.00436381,0.0064363,0.0123659,0.01331,0.00982007,0.00909176,0.012289,0.0181054,0.0312377,0.0134635,0.0119512,0.0111456,0.014255,0.0125048,0.0106177,0.0119165,0.0102169,0.00964492,0.0110218,0.010462,0.00613555,0.00711793,0.0118161,0.011156,0.00740654,0.00641432,0.00978017,0.00953062,0.00528846,0.00932649,0.0068563,0.00599465,0.00706594,0.00366578,0.00442352,0.00240145,0.00279728,0.00271834,0.00114364,0.00132065,0.00118636,0.00164654,0.00174365,0.00235809,0.00200786,0.00213644,0.00195981,0.00195802,0.00214885,0.00275244,0.00318026,0.0041669,0.00318606,0.00306587,0.00450304,0.00326868,0.00403178,0.00205567,0.0026364,0.00373793,0.00403722,0.00242113,0.00292505,0.00323397,0.00421542,0.00526455,0.00387318,0.00479474,0.00330563,0.00323601,0.00148542,0.00246071,0.00166888,0.00325462,0.00441136,0.00476174,0.00447714,0.00496919,0.0035306,0.00302166,0.00369929,0.00442182,0.00407327,0.00388129,0.00681378,0.00792314,0.0103538,0.0098765,0.00884273,0.0098973,0.00466424,0.00834683,0.00612097,0.0139325,0.01166,0.00764531,0.00963696,0.00779447,0.0185344,0.0119797,0.0119551,0.0151661,0.0112175,0.00607811,0.00970962,0.0189166,0.0122463,0.00766581,0.0110984,0.00872613,0.0100471,0.00729107,0.00411038,0.000828353,0.00076259,0.000914104,0.00110147,0.000860941,0.000814265,0.00114834,0.00132692
956,0.000627515,0.000737636,0.000685667,0.000687867,0.000672543,0.000620009,0.000563744,0.000516929,0.00287065,0.00208576,0.00332096,0.00245149,0.00306798,0.0027752,0.00277906,0.00271674,0.00249093,0.0027077,0.0027242,0.0026526,0.0030751,0.00434512,0.00383875,0.00592414,0.00356225,0.00413432,0.00479076,0.00276055,0.00476706,0.00559948,0.0123294,0.00727056,0.00362567,0.00182013,0.00519146,0.00373173,0.00293232,0.00222278,0.00276488,0.00300228,0.00312492,0.00427796,0.00529736,0.00455003,0.0049996,0.00249976,0.00338659,0.00516982,0.00567093,0.00475001,0.00536364,0.00547746,0.00843943,0.0102181,0.0136464,0.0116055,0.011126,0.00901703,0.0134635,0.0375878,0.0123314,0.0203117,0.0219533,0.00835816,0.0111159,0.0300818,0.0200237,0.00764685,0.0239053,0.00961833,0.00644105,0.0085817,0.014299,0.0170546,0.004856,0.00696108,0.00956781,0.00706565,0.00698969,0.0119911,0.00837317,0.00950914,0.0101981,0.0136084,0.00589506,0.00275154,0.00315133,0.00313449,0.000861747,0.00115565,0.000977103,0.00176734,0.00163518,0.00194567,0.00221875,0.00153292,0.00242628,0.00161262,0.00154807,0.00175261,0.00189417,0.00264958,0.00244633,0.00268547,0.0028571,0.00285051,0.00249886,0.00301523,0.00365237,0.00401482,0.00350938,0.00266277,0.00267989,0.00288163,0.00418372,0.00457899,0.00416907,0.00430671,0.0044509,0.00275699,0.00143109,0.00168417,0.0016103,0.00248673,0.00405732,0.0027889,0.00329105,0.00365439,0.00376208,0.00393481,0.00381888,0.00342189,0.00351374,0.0039785,0.00541657,0.00529381,0.00879654,0.00838724,0.00805312,0.0132856,0.00710786,0.00878195,0.0129085,0.00675511,0.0061509,0.00820115,0.00837097,0.0136666,0.0132196,0.0107315,0.00585903,0.00970901,0.0072645,0.00600553,0.0117031,0.0131173,0.00987341,0.00652389,0.00655558,0.0080409,0.00986809,0.00927004,0.0038651,0.000683023,0.000692305,0.000819748,0.00109712,0.000847529,0.00113321,0.0017299,0.00171128
957,0.000619498,0.000697074,0.00062177,0.000599861,0.000569253,0.000548416,0.000496254,0.000502712,0.00377053,0.00235642,0.00371706,0.0029464,0.00311286,0.00298254,0.00503808,0.00379511,0.00251384,0.00429835,0.00307038,0.00258408,0.00336027,0.00357573,0.00478692,0.00397671,0.00541214,0.00393072,0.00412748,0.00303936,0.0045853,0.00385051,0.00274457,0.00418463,0.00402013,0.00180038,0.00444442,0.00248371,0.00317056,0.0024963,0.00281435,0.00243364,0.00280571,0.00575903,0.00856284,0.00495135,0.00465869,0.00260622,0.00371837,0.00393165,0.00488953,0.00550378,0.00454508,0.0057364,0.00636077,0.00924641,0.0099925,0.0070095,0.00776152,0.0172743,0.0119512,0.0123314,0.0332191,0.0333521,0.0260818,0.00985009,0.0116071,0.0201852,0.024161,0.00992377,0.00814102,0.0102493,0.00835643,0.00926173,0.00901365,0.00776176,0.00614601,0.0107428,0.0101594,0.00854552,0.00775135,0.00583836,0.00652125,0.00791392,0.00584621,0.00491232,0.00446009,0.00291644,0.00309051,0.00305071,0.00117839,0.00147743,0.0012207,0.00178137,0.00208327,0.00198789,0.00255646,0.00238741,0.00208395,0.00240453,0.00202772,0.00184982,0.00376843,0.00528506,0.00283661,0.00351516,0.00390288,0.00407989,0.00463406,0.00312769,0.00398836,0.00347954,0.00441597,0.00218542,0.00308177,0.00267485,0.00567411,0.0068559,0.00328869,0.00222347,0.00303212,0.00262588,0.00129642,0.00150197,0.00126142,0.00210675,0.00337317,0.00421611,0.00442413,0.00487953,0.00265778,0.00294718,0.00383858,0.00394165,0.0042763,0.00395951,0.00823518,0.0102841,0.011077,0.0079832,0.00762645,0.0174732,0.0116921,0.0216344,0.00675701,0.0144117,0.0186511,0.00740085,0.00736161,0.0110038,0.0124341,0.0167491,0.00809702,0.00725525,0.01206,0.00542443,0.00566635,0.0112776,0.00649216,0.00610725,0.00855279,0.00716964,0.00801634,0.00520831,0.00309417,0.000613806,0.000674202,0.000813916,0.000990588,0.00086987,0.00088388,0.00132124,0.00150757
958,0.000532831,0.000612596,0.000545509,0.000524489,0.000480398,0.00043471,0.000445323,0.000486192,0.00237015,0.00213816,0.00271668,0.00231383,0.00276475,0.0023309,0.00273232,0.00217236,0.00307568,0.00329168,0.0023064,0.00255903,0.00275555,0.00312767,0.00291767,0.00309225,0.00283868,0.00284165,0.0030044,0.00301656,0.00319967,0.00300211,0.00279206,0.00485626,0.00406807,0.00154818,0.00335109,0.00300438,0.00291201,0.00297113,0.00297412,0.00263865,0.00295498,0.00447816,0.00571095,0.00429429,0.00323367,0.00240883,0.00227715,0.00355656,0.00404974,0.00410075,0.00554102,0.0042562,0.00633764,0.0051368,0.00872864,0.0115234,0.0109222,0.00859367,0.0111456,0.0203117,0.0333521,0.0778931,0.0398798,0.00992819,0.0100294,0.0237068,0.0395599,0.0126301,0.0089197,0.00805533,0.00559697,0.00698942,0.0112278,0.00933785,0.00606616,0.00611162,0.00805903,0.00629714,0.00681568,0.0117335,0.00655609,0.00670222,0.00526472,0.00343495,0.00428345,0.00258471,0.00327608,0.0031936,0.00125712,0.00136368,0.000967159,0.00104878,0.00129487,0.00160025,0.00207208,0.00179982,0.00195606,0.0020387,0.00172847,0.00228489,0.00281328,0.00308328,0.00303169,0.00269451,0.00325499,0.00282912,0.00247848,0.0031342,0.0035178,0.00547394,0.00394393,0.00300164,0.00261764,0.00322685,0.00375252,0.00324095,0.00220537,0.00179978,0.00341755,0.00214111,0.000968753,0.00104536,0.00101961,0.00168402,0.00265857,0.00267402,0.00229942,0.00286829,0.00262674,0.00272158,0.00269006,0.0031309,0.00281441,0.0030517,0.00438292,0.00616495,0.00709897,0.00525327,0.00639747,0.011679,0.0272178,0.0266814,0.00723983,0.00743531,0.00915196,0.00877295,0.0104625,0.0102043,0.0050128,0.0115018,0.00603271,0.0058943,0.0111562,0.00449354,0.0106091,0.0123344,0.00815729,0.00698764,0.0104468,0.00759793,0.00825455,0.01553,0.00252956,0.000849121,0.00094387,0.000969176,0.00186951,0.00124481,0.000799741,0.00119907,0.00132617
959,0.000613887,0.000714418,0.000643574,0.000621531,0.000567916,0.000490992,0.000481208,0.000522974,0.00256375,0.00276969,0.00284232,0.00249425,0.00211294,0.00210288,0.00215087,0.00209774,0.00254703,0.00233571,0.00244322,0.00191384,0.00274946,0.00250346,0.00232773,0.00420262,0.00298808,0.00306668,0.00327106,0.00343977,0.00344316,0.00297876,0.00588547,0.00637628,0.00414867,0.00135859,0.00440412,0.0024145,0.0028199,0.00233788,0.00223868,0.00238764,0.00229663,0.00319444,0.00374609,0.00313184,0.00366776,0.00331054,0.00275596,0.00331624,0.0041966,0.00387416,0.00478014,0.00492215,0.00649175,0.00788403,0.0118411,0.0119708,0.0112164,0.0189663,0.014255,0.0219533,0.0260818,0.0398798,0.0383376,0.0097862,0.0128003,0.0281565,0.0240744,0.0119457,0.0152885,0.0126149,0.00780063,0.00796601,0.0103303,0.0126478,0.00536076,0.00562407,0.0104466,0.00605525,0.00547051,0.00719563,0.00519833,0.00537575,0.00575181,0.00381901,0.00562776,0.0026056,0.00345726,0.00358966,0.00104314,0.00116755,0.000906422,0.000909583,0.00121777,0.0012124,0.00196727,0.00155964,0.00196276,0.00164005,0.00157326,0.00213319,0.00262149,0.00295042,0.00259819,0.00170657,0.00248321,0.00215055,0.00232874,0.00266533,0.00260499,0.00339233,0.0023399,0.00246447,0.00210846,0.00228855,0.00351444,0.00337988,0.00294419,0.0035488,0.00296717,0.00269229,0.00110795,0.00125318,0.000889601,0.00231205,0.00387466,0.00365094,0.00329189,0.0025963,0.00316564,0.00267863,0.00327727,0.00302846,0.00310509,0.00392213,0.00523289,0.0066992,0.0103042,0.00948831,0.00828795,0.0180213,0.0143136,0.0194303,0.00784118,0.0167579,0.0193813,0.00710271,0.0127959,0.0104307,0.0126455,0.0125762,0.00744351,0.00914541,0.0122138,0.00536146,0.00962225,0.00966658,0.00829977,0.00665008,0.0101266,0.0084204,0.00834473,0.0132254,0.00277221,0.000879303,0.000965991,0.000994965,0.00172993,0.00119038,0.000841434,0.00103638,0.00113076
960,0.00102794,0.00116962,0.00102635,0.000965648,0.000839707,0.00071134,0.000666888,0.000698484,0.00421758,0.00349364,0.00497619,0.00345879,0.00475004,0.00337344,0.00549163,0.00413403,0.00518161,0.00533917,0.00528087,0.00549174,0.00617823,0.0059617,0.00451191,0.00421211,0.00396253,0.00496815,0.00454306,0.00367348,0.00502159,0.00463014,0.0052927,0.00707826,0.00503892,0.0014939,0.0063161,0.00281848,0.00336399,0.00221308,0.00243845,0.00260455,0.0024465,0.00362098,0.00395522,0.00407841,0.00337576,0.0034952,0.0033356,0.0048964,0.00379979,0.00415142,0.00573975,0.0045554,0.00781458,0.00992485,0.00838879,0.00902638,0.0112383,0.0106595,0.0125048,0.00835816,0.00985009,0.00992819,0.0097862,0.0228406,0.0120163,0.0111287,0.00992191,0.00943809,0.0101798,0.0079575,0.00793549,0.0102553,0.00889651,0.00935426,0.0117688,0.00892547,0.0107813,0.00854651,0.00761195,0.00935535,0.00851986,0.00617069,0.00667171,0.00792535,0.00487267,0.00319852,0.00397704,0.00387674,0.0015238,0.00136691,0.00117051,0.00133662,0.00166995,0.00316913,0.00191224,0.00212467,0.00287674,0.00215809,0.00244251,0.00762111,0.00398826,0.00359267,0.0052792,0.00455084,0.00386285,0.00428524,0.00393951,0.00416791,0.00481687,0.00981976,0.00774282,0.00346307,0.00422126,0.00405459,0.00538424,0.00574258,0.00344872,0.00224656,0.00429992,0.005662,0.00142063,0.00309896,0.0018677,0.00299358,0.0055345,0.0111323,0.00594091,0.00507838,0.00470002,0.00362194,0.00537974,0.00704276,0.00512016,0.00543499,0.00676778,0.00822038,0.00911849,0.0109306,0.0121048,0.0109624,0.00731466,0.0105999,0.0121235,0.0121724,0.0107747,0.0112215,0.0130219,0.00847099,0.0123779,0.0106152,0.00896725,0.00846665,0.0120303,0.00671403,0.00767205,0.00828149,0.00852782,0.00933544,0.0100128,0.00824592,0.00688896,0.00801287,0.00302357,0.000820656,0.000827879,0.000851309,0.00116992,0.00112913,0.00108537,0.00148155,0.00167759
961,0.000776981,0.000894946,0.000812696,0.000805768,0.000784943,0.000767651,0.000715944,0.000702462,0.00346348,0.0033103,0.00404062,0.00350494,0.00353931,0.0039887,0.00298933,0.00304465,0.00450607,0.00263744,0.00376928,0.00318227,0.00418898,0.0033885,0.00428355,0.00719574,0.0047522,0.00407174,0.00523685,0.00319733,0.00397384,0.00378887,0.0092186,0.00541916,0.00289679,0.00161814,0.00356875,0.00361377,0.00319161,0.00244604,0.00264827,0.00258882,0.00264309,0.00409085,0.00539949,0.0042878,0.00513972,0.00222527,0.00310206,0.00488707,0.00604786,0.0042121,0.00525822,0.00407443,0.00575222,0.0084333,0.00652902,0.00874851,0.0112608,0.017361,0.0106177,0.0111159,0.0116071,0.0100294,0.0128003,0.0120163,0.032528,0.0138935,0.0128096,0.00820322,0.011072,0.0133946,0.0095947,0.0089796,0.00871183,0.00888202,0.00637956,0.00678645,0.00925073,0.00622603,0.00640009,0.00575828,0.00600283,0.00604306,0.007043,0.0109265,0.00703728,0.00293619,0.00402858,0.00423413,0.000679898,0.0007394,0.000708097,0.00100312,0.00132791,0.00160276,0.00157895,0.00134073,0.00159556,0.00141343,0.00162059,0.00158146,0.00196622,0.00239032,0.00208278,0.00378342,0.00305164,0.00327602,0.00321891,0.00272773,0.00356224,0.00934189,0.00445906,0.00219787,0.00389914,0.00268548,0.00398064,0.0038645,0.00510636,0.00490852,0.00574277,0.00345192,0.00200006,0.00157299,0.0017083,0.00323449,0.0048858,0.00283435,0.00374804,0.00303714,0.0050097,0.00443318,0.00440501,0.00442532,0.00371766,0.0040181,0.00452672,0.00583623,0.00876264,0.00970024,0.00757558,0.0142511,0.0104051,0.0138052,0.0197243,0.011123,0.0216014,0.00999311,0.00727826,0.0229621,0.00996018,0.0115879,0.00686407,0.0131494,0.0183461,0.00788392,0.0115711,0.00963732,0.0133039,0.00634038,0.0103866,0.0100053,0.00734076,0.0179246,0.00298364,0.000993725,0.000909952,0.000918823,0.00190447,0.0013862,0.00120399,0.00177341,0.00187312
962,0.000732604,0.000863352,0.000801985,0.000807732,0.000803646,0.000757961,0.000718603,0.000706811,0.00324063,0.0031777,0.00338506,0.00331022,0.00340497,0.00324473,0.00321789,0.00276035,0.00307718,0.00382487,0.00444945,0.00300004,0.00322087,0.00315631,0.00423978,0.00393472,0.00379356,0.00433924,0.0034101,0.00266594,0.00369614,0.00501522,0.0111821,0.00621279,0.00371192,0.00171118,0.00562671,0.00358477,0.00333204,0.00236388,0.00261545,0.00275172,0.00282063,0.00414114,0.00512141,0.0037518,0.00302647,0.0022817,0.00290125,0.00328059,0.0028027,0.00445621,0.00475646,0.00433077,0.00670909,0.00761792,0.0113627,0.00938097,0.00771664,0.0133663,0.0119165,0.0300818,0.0201852,0.0237068,0.0281565,0.0111287,0.0138935,0.0429139,0.0222477,0.0110243,0.0223632,0.0117429,0.00910322,0.00662944,0.012452,0.0160403,0.00786339,0.0086438,0.00584964,0.00635617,0.00683413,0.00750802,0.00620512,0.00530443,0.00643587,0.00447418,0.00433165,0.00227705,0.00326069,0.00322869,0.0010151,0.00100717,0.000744721,0.00104672,0.00117922,0.00198902,0.00133318,0.00141104,0.00180836,0.00172153,0.00196626,0.00399738,0.00284238,0.00240047,0.00368987,0.00414137,0.00251119,0.00367154,0.00299169,0.00195414,0.00267836,0.00342124,0.00399893,0.0016132,0.00281307,0.00224972,0.00483377,0.00492275,0.00474574,0.00542273,0.00319969,0.00263341,0.00180905,0.00201435,0.00169868,0.00346755,0.00477172,0.00409195,0.00297212,0.00283874,0.00268009,0.00328298,0.00334307,0.00419082,0.00312915,0.00363239,0.00498291,0.00642422,0.00977744,0.00785596,0.00701703,0.0135962,0.00960532,0.0149358,0.00975893,0.0125063,0.0176524,0.00728663,0.00833724,0.0163606,0.0129098,0.00942485,0.00637638,0.0104056,0.0102775,0.00573152,0.00872338,0.00768098,0.00704763,0.00683634,0.00738335,0.00633435,0.00639633,0.00928425,0.00280304,0.000734102,0.000758258,0.000839529,0.00121305,0.000972218,0.000816978,0.00105298,0.00118909
963,0.000674098,0.000775133,0.000715258,0.000712879,0.000703895,0.000680786,0.000597298,0.000599652,0.00436434,0.00339049,0.00525889,0.00389713,0.00343611,0.0036911,0.0050038,0.00420077,0.00356123,0.00351837,0.00297105,0.00332864,0.0059663,0.00507044,0.00429508,0.00555445,0.00379864,0.00417467,0.00419745,0.00311096,0.00410695,0.00489595,0.00592868,0.00427636,0.00303802,0.00188915,0.00394906,0.00305071,0.00325726,0.00250932,0.00285043,0.0023245,0.00260767,0.00476908,0.00662455,0.00439608,0.0030461,0.00218046,0.00262345,0.00323472,0.00513438,0.00333358,0.00398896,0.00457943,0.00824844,0.00952399,0.00933241,0.0101943,0.00872009,0.00777117,0.0102169,0.0200237,0.024161,0.0395599,0.0240744,0.00992191,0.0128096,0.0222477,0.0396801,0.0113197,0.0152957,0.00881629,0.00857388,0.0137895,0.0108069,0.0111941,0.00595703,0.0105552,0.017151,0.00887231,0.00833151,0.00664601,0.00791797,0.00648627,0.00609094,0.00625086,0.00405004,0.00294009,0.00320022,0.00334425,0.000826299,0.000991822,0.000666952,0.001199,0.00118558,0.00180255,0.00137751,0.00178621,0.0015358,0.00246787,0.00192298,0.00179266,0.00239592,0.00159441,0.00249578,0.00290014,0.00314386,0.00241327,0.00262908,0.002972,0.00305701,0.00591315,0.00327151,0.00196736,0.00258938,0.0028843,0.00404626,0.00493823,0.00379412,0.00277158,0.0050216,0.00257685,0.00145042,0.00190857,0.00194129,0.00239959,0.00398258,0.00293223,0.00423961,0.00320895,0.00460769,0.00479976,0.00368005,0.00531088,0.00335705,0.00352235,0.0067464,0.00943878,0.00854434,0.00779453,0.00832727,0.0103703,0.0139474,0.0147932,0.00755805,0.00538215,0.00472614,0.00911262,0.00797754,0.00841068,0.00666461,0.0156802,0.00705093,0.00879737,0.0150988,0.00658309,0.00978005,0.0105947,0.00867042,0.0049091,0.00963859,0.00927225,0.00700825,0.00715366,0.0029135,0.000659772,0.000763159,0.000711614,0.00101066,0.00108027,0.000935253,0.0012456,0.00145748
964,0.000975541,0.0011104,0.000985072,0.000924754,0.000803204,0.000654664,0.000568845,0.000592244,0.00488098,0.00350468,0.00403127,0.00352898,0.003001,0.00385276,0.00510638,0.00530544,0.00342771,0.00481454,0.00601139,0.00440019,0.00587049,0.00396694,0.00627349,0.00539871,0.00611143,0.00544676,0.00525511,0.00442539,0.00420739,0.00455775,0.0034022,0.0059822,0.0050895,0.00184885,0.00559912,0.00233854,0.0033029,0.00230472,0.00282836,0.00255201,0.00252963,0.00397097,0.00507493,0.00536497,0.00849259,0.0050035,0.0047565,0.0057412,0.00489376,0.00713248,0.00787226,0.00837594,0.00872632,0.00582963,0.00756026,0.00757484,0.00829837,0.00736476,0.00964492,0.00764685,0.00992377,0.0126301,0.0119457,0.00943809,0.00820322,0.0110243,0.0113197,0.0225534,0.00992417,0.0109676,0.0107781,0.00833176,0.0113591,0.0148642,0.0139832,0.0124932,0.0074016,0.0120125,0.0110325,0.00913098,0.0113868,0.00775505,0.00925963,0.00361123,0.00867444,0.00287372,0.00436145,0.00386363,0.00165516,0.00174839,0.00104271,0.00166808,0.00166563,0.00271858,0.00260071,0.00234266,0.00356818,0.0032127,0.00334112,0.00459606,0.0051884,0.00333779,0.00698402,0.00354202,0.00606375,0.00419163,0.00344763,0.00485028,0.00353737,0.00502986,0.00513454,0.00446755,0.00448287,0.00456848,0.0056646,0.00592375,0.00315314,0.00189636,0.00531496,0.00389004,0.00173566,0.0023611,0.0018145,0.00307115,0.00417456,0.00637212,0.0054467,0.00531395,0.005104,0.00537885,0.0060107,0.00578197,0.00544923,0.00599362,0.00712194,0.00687117,0.00717485,0.00982313,0.00786342,0.00646959,0.00784696,0.00736547,0.00495617,0.00881587,0.00834698,0.00714669,0.00904892,0.00748173,0.00653324,0.00957531,0.0109561,0.010058,0.0136343,0.0096952,0.008602,0.0123667,0.00862403,0.0114825,0.0116404,0.00905366,0.00836913,0.00541264,0.00368553,0.000964262,0.00118153,0.00120668,0.00133148,0.00135419,0.00139218,0.0017346,0.00177671
965,0.000778744,0.000844292,0.000711639,0.000648198,0.000533044,0.000508953,0.000428511,0.000466153,0.00420147,0.00287891,0.00530803,0.00372444,0.00287025,0.00277917,0.00548487,0.00366718,0.00316243,0.00337112,0.00258853,0.00339322,0.00511384,0.0045809,0.00476453,0.00532916,0.0045459,0.00461551,0.00402557,0.00287476,0.00454152,0.00552157,0.00962401,0.00800562,0.00544821,0.00177823,0.00719302,0.0036724,0.00323492,0.00261665,0.00285736,0.00285422,0.00286843,0.00347941,0.0039158,0.00437997,0.00421197,0.00341116,0.00325953,0.00451445,0.00462486,0.00615,0.00402736,0.0040893,0.00891176,0.00789368,0.014115,0.0127038,0.0086991,0.00707147,0.0110218,0.0239053,0.00814102,0.0089197,0.0152885,0.0101798,0.011072,0.0223632,0.0152957,0.00992417,0.0264368,0.013202,0.00992973,0.0102115,0.013331,0.0173787,0.00712149,0.00994836,0.0140569,0.00877684,0.0070601,0.00888376,0.00613359,0.00667218,0.00726156,0.00734363,0.00545276,0.00302171,0.00359279,0.00367449,0.00111084,0.00135399,0.000872958,0.00184644,0.00135049,0.0028404,0.00178808,0.00231052,0.00232914,0.0023613,0.00231561,0.00245228,0.00312157,0.0020998,0.00465997,0.00338151,0.00430336,0.0028627,0.00293458,0.00312843,0.00372469,0.00395546,0.00336511,0.00310292,0.00299241,0.00345872,0.00432344,0.00391741,0.00304957,0.00327791,0.00336851,0.00380703,0.00142155,0.0023765,0.00176556,0.00308717,0.00472287,0.00585878,0.00508541,0.00386486,0.00410096,0.00410842,0.00402827,0.00308017,0.00398705,0.00438452,0.00714316,0.00828166,0.00712881,0.00773727,0.0072408,0.0100213,0.00777792,0.00904464,0.0129559,0.00881599,0.00667728,0.00847761,0.0105447,0.0112238,0.00872254,0.0074153,0.0102174,0.0124029,0.00995022,0.00744538,0.0124569,0.0138432,0.00983904,0.00890691,0.00891506,0.0109464,0.0116505,0.0108025,0.0045239,0.000872269,0.000871576,0.00109432,0.00155343,0.00114227,0.00108537,0.00149356,0.00166401
966,0.000694466,0.000761849,0.000657924,0.000615133,0.000552941,0.000546939,0.000507464,0.000545484,0.00465698,0.00332849,0.00468376,0.0034232,0.00289842,0.0031948,0.00499158,0.00533481,0.00294578,0.00332814,0.00346935,0.00381788,0.00512091,0.00462509,0.00521926,0.00554442,0.00506016,0.00423137,0.00452358,0.00275834,0.00503726,0.00415639,0.00490443,0.00641461,0.00651077,0.00163045,0.00903379,0.00285036,0.00314465,0.0024723,0.00238879,0.00273181,0.00283334,0.00315957,0.0034233,0.00397309,0.00457572,0.00308804,0.00320982,0.0046325,0.00481483,0.00652918,0.00496081,0.00657212,0.00537972,0.00747289,0.0104424,0.00856992,0.0068374,0.0107764,0.010462,0.00961833,0.0102493,0.00805533,0.0126149,0.0079575,0.0133946,0.0117429,0.00881629,0.0109676,0.013202,0.0296217,0.0109997,0.0112655,0.0124075,0.0124459,0.00912962,0.0213844,0.0138763,0.00986909,0.0196865,0.00759979,0.0062768,0.0135699,0.00893498,0.00557063,0.0092713,0.00323085,0.00382715,0.00496404,0.00096957,0.00126546,0.000888995,0.00154596,0.00143278,0.0015755,0.00173742,0.0018764,0.00191834,0.00249166,0.00168849,0.00158023,0.0032348,0.0028831,0.00498873,0.00263755,0.00414624,0.00289498,0.00323682,0.00257643,0.00338295,0.00339683,0.00326405,0.00370547,0.00334802,0.00353727,0.00486895,0.00398264,0.00327004,0.00337168,0.00359373,0.00266521,0.0015235,0.00173877,0.00155432,0.00286359,0.00386354,0.00398796,0.00487844,0.00435961,0.00435142,0.00342048,0.00565496,0.00428656,0.00353253,0.0048487,0.00790328,0.00684055,0.0077121,0.0110741,0.00788668,0.00829729,0.0113512,0.00816734,0.00803321,0.015047,0.011356,0.00599243,0.0112135,0.0113246,0.0103248,0.0102379,0.0127037,0.0109549,0.0113262,0.00884409,0.0116446,0.0111636,0.00935326,0.00879001,0.0101796,0.00872648,0.0107843,0.00837897,0.00371715,0.000830164,0.000893334,0.00138039,0.00173882,0.00113148,0.0011681,0.00144128,0.00168936
967,0.00102212,0.00113371,0.000975713,0.000897858,0.000766901,0.000699627,0.000666021,0.000724825,0.00563711,0.00385694,0.00485748,0.00321342,0.00391176,0.00495367,0.00424615,0.0055433,0.0046507,0.00482239,0.00578084,0.00521891,0.00622209,0.00532641,0.00664502,0.00787563,0.00759187,0.00471628,0.0041636,0.00370467,0.00500443,0.00501129,0.00365353,0.005693,0.00306266,0.00208267,0.00359676,0.00202614,0.00306234,0.00231908,0.00268056,0.00220029,0.00290104,0.00415426,0.00623167,0.00601235,0.00700762,0.00508106,0.00478979,0.00635021,0.00678356,0.0110053,0.00893598,0.00620003,0.00697863,0.00925352,0.00885284,0.00933793,0.00627194,0.00840011,0.00613555,0.00644105,0.00835643,0.00559697,0.00780063,0.00793549,0.0095947,0.00910322,0.00857388,0.0107781,0.00992973,0.0109997,0.0237306,0.0111939,0.0106421,0.0103379,0.00928855,0.0100828,0.00850137,0.00890198,0.00943593,0.00646449,0.00754118,0.0109079,0.00539869,0.00525428,0.00636398,0.00381541,0.00462958,0.00431836,0.00168747,0.00228642,0.00135318,0.00364655,0.00278351,0.0045554,0.00272828,0.00413818,0.0031978,0.00526038,0.00462458,0.00239484,0.00770916,0.00550639,0.00781844,0.0119466,0.0063152,0.00824217,0.00727756,0.00396218,0.00716786,0.00863196,0.00629877,0.00428785,0.00625329,0.00605281,0.009722,0.00642104,0.00395128,0.00308385,0.00599564,0.00327581,0.00224347,0.00226719,0.00213269,0.0023666,0.0042298,0.00502713,0.00641084,0.0071752,0.0052361,0.00635572,0.00769239,0.00584941,0.00556758,0.00877764,0.00693731,0.00832186,0.00844516,0.00717013,0.00541619,0.00589481,0.00561272,0.00510441,0.00566091,0.0076432,0.00666009,0.00728667,0.0068934,0.00749718,0.00871687,0.00848804,0.0140974,0.0078118,0.00847024,0.0120707,0.0071749,0.00817839,0.00809114,0.0108008,0.0082721,0.00594288,0.00611265,0.00438746,0.00311859,0.000908794,0.000999384,0.0011099,0.00123287,0.00121233,0.00128686,0.00198914,0.00225449
968,0.000765326,0.00088137,0.000809727,0.000806419,0.000788524,0.00076531,0.000703521,0.000690467,0.00459112,0.00299016,0.00502098,0.00367619,0.00396659,0.00411989,0.00564645,0.00449363,0.00468721,0.00465585,0.00419244,0.00393878,0.00436648,0.00556253,0.00522271,0.00562998,0.00469413,0.00381981,0.00489767,0.00534224,0.00406821,0.00523036,0.00509127,0.00554843,0.00252598,0.00152948,0.00352089,0.00234876,0.00324567,0.00222342,0.00239052,0.00219604,0.00258824,0.00398588,0.00546633,0.00423145,0.00410066,0.00348191,0.00360366,0.00527056,0.00512136,0.00452447,0.0049808,0.00722001,0.00608367,0.00930181,0.0087053,0.00902555,0.0112369,0.00829163,0.00711793,0.0085817,0.00926173,0.00698942,0.00796601,0.0102553,0.0089796,0.00662944,0.0137895,0.00833176,0.0102115,0.0112655,0.0111939,0.0262364,0.0124133,0.0118143,0.00778174,0.0143712,0.0178075,0.0106568,0.0109928,0.0202832,0.0128744,0.00821357,0.010429,0.00778685,0.0073059,0.00374143,0.00403371,0.00466037,0.0010437,0.00176265,0.001072,0.00328125,0.00209082,0.00334233,0.00239778,0.00348178,0.00303195,0.00469081,0.00239763,0.00259554,0.00540919,0.00385892,0.00616201,0.00369618,0.00284351,0.00393731,0.00545965,0.00487416,0.00525146,0.00545412,0.00451449,0.00322317,0.00278713,0.00310934,0.00437622,0.00588691,0.00366156,0.00177635,0.00471532,0.0022798,0.00155348,0.00155849,0.00150579,0.00167164,0.0032517,0.00329994,0.00394516,0.00402357,0.00500449,0.00416488,0.00597706,0.00668092,0.00427511,0.0062489,0.0083886,0.0120101,0.0100806,0.0123305,0.00994234,0.00991397,0.0059404,0.00751725,0.0098477,0.0068691,0.00632938,0.0105488,0.0104978,0.00749656,0.0110894,0.0108502,0.00890689,0.0102813,0.00738451,0.00882811,0.0106255,0.00824497,0.010425,0.00976292,0.0108249,0.0126225,0.00795923,0.00643281,0.00392204,0.000790989,0.00101523,0.00107247,0.00123028,0.00121159,0.00121107,0.00150137,0.00162687
969,0.000907371,0.00104778,0.000945274,0.000920483,0.000841454,0.000752208,0.000670279,0.000639312,0.00337714,0.00268995,0.00430162,0.00283987,0.00346534,0.00331104,0.00274883,0.0038076,0.00388595,0.00302014,0.00417757,0.00315441,0.00402632,0.00486981,0.00426227,0.00403419,0.00417493,0.00367903,0.00404542,0.00339106,0.00392563,0.00453063,0.00554299,0.00573902,0.00378387,0.00151971,0.00543403,0.00278488,0.00312984,0.00227945,0.00206188,0.00232397,0.00242241,0.0033365,0.00376139,0.00381269,0.00351314,0.00235321,0.00224032,0.00387944,0.00478811,0.00632128,0.00590652,0.00466578,0.00733553,0.00882994,0.00908186,0.00973813,0.0108801,0.00542763,0.0118161,0.014299,0.00901365,0.0112278,0.0103303,0.00889651,0.00871183,0.012452,0.0108069,0.0113591,0.013331,0.0124075,0.0106421,0.0124133,0.0285648,0.0162749,0.0123632,0.011158,0.0132299,0.0110792,0.00972613,0.0295784,0.0138429,0.0110662,0.0102827,0.00444094,0.00640154,0.00306505,0.00374241,0.00427679,0.00129432,0.00147242,0.00106447,0.00162425,0.00181056,0.00240035,0.00190725,0.00210497,0.00145288,0.00264067,0.00188047,0.00264367,0.00415662,0.00272774,0.00501865,0.00519909,0.00517226,0.00387087,0.0038109,0.00252163,0.00369604,0.00426366,0.00311674,0.00408337,0.00293508,0.00512,0.00621592,0.00488564,0.00281507,0.00250477,0.00305807,0.00221736,0.001609,0.00178864,0.00139915,0.00238963,0.00350708,0.00306034,0.0033466,0.00409998,0.0030385,0.00401984,0.00501789,0.00357468,0.00309539,0.00484198,0.00618046,0.0064834,0.00901731,0.00816669,0.0101858,0.00781152,0.00471451,0.00650035,0.00498974,0.00824407,0.00831532,0.00935122,0.00799384,0.0094936,0.010952,0.0119134,0.0117099,0.0101824,0.01217,0.0105109,0.0136324,0.0265211,0.00949307,0.0106528,0.00911752,0.0101638,0.0117179,0.00738909,0.00497361,0.000693511,0.000748891,0.00107462,0.00129412,0.000971783,0.00106333,0.00142541,0.00156971
970,0.0009556,0.0010707,0.000933436,0.000877127,0.000768606,0.000676645,0.000600422,0.000572961,0.00442024,0.00366361,0.0045061,0.00384718,0.00345008,0.00313875,0.00437106,0.00576748,0.00452931,0.00376755,0.00518334,0.00454415,0.00464089,0.00428876,0.00409551,0.00459637,0.00496155,0.0046658,0.00575626,0.00506965,0.00456,0.00431247,0.00621369,0.00523514,0.00399415,0.00142481,0.00553952,0.00300746,0.00307737,0.00229559,0.0023105,0.00213238,0.00207999,0.00398825,0.00566056,0.00409504,0.00651778,0.00361385,0.00290046,0.00464277,0.00491708,0.00469003,0.00553244,0.00725022,0.00735624,0.00677927,0.0117385,0.0102711,0.00773221,0.00635389,0.011156,0.0170546,0.00776176,0.00933785,0.0126478,0.00935426,0.00888202,0.0160403,0.0111941,0.0148642,0.0173787,0.0124459,0.0103379,0.0118143,0.0162749,0.0237365,0.010481,0.0118502,0.0120049,0.0108197,0.0123458,0.0151935,0.0109915,0.00922432,0.010868,0.00514877,0.0100485,0.00309969,0.00440212,0.00477161,0.00108431,0.0013296,0.000986401,0.00164841,0.00159483,0.00212824,0.00213957,0.002108,0.0025455,0.00274443,0.00245011,0.0028556,0.00361364,0.0024149,0.00381986,0.00280775,0.00265237,0.00285406,0.00342829,0.0036692,0.00428383,0.00506113,0.00338417,0.00235333,0.00345053,0.00305601,0.004758,0.00547735,0.00316339,0.00230548,0.00426037,0.00327548,0.00144479,0.00229641,0.00172977,0.00259289,0.00359804,0.00531671,0.004533,0.00355149,0.00437823,0.00318533,0.00503643,0.00464446,0.00408229,0.00652973,0.00697137,0.00762719,0.00839594,0.0091833,0.00672984,0.00655947,0.00620063,0.00639425,0.00727738,0.00873288,0.00648406,0.00755861,0.00792076,0.00923619,0.00868903,0.00972986,0.0103021,0.0113853,0.01047,0.00827323,0.0144017,0.0170724,0.0094486,0.00950598,0.00968067,0.00888295,0.010793,0.00761772,0.00402274,0.000748231,0.00101913,0.00115285,0.00143625,0.00135529,0.00138254,0.00159086,0.00167144
971,0.0011945,0.00133217,0.00113995,0.00103485,0.000844341,0.000672548,0.000601192,0.000642689,0.00527279,0.00381413,0.0047516,0.00429387,0.00387304,0.00390549,0.00658993,0.00446423,0.0039421,0.00662082,0.00672236,0.0051096,0.00620819,0.00503737,0.00860604,0.00563367,0.00662108,0.00622509,0.00662571,0.00473205,0.00519032,0.00656749,0.00337201,0.00454414,0.00387656,0.00207847,0.0042268,0.0019744,0.00413911,0.00217911,0.0028325,0.00258207,0.00209744,0.00485985,0.00616019,0.00722821,0.00857204,0.00526011,0.00348274,0.00615712,0.0064491,0.00951525,0.00790921,0.00817637,0.00686043,0.00648518,0.00616015,0.00481799,0.00775988,0.00575208,0.00740654,0.004856,0.00614601,0.00606616,0.00536076,0.0117688,0.00637956,0.00786339,0.00595703,0.0139832,0.00712149,0.00912962,0.00928855,0.00778174,0.0123632,0.010481,0.0293598,0.0113644,0.00858631,0.00925406,0.0125593,0.0169,0.0143657,0.00847563,0.00955197,0.00527585,0.0112872,0.00344912,0.00541328,0.00510308,0.00205576,0.00161217,0.00165724,0.00122639,0.0028538,0.00432413,0.00249975,0.00263627,0.0032982,0.00332562,0.00361705,0.011084,0.0058138,0.00401635,0.00799793,0.00478541,0.00729732,0.00390289,0.00519098,0.004877,0.00639059,0.0074104,0.00670204,0.00621577,0.00604753,0.00642982,0.00725695,0.00665931,0.00361213,0.00180301,0.00461212,0.0025743,0.00179012,0.00230248,0.0028812,0.0031748,0.00327208,0.00393286,0.00591503,0.00489938,0.00658932,0.00578243,0.00754755,0.00781686,0.00452817,0.00858579,0.00606351,0.00859784,0.00482143,0.00592779,0.00541266,0.00397168,0.0046872,0.00564281,0.00616143,0.00763728,0.00716396,0.00795423,0.00983934,0.00753477,0.00781754,0.00817735,0.0120263,0.00872454,0.00717818,0.0128346,0.0057954,0.00871671,0.00778006,0.0102919,0.00989248,0.00588067,0.0058739,0.00473199,0.00434184,0.00104512,0.00123694,0.00140623,0.00152876,0.00161394,0.0017125,0.00225398,0.00224264
972,0.000543068,0.000586624,0.000502549,0.000460165,0.000426456,0.000433766,0.000442875,0.00052368,0.0051861,0.00329043,0.00353519,0.0024064,0.00255723,0.00288662,0.00534402,0.00674262,0.00262601,0.00347464,0.00321986,0.00490941,0.00672178,0.00345937,0.00397177,0.00350257,0.00467297,0.00524288,0.00421786,0.00318696,0.0063911,0.00362795,0.00470357,0.00804431,0.00854038,0.0017001,0.0116232,0.00331821,0.00306518,0.00251518,0.00251072,0.00229457,0.00225169,0.00428071,0.00521819,0.00357391,0.00424164,0.00309437,0.00398954,0.0043853,0.00446091,0.00545543,0.00613387,0.00496083,0.00787924,0.00698919,0.00734874,0.00953415,0.00815257,0.00760777,0.00641432,0.00696108,0.0107428,0.00611162,0.00562407,0.00892547,0.00678645,0.0086438,0.0105552,0.0124932,0.00994836,0.0213844,0.0100828,0.0143712,0.011158,0.0118502,0.0113644,0.0381776,0.0143718,0.0106056,0.027431,0.0152474,0.0131611,0.0162613,0.0104839,0.011842,0.00948295,0.00399718,0.00383821,0.00543788,0.00128956,0.00154713,0.00108034,0.00161688,0.00156754,0.00217284,0.00208683,0.00222676,0.00275782,0.00309685,0.00261973,0.00181328,0.00352862,0.00293461,0.00404199,0.00458335,0.00385728,0.00442836,0.00406098,0.00280918,0.00289892,0.00391385,0.00364722,0.00260447,0.00301873,0.00373353,0.00502325,0.00512941,0.00342964,0.00185066,0.00370209,0.00236417,0.00178007,0.0022144,0.00176514,0.00191929,0.002667,0.00409785,0.00484685,0.00412517,0.00347733,0.0039736,0.00426722,0.00360446,0.00465648,0.00481965,0.00791023,0.0085034,0.00539596,0.00819737,0.00723848,0.00632484,0.012178,0.00807086,0.00746999,0.0122385,0.00531729,0.00856506,0.0130175,0.00623439,0.00802489,0.0085572,0.0124013,0.010517,0.00780166,0.00700245,0.0100075,0.0073141,0.00883872,0.00835065,0.0097754,0.0128708,0.00994002,0.00686947,0.00485445,0.000616746,0.000877365,0.00114943,0.00149227,0.00139608,0.00154327,0.00139824,0.00136716
973,0.000552932,0.0006489,0.000602888,0.000608493,0.00059608,0.000580173,0.000555332,0.000563992,0.00278093,0.00205784,0.00349067,0.00235858,0.00281405,0.0027716,0.00324307,0.00297932,0.00398873,0.00372869,0.00310049,0.00219758,0.00322912,0.00386657,0.00262484,0.00437921,0.00426472,0.00458837,0.00456641,0.00467729,0.00379692,0.00441156,0.00577578,0.00667015,0.00405206,0.0017014,0.00405179,0.00229656,0.00262888,0.00208219,0.00276677,0.00215759,0.00191314,0.00383605,0.00464301,0.00343827,0.00497844,0.00269392,0.00338476,0.00358018,0.0036876,0.00400133,0.00401861,0.00537129,0.00742815,0.00991499,0.0127521,0.0130921,0.0126198,0.00763914,0.00978017,0.00956781,0.0101594,0.00805903,0.0104466,0.0107813,0.00925073,0.00584964,0.017151,0.0074016,0.0140569,0.0138763,0.00850137,0.0178075,0.0132299,0.0120049,0.00858631,0.0143718,0.0375494,0.0106544,0.0131838,0.0146399,0.00988701,0.0116625,0.0132118,0.0160265,0.00801752,0.00493945,0.00441301,0.00501953,0.0013567,0.0014636,0.00114126,0.00124498,0.00188211,0.00191743,0.00207033,0.00197804,0.00227624,0.00307266,0.00279032,0.00196523,0.00289375,0.00253228,0.00246442,0.00350172,0.00373879,0.00340408,0.00299599,0.00515494,0.00358425,0.00397076,0.00365818,0.00399532,0.00332226,0.00369827,0.00651352,0.00588647,0.00392445,0.00251703,0.00340404,0.00286778,0.001756,0.0022146,0.00167332,0.00181878,0.00321736,0.00393189,0.00341026,0.00415766,0.00340175,0.00389129,0.00342211,0.00470698,0.00356603,0.00455897,0.00753417,0.00853193,0.00748294,0.00800806,0.0106711,0.0122271,0.00564774,0.00800804,0.00802047,0.00869801,0.0067341,0.0096352,0.00953038,0.00757309,0.0103478,0.0156432,0.0127615,0.0114711,0.0116826,0.00925404,0.0133416,0.0108381,0.00774931,0.00603857,0.00888027,0.0124106,0.0127439,0.00670338,0.00422316,0.000702473,0.000939076,0.00105481,0.00135554,0.00151819,0.00145503,0.00172489,0.00205593
974,0.00130136,0.00142739,0.00122608,0.00115221,0.00101781,0.000985587,0.00083087,0.000687084,0.00608082,0.00415605,0.00713221,0.00488831,0.00546961,0.00557953,0.00664541,0.0108705,0.00916694,0.0058026,0.00760711,0.00602333,0.0063223,0.00681551,0.00577833,0.00647911,0.00535037,0.00547353,0.00574862,0.0056694,0.00507868,0.00489799,0.00293233,0.00429095,0.00286444,0.00146879,0.00347642,0.00135291,0.0026806,0.00167251,0.00236357,0.0020068,0.00182506,0.00318312,0.00314576,0.00478031,0.00435694,0.00406985,0.00614364,0.00556582,0.00605729,0.00865559,0.00586604,0.00805698,0.00856712,0.0067127,0.00702353,0.00703909,0.00783878,0.00526034,0.00953062,0.00706565,0.00854552,0.00629714,0.00605525,0.00854651,0.00622603,0.00635617,0.00887231,0.0120125,0.00877684,0.00986909,0.00890198,0.0106568,0.0110792,0.0108197,0.00925406,0.0106056,0.0106544,0.0251919,0.0130203,0.00950009,0.00852571,0.00959077,0.00943386,0.00583854,0.00768013,0.00480475,0.00475784,0.00479196,0.00166771,0.0020227,0.00124159,0.00211825,0.00198385,0.0025718,0.00268086,0.00309092,0.00366985,0.0048857,0.00331483,0.00251664,0.00431417,0.00296358,0.00580944,0.00432211,0.0069168,0.0061379,0.00554119,0.00620757,0.00538226,0.00457993,0.00486333,0.00387623,0.00443055,0.00613541,0.00730034,0.00602555,0.00479729,0.00231825,0.00474022,0.00273287,0.00196885,0.00215041,0.00169647,0.00190008,0.003935,0.00379978,0.00435517,0.00643409,0.00647998,0.00585864,0.00563158,0.00643439,0.00495108,0.00571067,0.00920683,0.00654469,0.00700635,0.00733128,0.00786235,0.00496113,0.00646762,0.00530603,0.00616249,0.00968099,0.00506581,0.00646881,0.00671522,0.00887948,0.00536254,0.00795531,0.0122133,0.0100291,0.00800659,0.0127286,0.0101789,0.0142566,0.010309,0.00972553,0.00887541,0.0107864,0.0118853,0.00890462,0.00486872,0.00129216,0.00166808,0.00159802,0.00217765,0.00200798,0.00148104,0.00231601,0.00306516
975,0.00104051,0.0012151,0.00112455,0.00109092,0.00101929,0.000802412,0.000649811,0.000598747,0.00637759,0.00449023,0.00419993,0.00246915,0.00300272,0.00333872,0.00689733,0.0105163,0.00484669,0.00323254,0.00338667,0.0062049,0.00733554,0.00439097,0.00499813,0.00497393,0.00609589,0.00589483,0.00515224,0.00559254,0.0051694,0.00391398,0.0041891,0.00524533,0.00573778,0.00148607,0.00749259,0.00260778,0.00310234,0.00181259,0.00262028,0.00260685,0.00223336,0.00453046,0.00561121,0.00434436,0.0074778,0.0040072,0.00325534,0.0043253,0.00482537,0.00432979,0.00473942,0.00695944,0.00582047,0.0070911,0.00602837,0.00758427,0.00620714,0.00586894,0.00528846,0.00698969,0.00775135,0.00681568,0.00547051,0.00761195,0.00640009,0.00683413,0.00833151,0.0110325,0.0070601,0.0196865,0.00943593,0.0109928,0.00972613,0.0123458,0.0125593,0.027431,0.0131838,0.0130203,0.0353169,0.0150083,0.0144133,0.0179802,0.0150462,0.0201005,0.013428,0.00463337,0.00526458,0.00677978,0.00136881,0.00168568,0.00126475,0.00225601,0.00239446,0.00327582,0.0022158,0.00278324,0.00215989,0.00363575,0.00242724,0.00271911,0.00384717,0.00230404,0.0037826,0.00352239,0.00413698,0.003295,0.00489226,0.00524784,0.00469029,0.00511049,0.00480758,0.00341143,0.00475576,0.00356967,0.0049182,0.00525963,0.00368614,0.00210051,0.00416221,0.00283318,0.00152888,0.0014736,0.00149502,0.00194028,0.00304955,0.00338111,0.0060331,0.00535189,0.00549346,0.00390864,0.00423559,0.00487711,0.00373178,0.0059354,0.00887922,0.00683388,0.00541155,0.00883061,0.00729919,0.00569721,0.0121566,0.00522986,0.006213,0.0103913,0.00508894,0.00560627,0.00936792,0.00686497,0.00515493,0.00922819,0.0110771,0.00794666,0.00721155,0.00767107,0.0107353,0.00659923,0.00721435,0.00579102,0.00617929,0.00689326,0.00835116,0.00613539,0.00599334,0.000796758,0.00148893,0.00174222,0.00213237,0.00230103,0.00206079,0.0021605,0.00220965
976,0.000744164,0.000843706,0.000740509,0.000699507,0.000613475,0.000538144,0.000510089,0.000513345,0.00312777,0.0024244,0.00293473,0.00243129,0.00270176,0.00295829,0.00335937,0.00406938,0.00346471,0.00325305,0.00270503,0.00255747,0.00361834,0.00370139,0.00405078,0.00482876,0.0035434,0.00302398,0.00418123,0.00375854,0.00434613,0.00410978,0.00441417,0.00436636,0.00243989,0.00126698,0.00331148,0.00190177,0.00236403,0.00171842,0.00187158,0.00207034,0.00196837,0.00303191,0.00436346,0.00443597,0.00316261,0.00355601,0.00393328,0.00417929,0.00386053,0.00661205,0.00480647,0.00493674,0.00537512,0.00824909,0.00835722,0.0106779,0.0121781,0.00498232,0.00932649,0.0119911,0.00583836,0.0117335,0.00719563,0.00935535,0.00575828,0.00750802,0.00664601,0.00913098,0.00888376,0.00759979,0.00646449,0.0202832,0.0295784,0.0151935,0.0169,0.0152474,0.0146399,0.00950009,0.0150083,0.0676518,0.0273713,0.0125395,0.0174748,0.00683117,0.00895847,0.00420131,0.00490178,0.00608056,0.00120864,0.00150821,0.00124355,0.00202928,0.00221465,0.00270151,0.00246941,0.00231844,0.00255724,0.00285737,0.00187599,0.0022527,0.00304583,0.00277955,0.00526424,0.00556236,0.00524267,0.00474076,0.00587936,0.0033756,0.00426894,0.00398373,0.00376402,0.00272715,0.00415417,0.0045617,0.00526494,0.00541631,0.0025525,0.00137321,0.0035715,0.00262226,0.00132669,0.00157515,0.0017027,0.00174667,0.00299962,0.00249156,0.00304631,0.00425265,0.00411497,0.0033741,0.00461345,0.00328891,0.00345205,0.00507322,0.00621823,0.00961398,0.0071359,0.00694694,0.0104518,0.00668013,0.0031846,0.00821136,0.00492703,0.00666601,0.00650301,0.0114218,0.00944492,0.00418337,0.0118025,0.00788037,0.007366,0.00634532,0.00622812,0.00756941,0.0156432,0.0187024,0.00926596,0.0113137,0.00847521,0.00640449,0.0076505,0.00462288,0.00578806,0.000621346,0.000947526,0.00110243,0.00107061,0.00134698,0.0015751,0.0018432,0.00186246
977,0.000440266,0.00044844,0.000353898,0.00031337,0.000288114,0.000372837,0.000422216,0.000441493,0.00386806,0.00327017,0.00467608,0.0037833,0.00425302,0.00433315,0.00430429,0.00632494,0.0053456,0.00477269,0.0078972,0.00462462,0.00415276,0.00521979,0.00576057,0.00500893,0.00467869,0.00601421,0.00452087,0.00306041,0.0052281,0.00640286,0.00433543,0.00514605,0.00288768,0.00130266,0.00417252,0.00198436,0.00237967,0.00160875,0.00205135,0.00154159,0.00156701,0.00342328,0.00451576,0.00481025,0.00626584,0.00359562,0.00325493,0.00470041,0.00524059,0.00355921,0.00560817,0.00865694,0.0083313,0.00812871,0.00531135,0.00798494,0.00760551,0.00636468,0.0068563,0.00837317,0.00652125,0.00655609,0.00519833,0.00851986,0.00600283,0.00620512,0.00791797,0.0113868,0.00613359,0.0062768,0.00754118,0.0128744,0.0138429,0.0109915,0.0143657,0.0131611,0.00988701,0.00852571,0.0144133,0.0273713,0.0252553,0.0121047,0.0229996,0.0229664,0.0138557,0.0170214,0.00824042,0.00599195,0.00148503,0.00175272,0.00170847,0.00286932,0.00294681,0.00443804,0.00229525,0.00332583,0.0027271,0.00316456,0.00201672,0.00682873,0.00472129,0.00355037,0.00517797,0.00412786,0.00364553,0.00398452,0.00572012,0.00382056,0.00376106,0.00554611,0.00573079,0.00247772,0.00460361,0.00428225,0.00664268,0.00714773,0.0044588,0.00187452,0.00639394,0.00302868,0.00151675,0.00209924,0.00200485,0.00185983,0.0027612,0.0043279,0.00439979,0.00568923,0.00340045,0.00271607,0.00595462,0.00830911,0.00413671,0.00671176,0.00737645,0.00851291,0.00759759,0.00878406,0.00747235,0.00777813,0.00452312,0.00596888,0.00751397,0.00611943,0.00646293,0.00890299,0.00889953,0.00658053,0.00733595,0.00746325,0.00606306,0.00608746,0.00598576,0.00775381,0.008704,0.0100551,0.00819284,0.00856737,0.00935539,0.00717782,0.00704866,0.00461633,0.00729219,0.00147619,0.00260163,0.00148125,0.00199112,0.00239841,0.00212255,0.00336893,0.00395267
978,0.000405569,0.000432969,0.000369435,0.000338559,0.000316682,0.000342616,0.000356824,0.000404625,0.00443972,0.00255776,0.00466441,0.00243552,0.00386125,0.00338292,0.00469678,0.00539129,0.00265463,0.0030562,0.00377478,0.00467966,0.00684095,0.00559467,0.00360318,0.00602555,0.00369004,0.00549323,0.00561544,0.00328715,0.00637839,0.00484175,0.00319911,0.00495186,0.00357018,0.00129666,0.00668131,0.00244512,0.00258973,0.00182919,0.00227062,0.00157613,0.00174515,0.00356467,0.00385922,0.00463128,0.0043026,0.00303647,0.0035835,0.00406784,0.0048088,0.00384837,0.00699197,0.00450044,0.00470616,0.00678323,0.0094943,0.00991422,0.00818059,0.00762086,0.00599465,0.00950914,0.00791392,0.00670222,0.00537575,0.00617069,0.00604306,0.00530443,0.00648627,0.00775505,0.00667218,0.0135699,0.0109079,0.00821357,0.0110662,0.00922432,0.00847563,0.0162613,0.0116625,0.00959077,0.0179802,0.0125395,0.0121047,0.02785,0.0147259,0.0235238,0.0106653,0.00539805,0.00582962,0.0064261,0.0015777,0.0019259,0.00192097,0.00275251,0.00346514,0.00313799,0.00405067,0.00387909,0.00306845,0.00339341,0.0019489,0.00255451,0.00576174,0.00778662,0.00568612,0.00847043,0.00395283,0.00565178,0.0072938,0.0046983,0.00670821,0.00574623,0.00317996,0.00377939,0.00364322,0.00473811,0.00612831,0.00582014,0.00362815,0.00187807,0.00463779,0.00321173,0.0017355,0.002104,0.00185798,0.00184363,0.00432842,0.00385155,0.00511832,0.0087326,0.00332742,0.00334895,0.00689419,0.00482668,0.00503549,0.00942429,0.00988591,0.00607815,0.00620199,0.00695749,0.00710378,0.00707293,0.00841173,0.0046936,0.00614873,0.00942937,0.00622416,0.00731912,0.00796412,0.0110105,0.00642392,0.0108045,0.0135943,0.00852287,0.00717998,0.00924304,0.0104555,0.00858295,0.0103282,0.00779929,0.00799259,0.00857549,0.0109507,0.00660747,0.00812064,0.00154501,0.00361632,0.00336121,0.00284536,0.00437416,0.00237358,0.00380168,0.00396989
979,0.000916754,0.00101472,0.00088532,0.000857665,0.000805983,0.000815706,0.000704656,0.000547689,0.00383901,0.00338008,0.00548641,0.00500615,0.00470627,0.00427226,0.00444927,0.00644624,0.00656487,0.00513693,0.0092577,0.00460504,0.0031967,0.00454366,0.00576341,0.00455332,0.0037491,0.00569156,0.00440975,0.0032456,0.00485393,0.00504103,0.00590091,0.00469994,0.00352135,0.00133642,0.00505012,0.00265191,0.00272833,0.00204812,0.00198477,0.00167579,0.00169999,0.00302985,0.00342696,0.00333468,0.00491638,0.00261382,0.00214808,0.00369906,0.00302903,0.00273797,0.00361037,0.00908042,0.00787095,0.00566224,0.00666591,0.00707775,0.00729231,0.00588152,0.00706594,0.0101981,0.00584621,0.00526472,0.00575181,0.00667171,0.007043,0.00643587,0.00609094,0.00925963,0.00726156,0.00893498,0.00539869,0.010429,0.0102827,0.010868,0.00955197,0.0104839,0.0132118,0.00943386,0.0150462,0.0174748,0.0229996,0.0147259,0.0418018,0.0612364,0.0187969,0.0170875,0.00807612,0.00841538,0.00154074,0.00178892,0.00162902,0.00166524,0.00195313,0.00196824,0.00227539,0.00215995,0.00189406,0.0014691,0.00122309,0.00268874,0.00279076,0.00346698,0.00292453,0.00240343,0.00234174,0.00306707,0.00356591,0.0034776,0.00248748,0.00290511,0.00346172,0.00233863,0.0038616,0.00311363,0.00547024,0.00663021,0.00589014,0.00325429,0.00476382,0.00303261,0.00261953,0.00292429,0.00250097,0.00285035,0.0041134,0.0037014,0.00410823,0.00350079,0.00281451,0.00277264,0.00526696,0.00701427,0.00422219,0.00583907,0.0076199,0.00774997,0.00812567,0.0103665,0.00665968,0.0116059,0.00442173,0.00620515,0.0100578,0.00644068,0.00537194,0.00727084,0.00642504,0.0079416,0.0080806,0.00688532,0.00632831,0.00585424,0.00563863,0.00839565,0.00801415,0.00776668,0.00728014,0.00800006,0.00998487,0.00633634,0.00736389,0.0053788,0.0074346,0.000987384,0.0014457,0.00143969,0.00160204,0.00164472,0.00219315,0.00309628,0.00356788
980,0.00112555,0.0013719,0.00130574,0.00131021,0.00121473,0.000922161,0.000688841,0.000554454,0.00231454,0.00196191,0.00302929,0.00229027,0.00248572,0.00222334,0.00216269,0.00185415,0.00249562,0.00249492,0.00322089,0.00237449,0.00251381,0.00283388,0.00221349,0.00390889,0.00265202,0.00337765,0.00340483,0.00300405,0.00395557,0.00363062,0.00872171,0.00472045,0.00242717,0.0014951,0.00351894,0.00339653,0.00294377,0.002245,0.00208234,0.00217593,0.00195521,0.00252146,0.00306563,0.00268524,0.0023638,0.002583,0.00260046,0.00257593,0.00280609,0.0030305,0.00393213,0.00381158,0.00329624,0.00468026,0.00613431,0.0057491,0.00743133,0.00599626,0.00366578,0.0136084,0.00491232,0.00343495,0.00381901,0.00792535,0.0109265,0.00447418,0.00625086,0.00361123,0.00734363,0.00557063,0.00525428,0.00778685,0.00444094,0.00514877,0.00527585,0.011842,0.0160265,0.00583854,0.0201005,0.00683117,0.0229664,0.0235238,0.0612364,0.132815,0.024804,0.00814187,0.00643793,0.015555,0.00156794,0.0018739,0.00150988,0.00165029,0.00160676,0.00195818,0.00241577,0.00245569,0.00175106,0.00155865,0.00122129,0.00156587,0.00310885,0.0040183,0.00290341,0.00368309,0.00262776,0.00347636,0.00380941,0.00329234,0.00434614,0.00332667,0.00316056,0.00308061,0.00366121,0.00278867,0.00439182,0.00416893,0.00542525,0.00408891,0.00344854,0.00320263,0.00301759,0.00259619,0.00245142,0.00369533,0.00506415,0.00333383,0.00276253,0.00378392,0.00374301,0.00330033,0.00428929,0.00292904,0.00453568,0.00577856,0.00723655,0.00474237,0.00568423,0.00561056,0.00515651,0.0162655,0.00371947,0.00715948,0.0142997,0.00433155,0.00459867,0.00866267,0.00525964,0.00997153,0.00720977,0.00601886,0.00604939,0.00690914,0.0068073,0.00511377,0.00554447,0.00385047,0.00611647,0.00574478,0.00531206,0.00899095,0.0053422,0.00639802,0.0171113,0.00148685,0.00210275,0.00215848,0.00238338,0.00318623,0.00391691,0.00326205,0.00245027
981,0.000765131,0.000858663,0.000755799,0.00071912,0.000664991,0.000638488,0.000621684,0.000674327,0.00451431,0.00369748,0.00398442,0.00340275,0.00287184,0.00307872,0.00402062,0.00448732,0.00454849,0.00388481,0.00572274,0.00364881,0.00374083,0.00314918,0.00572223,0.005399,0.00468342,0.0041546,0.00558399,0.00465838,0.00363319,0.00344897,0.00330133,0.00307936,0.00335709,0.00132542,0.00348151,0.00187489,0.00282333,0.00230812,0.00225086,0.00216426,0.00203173,0.00297454,0.00414043,0.00337037,0.0074841,0.00310899,0.00340708,0.0057454,0.00537547,0.00495818,0.00520571,0.00827595,0.00588032,0.00514259,0.00556161,0.00569717,0.00528949,0.00472951,0.00442352,0.00589506,0.00446009,0.00428345,0.00562776,0.00487267,0.00703728,0.00433165,0.00405004,0.00867444,0.00545276,0.0092713,0.00636398,0.0073059,0.00640154,0.0100485,0.0112872,0.00948295,0.00801752,0.00768013,0.013428,0.00895847,0.0138557,0.0106653,0.0187969,0.024804,0.0341554,0.0475275,0.0258899,0.0256981,0.00101848,0.00123517,0.000946816,0.0016048,0.001643,0.00194145,0.00195831,0.00158453,0.00201138,0.00206967,0.00174387,0.00201193,0.00260312,0.00310744,0.00272855,0.00323113,0.00300594,0.00369497,0.00406158,0.00418467,0.0047352,0.00558484,0.00378867,0.00306934,0.00395843,0.00338955,0.00496516,0.00463247,0.00255165,0.00153227,0.00412811,0.00223122,0.0013622,0.00148773,0.00177072,0.00221816,0.00289167,0.00242269,0.00413683,0.00378163,0.00385375,0.00277801,0.00533589,0.00459888,0.00489714,0.00697531,0.00543043,0.00591592,0.0050678,0.00611788,0.00484027,0.00527025,0.00473425,0.00391152,0.00581808,0.00545134,0.00493002,0.00456125,0.00462031,0.00613605,0.00397895,0.00571361,0.00658716,0.00622693,0.0050755,0.00750915,0.00590832,0.00471102,0.00571276,0.00626937,0.00749343,0.0105231,0.00698375,0.0125647,0.050199,0.00560578,0.00775366,0.00856424,0.00981694,0.012163,0.00856977,0.0091462,0.00982777
982,0.000344118,0.00042203,0.000420252,0.000461287,0.000530002,0.000624617,0.000730117,0.000874459,0.00332571,0.00298846,0.00311093,0.00197526,0.00198728,0.00227454,0.00223327,0.00287261,0.00336717,0.00268019,0.00255362,0.0021775,0.00235532,0.00279957,0.00264031,0.00345327,0.00320484,0.00277215,0.00286431,0.00383351,0.00316274,0.00273179,0.00174773,0.00280704,0.00240465,0.00161155,0.00197124,0.0013596,0.0026045,0.00261792,0.00238872,0.00210159,0.00193232,0.00197274,0.00215824,0.00247514,0.00264192,0.00246646,0.00349699,0.00279809,0.0028115,0.00287316,0.00271267,0.00267857,0.00257825,0.00297781,0.00324938,0.00390654,0.00306021,0.00240585,0.00240145,0.00275154,0.00291644,0.00258471,0.0026056,0.00319852,0.00293619,0.00227705,0.00294009,0.00287372,0.00302171,0.00323085,0.00381541,0.00374143,0.00306505,0.00309969,0.00344912,0.00399718,0.00493945,0.00480475,0.00463337,0.00420131,0.0170214,0.00539805,0.0170875,0.00814187,0.0475275,0.240088,0.0818119,0.0245055,0.000736413,0.000955645,0.000743922,0.00120857,0.000987171,0.00145159,0.00104191,0.00157157,0.00138778,0.00196279,0.00135664,0.0011825,0.00180232,0.00179563,0.00177861,0.0019086,0.00259177,0.00240383,0.00282532,0.00278932,0.00263623,0.00254751,0.00235625,0.00253697,0.00217573,0.00205995,0.00287521,0.00226726,0.00203948,0.000793906,0.00279771,0.0014438,0.00128713,0.00169776,0.00185462,0.00189822,0.00205551,0.00245086,0.00180902,0.00381006,0.003126,0.00203671,0.00264104,0.00317879,0.00436167,0.00373858,0.00320698,0.00313626,0.00294717,0.00267806,0.00297185,0.00268524,0.00235353,0.00223564,0.0027067,0.00309908,0.00273691,0.00255023,0.00315442,0.00285279,0.00220375,0.00313985,0.00270856,0.00284193,0.00267627,0.00257682,0.00334371,0.00246966,0.00293276,0.00332678,0.00326085,0.00776059,0.00345882,0.00454332,0.0536945,0.00406434,0.0118707,0.00936375,0.0115947,0.0105646,0.00784317,0.0253807,0.0324592
983,0.000869257,0.0010917,0.00110658,0.00121997,0.00137348,0.00145315,0.00149591,0.0015113,0.00523757,0.00444519,0.0039805,0.00275019,0.00272289,0.00319098,0.00345894,0.00447225,0.00509662,0.00354644,0.0040107,0.00330699,0.00312766,0.00407034,0.00486737,0.00450895,0.00413682,0.00446467,0.00394336,0.00528932,0.00425773,0.00376389,0.00260715,0.00399652,0.00452057,0.00295573,0.00210022,0.00169866,0.00408149,0.00348569,0.00342525,0.00339943,0.0029493,0.0035077,0.00363957,0.00414709,0.00416165,0.00306024,0.0039167,0.00537003,0.00434872,0.00426667,0.00436183,0.00379671,0.00373134,0.00364921,0.00408731,0.00454542,0.00372342,0.00298156,0.00279728,0.00315133,0.00309051,0.00327608,0.00345726,0.00397704,0.00402858,0.00326069,0.00320022,0.00436145,0.00359279,0.00382715,0.00462958,0.00403371,0.00374241,0.00440212,0.00541328,0.00383821,0.00441301,0.00475784,0.00526458,0.00490178,0.00824042,0.00582962,0.00807612,0.00643793,0.0258899,0.0818119,0.103494,0.116639,0.00173563,0.00181279,0.00131262,0.000979848,0.00105106,0.0018285,0.00227913,0.00272024,0.00234182,0.00181389,0.00147875,0.00211152,0.00286395,0.00356834,0.00286748,0.00240312,0.00290314,0.00262671,0.00357937,0.004114,0.00344896,0.00367681,0.00293125,0.00322339,0.00321179,0.00346501,0.00400962,0.00430125,0.00495269,0.00197285,0.00273025,0.00147241,0.00333157,0.0042698,0.00386908,0.00250193,0.00278107,0.00249109,0.00254903,0.00360452,0.00316219,0.00312651,0.00347701,0.003512,0.00433153,0.00465392,0.00318839,0.00366024,0.00315885,0.00349447,0.00355832,0.00267258,0.00260367,0.00246276,0.00320694,0.0028515,0.00299701,0.0024429,0.00303529,0.00352387,0.00252744,0.00333311,0.00363362,0.00290949,0.00291712,0.00425719,0.00297051,0.00249372,0.00357874,0.00293491,0.00309656,0.00336151,0.0038877,0.00335999,0.0149957,0.00664732,0.0138552,0.00740177,0.00632537,0.00769173,0.0203825,0.0307138,0.0252977
984,0.00115603,0.00144549,0.00143879,0.00153466,0.00161603,0.00151683,0.0013998,0.00129378,0.00431831,0.00345293,0.00288263,0.00194148,0.00201825,0.0024368,0.00289464,0.00369151,0.00415209,0.00286525,0.00327294,0.00239935,0.00236155,0.00336287,0.00386071,0.0045214,0.00289999,0.00265859,0.00284793,0.00407699,0.00372523,0.00283024,0.00278304,0.0034867,0.00462031,0.00273228,0.00204908,0.00162784,0.0037178,0.0028399,0.0027029,0.00307951,0.00266571,0.003191,0.00347849,0.00313439,0.0024496,0.00223984,0.0038557,0.00403522,0.00381601,0.00434093,0.00340229,0.00341373,0.00302497,0.00328213,0.00419006,0.00457027,0.00333024,0.00273192,0.00271834,0.00313449,0.00305071,0.0031936,0.00358966,0.00387674,0.00423413,0.00322869,0.00334425,0.00386363,0.00367449,0.00496404,0.00431836,0.00466037,0.00427679,0.00477161,0.00510308,0.00543788,0.00501953,0.00479196,0.00677978,0.00608056,0.00599195,0.0064261,0.00841538,0.015555,0.0256981,0.0245055,0.116639,0.166316,0.00173749,0.00195442,0.00116456,0.000927364,0.000609015,0.00134167,0.00202595,0.00257163,0.00215358,0.00191032,0.00101832,0.00134072,0.00245067,0.00266447,0.00258584,0.00231339,0.0021044,0.00253892,0.00357601,0.00380165,0.00344305,0.0030493,0.00241,0.00297154,0.00307615,0.00312542,0.00470649,0.00413485,0.00496836,0.00249113,0.00200091,0.00139587,0.00345611,0.00427898,0.00379649,0.00244038,0.0027476,0.00237891,0.00230187,0.00196704,0.00269483,0.0027853,0.00337993,0.0028839,0.00347116,0.00373365,0.00323177,0.0034138,0.00302758,0.00303042,0.00313885,0.00312344,0.00276481,0.00285447,0.00348638,0.00352645,0.00243133,0.00267538,0.00294593,0.00293249,0.00280025,0.00306345,0.00329373,0.00296661,0.00270664,0.00351682,0.00360689,0.00307954,0.00318502,0.00321308,0.00320679,0.00452102,0.00351706,0.00574812,0.0240613,0.00804244,0.0125949,0.00698998,0.00612169,0.00716214,0.0289325,0.0349395,0.0239436
202,0.000567887,0.000667078,0.000595724,0.000557108,0.000449211,0.000282536,0.000228741,0.000214033,0.00109076,0.00111209,0.00131895,0.00135368,0.00146253,0.00170801,0.00152243,0.00173187,0.00194329,0.00340015,0.00204534,0.00212857,0.00150198,0.00187187,0.00184393,0.00207334,0.0022457,0.00184418,0.0014732,0.00234036,0.00180714,0.00242675,0.00148678,0.00250494,0.00134897,0.00120748,0.00129632,0.00109038,0.00216175,0.000904356,0.000846108,0.000972244,0.000845206,0.00151607,0.00164333,0.00299212,0.00215564,0.00208519,0.00265325,0.00193349,0.00188228,0.00251082,0.00296653,0.00212173,0.00154931,0.00215589,0.00152172,0.00217199,0.00158053,0.00110837,0.00114364,0.000861747,0.00117839,0.00125712,0.00104314,0.0015238,0.000679898,0.0010151,0.000826299,0.00165516,0.00111084,0.00096957,0.00168747,0.0010437,0.00129432,0.00108431,0.00205576,0.00128956,0.0013567,0.00166771,0.00136881,0.00120864,0.00148503,0.0015777,0.00154074,0.00156794,0.00101848,0.000736413,0.00173563,0.00173749,0.253789,0.230659,0.0679645,0.0301441,0.0172494,0.0337978,0.0196533,0.0116661,0.00806373,0.00722389,0.0105484,0.00908334,0.00589985,0.00529167,0.00511418,0.00524799,0.00577761,0.00510033,0.00406873,0.00482793,0.00506246,0.00377494,0.00392467,0.00552916,0.00382156,0.00488452,0.00453652,0.00291257,0.0046422,0.00387322,0.00343214,0.0025328,0.00269803,0.00272928,0.00215662,0.00146643,0.00152604,0.00149041,0.00190204,0.00178018,0.00195336,0.00300768,0.00235517,0.00194536,0.00266089,0.0020496,0.00203749,0.00169864,0.00182626,0.00160517,0.00151531,0.00124234,0.000991332,0.00129584,0.00145122,0.00185467,0.00160794,0.00133413,0.00172999,0.00141208,0.00160088,0.0015123,0.0018526,0.00146872,0.00151081,0.00209805,0.00144616,0.00142415,0.00139659,0.00177481,0.00130791,0.00134003,0.0014719,0.00140962,0.00175013,0.000491063,0.000455475,0.000441651,0.000333646,0.000353752,0.000353975,0.000471801,0.00057053
203,0.000517082,0.000610504,0.000552717,0.000524513,0.000435075,0.000296397,0.00024043,0.000250779,0.00128467,0.00115245,0.00172112,0.00125276,0.00169459,0.00178999,0.00169154,0.00181077,0.00183992,0.00240588,0.00184811,0.00242551,0.00148698,0.00218783,0.00168591,0.00216624,0.00209344,0.00142543,0.00181519,0.0023136,0.0022668,0.00212415,0.00156336,0.00224141,0.00174824,0.00124673,0.00157333,0.0014536,0.00204344,0.00116255,0.00100735,0.000899262,0.00100993,0.00163305,0.00194856,0.00251734,0.00283384,0.00283766,0.00282725,0.00239764,0.00261374,0.00261468,0.00277649,0.00218588,0.00204858,0.00256486,0.00197545,0.00262151,0.00160679,0.00133315,0.00132065,0.00115565,0.00147743,0.00136368,0.00116755,0.00136691,0.0007394,0.00100717,0.000991822,0.00174839,0.00135399,0.00126546,0.00228642,0.00176265,0.00147242,0.0013296,0.00161217,0.00154713,0.0014636,0.0020227,0.00168568,0.00150821,0.00175272,0.0019259,0.00178892,0.0018739,0.00123517,0.000955645,0.00181279,0.00195442,0.230659,0.216791,0.041642,0.0330633,0.0152564,0.0319021,0.0147654,0.0324508,0.0243512,0.00809351,0.00638837,0.00561487,0.00931195,0.00572682,0.00598283,0.00579534,0.00622051,0.00580047,0.0053071,0.00542522,0.00570042,0.00428777,0.00440727,0.00620346,0.00407916,0.00513514,0.00495039,0.00375097,0.00525343,0.00433344,0.00416352,0.00303443,0.00307518,0.00330437,0.00238294,0.00163582,0.00175505,0.00189757,0.00197409,0.00213308,0.00194304,0.00292501,0.00255659,0.00202465,0.00299408,0.0020487,0.0023246,0.00185876,0.00225991,0.00191807,0.00187849,0.00165954,0.00115546,0.00157163,0.00173259,0.00226214,0.00197927,0.00166563,0.00213303,0.00172619,0.00183812,0.00171763,0.00203351,0.00183668,0.00173868,0.00254559,0.0017112,0.0019357,0.00156456,0.00233761,0.00143504,0.00166027,0.00166688,0.00170201,0.00187678,0.000541025,0.000481135,0.000451072,0.000346142,0.000377479,0.000367941,0.000473375,0.000593511
204,0.000203508,0.000242034,0.000222326,0.00021873,0.000204101,0.000176653,0.000192736,0.000223634,0.000926734,0.00103024,0.00146315,0.00139458,0.00167106,0.00153965,0.00161078,0.00138283,0.00180037,0.00237116,0.0017847,0.00165325,0.00133817,0.00184932,0.00141911,0.00192815,0.00142952,0.00178457,0.00098722,0.0013238,0.00168894,0.00214803,0.00112056,0.00246394,0.00152469,0.00110108,0.00168106,0.00131398,0.0017592,0.00105233,0.000823512,0.000700906,0.000751377,0.00145606,0.00146262,0.00286529,0.00180182,0.00182427,0.00146475,0.00181208,0.00188775,0.00171758,0.00228799,0.00204309,0.00180156,0.00162763,0.0017693,0.00182764,0.00139256,0.00128862,0.00118636,0.000977103,0.0012207,0.000967159,0.000906422,0.00117051,0.000708097,0.000744721,0.000666952,0.00104271,0.000872958,0.000888995,0.00135318,0.001072,0.00106447,0.000986401,0.00165724,0.00108034,0.00114126,0.00124159,0.00126475,0.00124355,0.00170847,0.00192097,0.00162902,0.00150988,0.000946816,0.000743922,0.00131262,0.00116456,0.0679645,0.041642,0.338055,0.0640534,0.0572248,0.037195,0.0319263,0.0198239,0.0176003,0.0339582,0.00650222,0.00891942,0.00579414,0.00776254,0.00581131,0.0047943,0.00499919,0.00494245,0.00544627,0.00393838,0.00425599,0.00353881,0.00350627,0.00424116,0.00350912,0.00382797,0.00330338,0.00293495,0.00422838,0.00317225,0.00409295,0.00294632,0.00227676,0.00276779,0.00188583,0.00111948,0.00152501,0.00132687,0.00178893,0.00164867,0.00135616,0.00173993,0.00206348,0.00210341,0.00207337,0.00175556,0.00183037,0.00176433,0.0019597,0.00189111,0.00169913,0.00139641,0.00103944,0.00130549,0.00151699,0.00167785,0.00173495,0.00149711,0.00180889,0.00156844,0.00139597,0.00155434,0.00173246,0.00153959,0.00164767,0.0020177,0.00151278,0.00142253,0.00133816,0.00145079,0.00131831,0.00128908,0.00153755,0.00129465,0.00127856,0.000349223,0.000291464,0.000256677,0.000189464,0.000242,0.000277093,0.000375076,0.000430025
205,9.70453e-05,9.51294e-05,7.33436e-05,6.33602e-05,5.14982e-05,9.17245e-05,0.00012499,0.000189035,0.00151494,0.000975569,0.00284742,0.00143017,0.0027147,0.00205286,0.00237283,0.00208572,0.0022386,0.00222702,0.00206181,0.00364973,0.00187976,0.00308627,0.00188367,0.00245258,0.00239317,0.00174262,0.00296438,0.00194746,0.00363599,0.00314927,0.00132861,0.00260566,0.00170552,0.000926421,0.00196755,0.00151909,0.0012219,0.00104678,0.00108751,0.000553198,0.000890206,0.0017616,0.0021647,0.00322042,0.00443865,0.00402577,0.00254895,0.00415103,0.00475624,0.00239114,0.00283196,0.00233217,0.00297833,0.00336464,0.00296119,0.00287831,0.00163524,0.00196647,0.00164654,0.00176734,0.00178137,0.00104878,0.000909583,0.00133662,0.00100312,0.00104672,0.001199,0.00166808,0.00184644,0.00154596,0.00364655,0.00328125,0.00162425,0.00164841,0.00122639,0.00161688,0.00124498,0.00211825,0.00225601,0.00202928,0.00286932,0.00275251,0.00166524,0.00165029,0.0016048,0.00120857,0.000979848,0.000927364,0.0301441,0.0330633,0.0640534,0.0951848,0.065523,0.0550008,0.0863789,0.068009,0.0501535,0.0272726,0.0354788,0.0123568,0.0152079,0.00859542,0.012538,0.00709796,0.005344,0.00749541,0.0070562,0.0047054,0.00468825,0.00463596,0.0061995,0.00408409,0.00329909,0.00408872,0.00355852,0.00511417,0.00331027,0.00221901,0.00508809,0.00303303,0.0016939,0.00210548,0.00120627,0.00095335,0.00164758,0.00207123,0.00194819,0.00346989,0.00174649,0.0020124,0.00252864,0.00220747,0.00321818,0.00200059,0.00281642,0.00212758,0.00291473,0.00206415,0.0024223,0.0024526,0.00126183,0.00156312,0.00164671,0.00255401,0.00250435,0.00186199,0.00318094,0.00190227,0.00162278,0.00165799,0.00209148,0.00198441,0.00168137,0.00293496,0.00164328,0.00246788,0.00168522,0.00345185,0.00139752,0.00173955,0.00178017,0.00123677,0.000980158,0.000267889,0.000245412,0.000285135,0.000281204,0.000264279,0.000329935,0.000662294,0.000745944
206,0.000220803,0.000230409,0.000174533,0.000139112,9.19252e-05,8.98843e-05,0.000141035,0.000204865,0.0013179,0.00126354,0.00224671,0.00209394,0.00314424,0.00305147,0.0030049,0.00249217,0.00328555,0.00392157,0.00297445,0.0027876,0.00305227,0.0034016,0.00249935,0.00428145,0.00250858,0.00320537,0.00208829,0.00273373,0.00314842,0.00332251,0.00160338,0.00317566,0.00141342,0.00126129,0.00221304,0.00131327,0.00167284,0.000841153,0.00102472,0.000700765,0.000752537,0.00186843,0.00208946,0.00433295,0.00326817,0.00324067,0.00250182,0.00327832,0.00348506,0.00233015,0.00342206,0.00317196,0.00302361,0.00255735,0.0028636,0.00244054,0.00208571,0.00182203,0.00174365,0.00163518,0.00208327,0.00129487,0.00121777,0.00166995,0.00132791,0.00117922,0.00118558,0.00166563,0.00135049,0.00143278,0.00278351,0.00209082,0.00181056,0.00159483,0.0028538,0.00156754,0.00188211,0.00198385,0.00239446,0.00221465,0.00294681,0.00346514,0.00195313,0.00160676,0.001643,0.000987171,0.00105106,0.000609015,0.0172494,0.0152564,0.0572248,0.065523,0.0904869,0.0390762,0.0754051,0.0307118,0.0511654,0.0822452,0.0509304,0.0158956,0.0123677,0.0172682,0.0133169,0.0101297,0.00604254,0.00894268,0.00950579,0.00491015,0.00551051,0.00412836,0.0048231,0.00356189,0.00437631,0.00474152,0.00377473,0.00418107,0.00354218,0.00222463,0.00597064,0.00333921,0.00149758,0.00161486,0.00114775,0.000743956,0.00208764,0.00169227,0.00315398,0.0032829,0.00256726,0.00287896,0.00372991,0.00387923,0.00376995,0.0027314,0.00269395,0.00244544,0.00299518,0.00274368,0.00247398,0.00200964,0.00120914,0.00134309,0.00172445,0.00193148,0.00196871,0.00186734,0.00244406,0.00238545,0.00156253,0.00218047,0.00215489,0.00204729,0.00191918,0.0034947,0.0018457,0.00183707,0.00181404,0.00230712,0.00182069,0.00144137,0.00174565,0.00083405,0.000811214,0.000208215,0.000271282,0.000290667,0.000285679,0.000291142,0.000370046,0.000738801,0.00079022
207,0.000580874,0.000645053,0.000533249,0.000463616,0.000327926,0.000198982,0.000224326,0.000209535,0.00195617,0.00170896,0.0035948,0.00316616,0.00416329,0.00377416,0.00398318,0.004168,0.00538699,0.00954165,0.00494873,0.0058256,0.00381773,0.00494674,0.00424585,0.00432294,0.00560527,0.00546848,0.00410171,0.00418687,0.00458361,0.00788142,0.00240739,0.00647536,0.00137759,0.00166379,0.00249413,0.0013469,0.00335136,0.000942703,0.00146744,0.0016048,0.00111909,0.00330762,0.00311191,0.0088714,0.0048467,0.00369639,0.00424883,0.00597094,0.00638832,0.00459379,0.00613958,0.00411792,0.00369078,0.00426827,0.00384103,0.00372434,0.00335142,0.00289857,0.00235809,0.00194567,0.00198789,0.00160025,0.0012124,0.00316913,0.00160276,0.00198902,0.00180255,0.00271858,0.0028404,0.0015755,0.0045554,0.00334233,0.00240035,0.00212824,0.00432413,0.00217284,0.00191743,0.0025718,0.00327582,0.00270151,0.00443804,0.00313799,0.00196824,0.00195818,0.00194145,0.00145159,0.0018285,0.00134167,0.0337978,0.0319021,0.037195,0.0550008,0.0390762,0.0460742,0.0462635,0.0424114,0.02541,0.0137896,0.0432638,0.0269019,0.0171385,0.00895074,0.0163914,0.00930219,0.00992964,0.00945466,0.00783428,0.00635335,0.00679074,0.00687084,0.00908112,0.00437518,0.00531006,0.00767096,0.00563551,0.00592403,0.00458838,0.00302984,0.00624421,0.00369398,0.00196898,0.00171618,0.00158766,0.00126135,0.00228747,0.00216722,0.0033666,0.00517264,0.00355629,0.00463957,0.00408441,0.00409108,0.00449466,0.00359937,0.00411357,0.00352798,0.00343474,0.00226461,0.0031629,0.0026241,0.00194249,0.0018659,0.00200523,0.00346027,0.00337395,0.00230418,0.0045709,0.00187438,0.00208531,0.00251903,0.00285743,0.00225299,0.00200308,0.00347545,0.00212309,0.0028849,0.0026792,0.00435685,0.00189999,0.00148392,0.00255165,0.00114414,0.00164915,0.000388598,0.000446933,0.000612384,0.000582447,0.000499996,0.00061326,0.001241,0.00133659
208,0.000765645,0.00087653,0.000758903,0.00068384,0.000514101,0.0003071,0.00022886,0.00023677,0.00172541,0.00115003,0.00215049,0.00157703,0.00308177,0.00354508,0.00312846,0.00387795,0.0032911,0.00503914,0.0032132,0.00399553,0.00313728,0.00412165,0.00256403,0.00567352,0.00370878,0.0032087,0.00344119,0.00333722,0.0047833,0.00209794,0.00259601,0.00265853,0.00137943,0.00138084,0.00203107,0.000960634,0.00189557,0.000767691,0.000899183,0.00092389,0.000982596,0.00145507,0.00211225,0.00290296,0.00299196,0.00423118,0.00438779,0.00444624,0.00392678,0.00351022,0.00509757,0.00378044,0.00273319,0.00340688,0.00264868,0.00318465,0.00254986,0.00181572,0.00200786,0.00221875,0.00255646,0.00207208,0.00196727,0.00191224,0.00157895,0.00133318,0.00137751,0.00260071,0.00178808,0.00173742,0.00272828,0.00239778,0.00190725,0.00213957,0.00249975,0.00208683,0.00207033,0.00268086,0.0022158,0.00246941,0.00229525,0.00405067,0.00227539,0.00241577,0.00195831,0.00104191,0.00227913,0.00202595,0.0196533,0.0147654,0.0319263,0.0863789,0.0754051,0.0462635,0.129899,0.0198106,0.0272531,0.0358285,0.017581,0.0189521,0.00905432,0.0164475,0.00794262,0.00928372,0.00803208,0.00946821,0.00930475,0.0075628,0.00661038,0.00406779,0.00441478,0.00600111,0.00584056,0.00805088,0.00541439,0.00536839,0.00584244,0.00391702,0.00591438,0.0032634,0.00258365,0.00235971,0.00225101,0.00155917,0.0025824,0.00237613,0.00301029,0.00323211,0.00304509,0.00516789,0.00563955,0.00458527,0.00662291,0.00365932,0.00416989,0.0030075,0.00416375,0.00382978,0.00284843,0.00289814,0.00141915,0.00162071,0.00214656,0.00234066,0.00201335,0.00181769,0.00225344,0.00269758,0.00211907,0.00255481,0.00296379,0.00204958,0.00214762,0.00325407,0.00200328,0.00187744,0.00214879,0.002522,0.00153392,0.00127359,0.00160404,0.00123501,0.00159211,0.000464013,0.000525484,0.000474478,0.000405868,0.000483942,0.000603265,0.00102929,0.00114851
209,0.000481286,0.000554976,0.000491298,0.000460042,0.000380799,0.000279038,0.000245899,0.000227593,0.00160123,0.00116909,0.00247642,0.00201726,0.0028615,0.00311981,0.00318786,0.00348895,0.00384445,0.00535361,0.0036503,0.00414046,0.00303836,0.00395572,0.00249566,0.00399013,0.00352773,0.0029744,0.00268706,0.00335771,0.00449245,0.00399692,0.00197795,0.00375745,0.00125051,0.00103631,0.00213057,0.00109138,0.00238285,0.00106114,0.00133211,0.00099677,0.00105862,0.00275215,0.00306372,0.00428818,0.00256266,0.00279308,0.00402903,0.00392628,0.00501162,0.00368174,0.00505247,0.00353729,0.00288988,0.00343431,0.00253977,0.00357269,0.00321719,0.00203988,0.00213644,0.00153292,0.00238741,0.00179982,0.00155964,0.00212467,0.00134073,0.00141104,0.00178621,0.00234266,0.00231052,0.0018764,0.00413818,0.00348178,0.00210497,0.002108,0.00263627,0.00222676,0.00197804,0.00309092,0.00278324,0.00231844,0.00332583,0.00387909,0.00215995,0.00245569,0.00158453,0.00157157,0.00272024,0.00257163,0.0116661,0.0324508,0.0198239,0.068009,0.0307118,0.0424114,0.0198106,0.12881,0.0872329,0.012536,0.0288883,0.0120686,0.0259094,0.0116028,0.0129855,0.00925501,0.00912532,0.00851683,0.00906315,0.00627593,0.00662583,0.00471469,0.00563157,0.00567441,0.00597833,0.0077686,0.00554598,0.00454576,0.00554604,0.00366101,0.00494177,0.00315864,0.00288883,0.00309,0.00263296,0.001759,0.00272338,0.00256711,0.00293785,0.00402398,0.0029743,0.0037124,0.00450908,0.00360694,0.00441759,0.00383594,0.00421823,0.00344512,0.0043929,0.00247455,0.00325977,0.00304219,0.00178716,0.00180793,0.0021168,0.00295559,0.00301693,0.00189777,0.00298165,0.00239006,0.00217036,0.00275688,0.00291318,0.00227765,0.00203271,0.00355935,0.00251533,0.00273765,0.00264421,0.00362318,0.00140984,0.00166773,0.00223749,0.00181863,0.00206378,0.000564645,0.000614027,0.000591289,0.000529158,0.000641129,0.000731149,0.00125989,0.00146943
210,0.000330895,0.000349769,0.000273954,0.000227459,0.000161848,0.000163228,0.000225356,0.000287608,0.00200347,0.00121701,0.00250759,0.00195597,0.003797,0.00379983,0.00364486,0.00402518,0.00414272,0.00672219,0.00409897,0.00517327,0.00377295,0.00435781,0.00259396,0.0056642,0.00428743,0.00380954,0.00430773,0.00421299,0.00463154,0.00401122,0.00260177,0.00399314,0.00149923,0.00122035,0.00189368,0.000916034,0.0019271,0.00110517,0.00130856,0.000970033,0.000959538,0.00239595,0.00282491,0.00472579,0.00446639,0.00482038,0.00479574,0.0053587,0.00503728,0.00327065,0.00445518,0.00315446,0.00312392,0.00382164,0.00282174,0.00307676,0.00232141,0.00223304,0.00195981,0.00242628,0.00208395,0.00195606,0.00196276,0.00287674,0.00159556,0.00180836,0.0015358,0.00356818,0.00232914,0.00191834,0.0031978,0.00303195,0.00145288,0.0025455,0.0032982,0.00275782,0.00227624,0.00366985,0.00215989,0.00255724,0.0027271,0.00306845,0.00189406,0.00175106,0.00201138,0.00138778,0.00234182,0.00215358,0.00806373,0.0243512,0.0176003,0.0501535,0.0511654,0.02541,0.0272531,0.0872329,0.0905369,0.0586762,0.0167064,0.0126534,0.0211081,0.0154732,0.0112645,0.00902974,0.00788959,0.010045,0.00915806,0.00896268,0.0063054,0.00462058,0.0060065,0.00743875,0.00609638,0.00696912,0.00475369,0.00627517,0.00487563,0.0027646,0.00701195,0.00273886,0.00270133,0.00367571,0.0031501,0.00174574,0.00265969,0.00252129,0.00291836,0.00412739,0.00409499,0.00579904,0.00575055,0.00514336,0.00610819,0.00340238,0.00397009,0.00279096,0.00370784,0.00304642,0.00236737,0.00239601,0.00135601,0.00192905,0.0021997,0.00335577,0.00258883,0.00219558,0.00337833,0.00251465,0.0023384,0.00265433,0.00290034,0.00230967,0.00213958,0.00396287,0.00260419,0.00225391,0.00209063,0.00318328,0.0017013,0.00217423,0.00218585,0.00183804,0.00180502,0.000482248,0.000528808,0.000503697,0.000469897,0.000624085,0.000674297,0.00104371,0.00118668
211,0.000392972,0.000413258,0.000318746,0.000255612,0.000156094,0.000137549,0.000183858,0.00028577,0.00201217,0.00155365,0.00233918,0.00228091,0.00345837,0.00460242,0.00453115,0.00402708,0.00536539,0.00498958,0.00465687,0.00474052,0.00516232,0.00505049,0.00301312,0.00621724,0.00326093,0.00295088,0.00326389,0.00627184,0.00427365,0.00343383,0.00251024,0.00334979,0.00139916,0.00132611,0.00196019,0.0010806,0.00194172,0.000979822,0.00135946,0.000872318,0.000940565,0.00200583,0.00219082,0.00371361,0.00433573,0.00475773,0.00629712,0.00364828,0.00524323,0.00392713,0.00403415,0.00329253,0.00411587,0.00352989,0.00284183,0.00367627,0.00306817,0.00177846,0.00195802,0.00161262,0.00240453,0.0020387,0.00164005,0.00215809,0.00141343,0.00172153,0.00246787,0.0032127,0.0023613,0.00249166,0.00526038,0.00469081,0.00264067,0.00274443,0.00332562,0.00309685,0.00307266,0.0048857,0.00363575,0.00285737,0.00316456,0.00339341,0.0014691,0.00155865,0.00206967,0.00196279,0.00181389,0.00191032,0.00722389,0.00809351,0.0339582,0.0272726,0.0822452,0.0137896,0.0358285,0.012536,0.0586762,0.117818,0.0385834,0.00989358,0.0119029,0.0168964,0.0169537,0.0109624,0.00983642,0.00960289,0.0127145,0.0068813,0.00870463,0.00535244,0.00658763,0.0088937,0.00725388,0.00637016,0.0060219,0.00457848,0.00364232,0.0029259,0.00686239,0.00318376,0.00284581,0.00295548,0.00244,0.00190228,0.0026186,0.00279775,0.00433609,0.0049462,0.00514847,0.00470911,0.00532041,0.00494808,0.00491354,0.00387756,0.00320393,0.00304469,0.00408962,0.00191495,0.00313639,0.00207954,0.00155261,0.0015539,0.00214155,0.00325766,0.00267708,0.00220733,0.00287901,0.00270382,0.00232437,0.00321561,0.00227475,0.00295427,0.00207025,0.00577033,0.0034112,0.0029042,0.0021077,0.00414941,0.00207177,0.00312221,0.00232725,0.00194298,0.00182344,0.000530003,0.000787417,0.000681652,0.000673419,0.000765172,0.000638244,0.00107369,0.00132342
212,0.000728191,0.000791277,0.000628808,0.000516034,0.000323596,0.000193548,0.000218062,0.000332767,0.00209296,0.00174576,0.00252822,0.00228944,0.00466438,0.00419439,0.0053915,0.00429,0.00703465,0.0108618,0.00618142,0.00658267,0.00561347,0.00392613,0.0041476,0.00702894,0.00583643,0.00405289,0.00367562,0.00822287,0.00346948,0.005148,0.00318082,0.00322674,0.00156183,0.0020784,0.00233611,0.00127557,0.00268581,0.000973479,0.00112984,0.00109113,0.00106415,0.00205087,0.00270746,0.00464718,0.00638804,0.00539353,0.0056771,0.00531457,0.00462362,0.00498801,0.00497786,0.00363438,0.00334841,0.0034704,0.00210174,0.00312578,0.00236652,0.00186855,0.00214885,0.00154807,0.00202772,0.00172847,0.00157326,0.00244251,0.00162059,0.00196626,0.00192298,0.00334112,0.00231561,0.00168849,0.00462458,0.00239763,0.00188047,0.00245011,0.00361705,0.00261973,0.00279032,0.00331483,0.00242724,0.00187599,0.00201672,0.0019489,0.00122309,0.00122129,0.00174387,0.00135664,0.00147875,0.00101832,0.0105484,0.00638837,0.00650222,0.0354788,0.0509304,0.0432638,0.017581,0.0288883,0.0167064,0.0385834,0.141394,0.0144926,0.0190056,0.014214,0.0210018,0.0173444,0.008349,0.0162999,0.00754717,0.0116873,0.0111347,0.00701118,0.00985198,0.00624792,0.00635233,0.00658801,0.0051958,0.00619665,0.00389783,0.00333566,0.0089351,0.0031558,0.00271246,0.00301843,0.00254333,0.00161332,0.00209074,0.00233052,0.00408788,0.00533107,0.00683299,0.00714059,0.00473282,0.00460281,0.0060671,0.00428789,0.00384545,0.00276207,0.00308673,0.0021687,0.00240151,0.00134311,0.0014926,0.0013848,0.0016004,0.00232673,0.00177994,0.00218337,0.0030232,0.00189498,0.00147658,0.00220679,0.00380136,0.00292917,0.00255423,0.00477079,0.00249736,0.00165454,0.00237894,0.00283605,0.00250477,0.00217029,0.00262842,0.00134809,0.00155652,0.000485985,0.000659279,0.000671896,0.000690663,0.000702519,0.000581373,0.000841481,0.000929111
213,0.000955121,0.00105838,0.000854551,0.000732356,0.000510118,0.000286395,0.000450097,0.000367542,0.00251184,0.00346243,0.0046288,0.00692716,0.00601632,0.00583516,0.00611879,0.00652309,0.0108315,0.0218127,0.0117569,0.00970167,0.00601839,0.0111333,0.00808995,0.00820345,0.00842973,0.012837,0.00622791,0.00514982,0.00601844,0.0153947,0.00358162,0.0144924,0.00199557,0.00326987,0.00402637,0.00172053,0.00730709,0.00136082,0.00199886,0.00362015,0.00139135,0.00597711,0.00401463,0.0205564,0.00462823,0.00518181,0.0070239,0.00724424,0.00622934,0.0053,0.00790278,0.00569242,0.00323548,0.00456544,0.00356453,0.00360435,0.00399531,0.00500305,0.00275244,0.00175261,0.00184982,0.00228489,0.00213319,0.00762111,0.00158146,0.00399738,0.00179266,0.00459606,0.00245228,0.00158023,0.00239484,0.00259554,0.00264367,0.0028556,0.011084,0.00181328,0.00196523,0.00251664,0.00271911,0.0022527,0.00682873,0.00255451,0.00268874,0.00156587,0.00201193,0.0011825,0.00211152,0.00134072,0.00908334,0.00561487,0.00891942,0.0123568,0.0158956,0.0269019,0.0189521,0.0120686,0.0126534,0.00989358,0.0144926,0.0658837,0.0211848,0.0142478,0.0172754,0.00846755,0.01417,0.00992535,0.00992709,0.00936241,0.00984917,0.00795215,0.0106154,0.00800692,0.00868103,0.00844693,0.00795495,0.00667623,0.00593394,0.0041549,0.00886302,0.00548078,0.00295867,0.00250096,0.00321225,0.0023306,0.0027887,0.00320932,0.00651714,0.00559777,0.00512282,0.00640754,0.00727258,0.00957561,0.00711808,0.00563494,0.00400175,0.00556697,0.00399733,0.00349909,0.0031572,0.00201743,0.00174772,0.00263106,0.00204389,0.00410089,0.00486432,0.00222157,0.00678331,0.00202275,0.00272253,0.00341695,0.00286497,0.00165701,0.00231833,0.00353713,0.00290239,0.00189057,0.00259784,0.00438332,0.00314821,0.00249791,0.00276497,0.00137573,0.00221421,0.000474682,0.000602927,0.000699948,0.000573532,0.0004937,0.000590789,0.0012544,0.0013773
214,0.000826973,0.000927307,0.000778422,0.000685474,0.000500852,0.000320404,0.000322951,0.000347507,0.00264916,0.00201224,0.00476651,0.00315959,0.00612151,0.00450552,0.00571245,0.00472893,0.00795446,0.0122865,0.00766132,0.00931006,0.00666209,0.00734304,0.00605077,0.00726856,0.00725863,0.00642918,0.00597155,0.00841773,0.0071722,0.00845321,0.00286763,0.00584025,0.00246698,0.00224395,0.00334855,0.0019294,0.00360143,0.00121883,0.00166456,0.00177285,0.00129661,0.00357713,0.00406191,0.0104865,0.00835985,0.00936162,0.0073353,0.00850816,0.00832845,0.00699351,0.0094549,0.00595268,0.00432031,0.00573996,0.00436238,0.00494469,0.00450357,0.00331904,0.00318026,0.00189417,0.00376843,0.00281328,0.00262149,0.00398826,0.00196622,0.00284238,0.00239592,0.0051884,0.00312157,0.0032348,0.00770916,0.00540919,0.00415662,0.00361364,0.0058138,0.00352862,0.00289375,0.00431417,0.00384717,0.00304583,0.00472129,0.00576174,0.00279076,0.00310885,0.00260312,0.00180232,0.00286395,0.00245067,0.00589985,0.00931195,0.00579414,0.0152079,0.0123677,0.0171385,0.00905432,0.0259094,0.0211081,0.0119029,0.0190056,0.0211848,0.026554,0.0176234,0.017686,0.0130285,0.012693,0.0111606,0.0131323,0.0144307,0.014596,0.00868155,0.00926452,0.00855627,0.00876939,0.0105548,0.0073572,0.00985052,0.00694503,0.00471201,0.0111985,0.00485643,0.00362415,0.00355823,0.00314939,0.00210879,0.00371535,0.00454502,0.00556085,0.00759828,0.00734175,0.00763253,0.00775712,0.0066838,0.00941142,0.0073086,0.0058532,0.00517091,0.00663505,0.00388916,0.00471994,0.0040147,0.00224847,0.00258537,0.00258015,0.00474263,0.00381649,0.00312646,0.00493484,0.00317777,0.00350996,0.00355238,0.00657862,0.00343398,0.00289332,0.00640633,0.00325865,0.00379959,0.00380867,0.00626881,0.00307171,0.00281945,0.00339221,0.001635,0.00222663,0.000642655,0.000872761,0.000931101,0.000872219,0.000830895,0.000879418,0.0015884,0.00178467
215,0.000826478,0.000877051,0.000680584,0.00054451,0.00029928,0.000181317,0.000252276,0.000365884,0.00345437,0.00224682,0.00339924,0.00270101,0.00416007,0.00690076,0.00522812,0.0090089,0.00775577,0.0133707,0.00777665,0.00980321,0.00744108,0.0119462,0.00670747,0.00817975,0.00926196,0.006066,0.00980213,0.00611609,0.00915301,0.00430526,0.00480282,0.00488525,0.00290307,0.00299894,0.00450753,0.00167258,0.00296621,0.0013828,0.00134526,0.00118913,0.00117896,0.00249233,0.00407998,0.00551296,0.00475513,0.00751645,0.0100436,0.00816136,0.00665272,0.00721923,0.01185,0.00774648,0.00390596,0.00707118,0.00360774,0.00526426,0.0045686,0.00282853,0.0041669,0.00264958,0.00528506,0.00308328,0.00295042,0.00359267,0.00239032,0.00240047,0.00159441,0.00333779,0.0020998,0.0028831,0.00550639,0.00385892,0.00272774,0.0024149,0.00401635,0.00293461,0.00253228,0.00296358,0.00230404,0.00277955,0.00355037,0.00778662,0.00346698,0.0040183,0.00310744,0.00179563,0.00356834,0.00266447,0.00529167,0.00572682,0.00776254,0.00859542,0.0172682,0.00895074,0.0164475,0.0116028,0.0154732,0.0168964,0.014214,0.0142478,0.0176234,0.0414061,0.0151907,0.0145228,0.010381,0.0152231,0.0152979,0.0156678,0.0113588,0.00613237,0.00953787,0.0128387,0.0119564,0.00893726,0.00578989,0.00756152,0.0077842,0.0037137,0.00934992,0.00642065,0.00409923,0.00319835,0.00397671,0.00327355,0.00388744,0.00540411,0.00621052,0.00648879,0.00730243,0.0107354,0.0110116,0.00567596,0.0171656,0.00891322,0.00947096,0.00662797,0.00829113,0.00667921,0.00519305,0.00604852,0.00218769,0.00269365,0.00254081,0.00364816,0.00322747,0.00254947,0.00359998,0.00362807,0.00324698,0.00320216,0.00640269,0.0026641,0.00359853,0.00480094,0.00273373,0.00238764,0.0034417,0.00378241,0.00286062,0.00226842,0.00345556,0.00150363,0.00187872,0.00053059,0.000661719,0.000646402,0.000554302,0.000671631,0.00105459,0.00210309,0.00229824
216,0.000668063,0.000722962,0.000581647,0.000488848,0.000308179,0.000197551,0.000229493,0.000259214,0.00288497,0.00213029,0.00446957,0.00328957,0.00427498,0.00487362,0.00412684,0.00394537,0.00567872,0.00717681,0.00684199,0.00820536,0.00884042,0.00803751,0.00506203,0.00685143,0.00637947,0.00525128,0.00717082,0.00782578,0.00783542,0.00949914,0.00327887,0.00656767,0.00214982,0.00159152,0.00275921,0.00160275,0.00297766,0.00127871,0.0019316,0.00183105,0.00138621,0.00307822,0.00356041,0.0102134,0.00750399,0.0112383,0.00782316,0.00825932,0.00940623,0.00928391,0.0116983,0.00634591,0.00476079,0.00444207,0.00472034,0.00407918,0.00562657,0.00363923,0.00318606,0.00244633,0.00283661,0.00303169,0.00259819,0.0052792,0.00208278,0.00368987,0.00249578,0.00698402,0.00465997,0.00498873,0.00781844,0.00616201,0.00501865,0.00381986,0.00799793,0.00404199,0.00246442,0.00580944,0.0037826,0.00526424,0.00517797,0.00568612,0.00292453,0.00290341,0.00272855,0.00177861,0.00286748,0.00258584,0.00511418,0.00598283,0.00581131,0.012538,0.0133169,0.0163914,0.00794262,0.0129855,0.0112645,0.0169537,0.0210018,0.0172754,0.017686,0.0151907,0.0315968,0.0157227,0.0150952,0.0127734,0.014126,0.0119807,0.00869024,0.00873158,0.00832128,0.0136991,0.0105847,0.0125447,0.00787299,0.00748833,0.0051297,0.00369268,0.00881686,0.00603307,0.0035145,0.00339615,0.00341304,0.0033115,0.00461787,0.00465114,0.00612425,0.00665099,0.00593603,0.00705231,0.00973253,0.00653169,0.00733223,0.00601988,0.00622752,0.00447913,0.00591946,0.00346988,0.00433584,0.00424352,0.00168163,0.00306009,0.00259888,0.00533073,0.00473342,0.00292676,0.00662514,0.00288056,0.00492014,0.00321883,0.0055918,0.00393857,0.00291609,0.00946541,0.00352314,0.00674433,0.00397266,0.0104504,0.00393236,0.00511177,0.00280864,0.0025793,0.00286527,0.000846699,0.00114837,0.00107044,0.000910654,0.000751752,0.00080773,0.00143944,0.00158163
217,0.0011048,0.00119985,0.00095724,0.00078769,0.000481859,0.000245451,0.000270713,0.000321809,0.00339512,0.00296626,0.00336748,0.00431992,0.00486943,0.00731744,0.00388639,0.00453542,0.00395704,0.0071041,0.00500248,0.00696722,0.0128572,0.00788321,0.00705951,0.00948507,0.00682119,0.00456261,0.00856887,0.00606393,0.00640799,0.00640048,0.00380658,0.00459191,0.00209225,0.00218046,0.00227973,0.00143165,0.00260866,0.00114443,0.00171507,0.00176954,0.00169335,0.00291426,0.00527557,0.00710064,0.00496039,0.0080623,0.00855865,0.0107251,0.00689512,0.00996543,0.0116754,0.00525589,0.00587554,0.00496402,0.00598721,0.00554069,0.00620176,0.00233668,0.00306587,0.00268547,0.00351516,0.00269451,0.00170657,0.00455084,0.00378342,0.00414137,0.00290014,0.00354202,0.00338151,0.00263755,0.0119466,0.00369618,0.00519909,0.00280775,0.00478541,0.00458335,0.00350172,0.00432211,0.00352239,0.00556236,0.00412786,0.00847043,0.00240343,0.00368309,0.00323113,0.0019086,0.00240312,0.00231339,0.00524799,0.00579534,0.0047943,0.00709796,0.0101297,0.00930219,0.00928372,0.00925501,0.00902974,0.0109624,0.0173444,0.00846755,0.0130285,0.0145228,0.0157227,0.0367376,0.0125087,0.0216601,0.0187391,0.0147039,0.0132912,0.0102021,0.00873262,0.00986997,0.0119918,0.0131612,0.0112633,0.0072073,0.00537586,0.00502885,0.00913651,0.00607882,0.00350756,0.00348414,0.0031502,0.00257816,0.00626273,0.00478991,0.00711114,0.00864107,0.0120184,0.0133277,0.0167193,0.00912702,0.0152912,0.00807825,0.00600699,0.00409619,0.00562104,0.00453973,0.0032712,0.00338654,0.00175071,0.00226701,0.00343953,0.00310798,0.00280288,0.00330892,0.00386105,0.00354722,0.00355056,0.00281348,0.00699885,0.0047811,0.00414231,0.00936002,0.00364187,0.00504174,0.00480161,0.00738166,0.00327921,0.0035848,0.00223301,0.00252288,0.00301287,0.000793173,0.000926838,0.000998008,0.000894121,0.000794869,0.000787362,0.00141918,0.00162483
218,0.00140143,0.00158498,0.00134764,0.00118627,0.000822202,0.000431666,0.00029886,0.000307243,0.00313428,0.00199369,0.00347903,0.00226838,0.00335059,0.00518659,0.00348961,0.00527453,0.00505338,0.00656382,0.00459526,0.00597962,0.0061896,0.00674705,0.00545721,0.00813105,0.0096882,0.00626397,0.00813686,0.00886625,0.0091438,0.00797058,0.00623472,0.00576817,0.00212261,0.00268463,0.00366089,0.00234038,0.00562089,0.00149306,0.00214098,0.00318731,0.0038396,0.00420249,0.00506331,0.0123175,0.0100016,0.0126605,0.0086241,0.0104005,0.0130371,0.0134933,0.00830048,0.00907319,0.00562358,0.00804335,0.00503755,0.0058912,0.00536865,0.00339449,0.00450304,0.0028571,0.00390288,0.00325499,0.00248321,0.00386285,0.00305164,0.00251119,0.00314386,0.00606375,0.00430336,0.00414624,0.0063152,0.00284351,0.00517226,0.00265237,0.00729732,0.00385728,0.00373879,0.0069168,0.00413698,0.00524267,0.00364553,0.00395283,0.00234174,0.00262776,0.00300594,0.00259177,0.00290314,0.0021044,0.00577761,0.00622051,0.00499919,0.005344,0.00604254,0.00992964,0.00803208,0.00912532,0.00788959,0.00983642,0.008349,0.01417,0.012693,0.010381,0.0150952,0.0125087,0.0292824,0.0150598,0.0143384,0.0118399,0.011001,0.0102127,0.0119437,0.015947,0.0129547,0.0155036,0.0111474,0.00724379,0.00620995,0.00526161,0.00826122,0.0054023,0.00341502,0.00318127,0.00370619,0.00412021,0.00405644,0.00555628,0.00679619,0.0121045,0.0106004,0.00966601,0.00934967,0.00690924,0.0076006,0.00764628,0.00833047,0.00594091,0.00606661,0.00315079,0.00531551,0.00444479,0.0030964,0.00272769,0.00254228,0.00543633,0.0044593,0.00376063,0.00381759,0.00221592,0.00378015,0.00371495,0.00595994,0.00394833,0.00441851,0.00748181,0.00361753,0.00457213,0.00323973,0.0070972,0.00375829,0.00378955,0.00409419,0.00250546,0.0036703,0.000982468,0.0012554,0.00138426,0.001261,0.00112484,0.00109599,0.00182718,0.00200348
219,0.00103757,0.00114878,0.000946278,0.000810705,0.000557769,0.000336438,0.000323984,0.000391051,0.00305957,0.00226381,0.00356956,0.00280358,0.00487538,0.0053784,0.00477685,0.00443018,0.00549528,0.00755316,0.00553758,0.00654014,0.00581649,0.0049019,0.00626435,0.00857588,0.00942278,0.00538188,0.00697276,0.00650177,0.00785558,0.00679582,0.00542871,0.0045314,0.00225689,0.00232344,0.00352495,0.00138231,0.00286412,0.00113473,0.00155662,0.00214541,0.00187651,0.0027716,0.00406606,0.00923278,0.00657343,0.0153715,0.0115252,0.0110256,0.0105067,0.0104933,0.0143141,0.00641387,0.00471789,0.00599192,0.00532609,0.00607685,0.00453128,0.00288693,0.00326868,0.00285051,0.00407989,0.00282912,0.00215055,0.00428524,0.00327602,0.00367154,0.00241327,0.00419163,0.0028627,0.00289498,0.00824217,0.00393731,0.00387087,0.00285406,0.00390289,0.00442836,0.00340408,0.0061379,0.003295,0.00474076,0.00398452,0.00565178,0.00306707,0.00347636,0.00369497,0.00240383,0.00262671,0.00253892,0.00510033,0.00580047,0.00494245,0.00749541,0.00894268,0.00945466,0.00946821,0.00851683,0.010045,0.00960289,0.0162999,0.00992535,0.0111606,0.0152231,0.0127734,0.0216601,0.0150598,0.0267728,0.0161827,0.0173163,0.0116315,0.0121337,0.0155378,0.0154247,0.0130515,0.0147665,0.0105073,0.0103233,0.00730674,0.00535243,0.00939095,0.00460032,0.0031852,0.00359351,0.00273445,0.00208026,0.00438903,0.00444874,0.00595951,0.0114305,0.00801959,0.0107183,0.0130583,0.00858987,0.0147195,0.00560876,0.00817017,0.0043446,0.00665923,0.00555047,0.00485554,0.00359952,0.00252103,0.00251585,0.00343338,0.00436777,0.00344873,0.00306721,0.00530687,0.00311868,0.00303081,0.00320798,0.00586632,0.00354509,0.00432608,0.00543174,0.00316412,0.00358475,0.00313275,0.00681846,0.00274438,0.00341893,0.00436328,0.00216904,0.00255271,0.000680668,0.000826554,0.00104312,0.000953843,0.000864342,0.000912533,0.00179223,0.00209878
220,0.000922926,0.00102892,0.000854922,0.000744288,0.000537082,0.000350257,0.000369256,0.000427525,0.00287916,0.00273164,0.00334112,0.0035277,0.00517643,0.00641452,0.00468248,0.00413232,0.00481061,0.00669705,0.0047403,0.00585566,0.00752267,0.00761588,0.00632119,0.0104217,0.00702533,0.00653264,0.00801817,0.00764232,0.00948056,0.00642887,0.00570593,0.00495474,0.00319366,0.00343048,0.00435394,0.00206031,0.00499227,0.00134411,0.00164733,0.00241712,0.00249742,0.00345637,0.00455131,0.00815018,0.00600251,0.0137715,0.00920361,0.00886254,0.00973755,0.00897098,0.00818761,0.00699623,0.00631325,0.00651892,0.00527702,0.00559029,0.00611818,0.00264605,0.00403178,0.00249886,0.00463406,0.00247848,0.00232874,0.00393951,0.00321891,0.00299169,0.00262908,0.00344763,0.00293458,0.00323682,0.00727756,0.00545965,0.0038109,0.00342829,0.00519098,0.00406098,0.00299599,0.00554119,0.00489226,0.00587936,0.00572012,0.0072938,0.00356591,0.00380941,0.00406158,0.00282532,0.00357937,0.00357601,0.00406873,0.0053071,0.00544627,0.0070562,0.00950579,0.00783428,0.00930475,0.00906315,0.00915806,0.0127145,0.00754717,0.00992709,0.0131323,0.0152979,0.014126,0.0187391,0.0143384,0.0161827,0.0277374,0.0140896,0.0146593,0.0116523,0.00984138,0.0114247,0.014083,0.0113479,0.00953952,0.00920069,0.00810735,0.00450358,0.00935986,0.0059894,0.00362514,0.00423357,0.00453703,0.00276063,0.0057621,0.00636666,0.00603477,0.00872827,0.0108921,0.00720994,0.0122612,0.00967022,0.00950074,0.00963974,0.00729888,0.00628287,0.00737014,0.0048763,0.00526731,0.00430369,0.00283596,0.00260422,0.00424262,0.00445858,0.00403691,0.00324149,0.00279531,0.00396649,0.00336403,0.00440536,0.00457151,0.00320227,0.00274976,0.00644904,0.00406587,0.00444659,0.00442129,0.00697936,0.0024293,0.0030303,0.00299214,0.00240181,0.00308117,0.000762176,0.00100288,0.00112112,0.00100935,0.00105732,0.00113948,0.00216632,0.00253955
221,0.000921582,0.00104111,0.000883573,0.000784304,0.000580584,0.000362764,0.00031484,0.000357246,0.00228416,0.00190349,0.00303751,0.00248496,0.00481135,0.0041341,0.00645589,0.00337638,0.00807429,0.00762088,0.00511166,0.00633136,0.00400159,0.00483742,0.00361173,0.00749684,0.00811011,0.00441159,0.00734407,0.0147014,0.00679169,0.00679626,0.00515763,0.00410992,0.00247683,0.00205022,0.00304199,0.00228709,0.00354503,0.00129619,0.0023723,0.00226392,0.00148468,0.00454328,0.00703653,0.0103549,0.0118755,0.0215738,0.015658,0.0125437,0.0103469,0.00657625,0.0132595,0.00719397,0.00643019,0.00492811,0.00370136,0.00465164,0.00282964,0.0028707,0.00205567,0.00301523,0.00312769,0.0031342,0.00266533,0.00416791,0.00272773,0.00195414,0.002972,0.00485028,0.00312843,0.00257643,0.00396218,0.00487416,0.00252163,0.0036692,0.004877,0.00280918,0.00515494,0.00620757,0.00524784,0.0033756,0.00382056,0.0046983,0.0034776,0.00329234,0.00418467,0.00278932,0.004114,0.00380165,0.00482793,0.00542522,0.00393838,0.0047054,0.00491015,0.00635335,0.0075628,0.00627593,0.00896268,0.0068813,0.0116873,0.00936241,0.0144307,0.0156678,0.0119807,0.0147039,0.0118399,0.0173163,0.0140896,0.0351266,0.0184591,0.01372,0.0111909,0.0201251,0.0124833,0.0119165,0.00989306,0.00885117,0.00822954,0.00643148,0.0102635,0.00590106,0.00458569,0.00483276,0.00442219,0.00295872,0.00397809,0.0056746,0.00498743,0.0101404,0.011627,0.0118525,0.0161026,0.00808805,0.015396,0.00853143,0.00859891,0.0066185,0.00469795,0.00417786,0.00416224,0.00338667,0.00287423,0.00258316,0.0032082,0.00405962,0.00327577,0.00207164,0.00356439,0.00402802,0.00315724,0.00478134,0.00482575,0.00298529,0.00304636,0.0045339,0.00407906,0.00260915,0.0040743,0.00389338,0.0023651,0.0022943,0.00274416,0.00207484,0.00232909,0.000823877,0.00110896,0.00115896,0.00115881,0.00143424,0.00137573,0.00206579,0.00239554
222,0.000913692,0.00101309,0.000827544,0.000701659,0.000499126,0.000309166,0.000327309,0.000433059,0.00245165,0.00249059,0.00386199,0.00347047,0.00708337,0.00614425,0.00815632,0.00366281,0.00898056,0.00752743,0.00683287,0.00621939,0.00395274,0.00615524,0.00508634,0.0100662,0.00535816,0.00487058,0.00697637,0.0139436,0.00711123,0.00551782,0.00242639,0.00482578,0.00360631,0.00217819,0.00436026,0.00214422,0.00415038,0.00129309,0.00140293,0.00197783,0.00221559,0.00298651,0.00531658,0.00681617,0.0095791,0.00940904,0.0101719,0.0110069,0.010205,0.00996148,0.00996426,0.00756692,0.00549905,0.00441692,0.00553412,0.00605155,0.00421732,0.00344347,0.0026364,0.00365237,0.00398836,0.0035178,0.00260499,0.00481687,0.00356224,0.00267836,0.00305701,0.00353737,0.00372469,0.00338295,0.00716786,0.00525146,0.00369604,0.00428383,0.00639059,0.00289892,0.00358425,0.00538226,0.00469029,0.00426894,0.00376106,0.00670821,0.00248748,0.00434614,0.0047352,0.00263623,0.00344896,0.00344305,0.00506246,0.00570042,0.00425599,0.00468825,0.00551051,0.00679074,0.00661038,0.00662583,0.0063054,0.00870463,0.0111347,0.00984917,0.014596,0.0113588,0.00869024,0.0132912,0.011001,0.0116315,0.0146593,0.0184591,0.0329917,0.013572,0.0126535,0.00907066,0.0186491,0.0120678,0.0145688,0.00806622,0.00786977,0.00714582,0.0149438,0.008336,0.00492385,0.00447306,0.00379842,0.00364642,0.00578621,0.00887448,0.00992266,0.00993331,0.0151686,0.00919294,0.00918972,0.00897132,0.0103146,0.00887904,0.00588888,0.00443575,0.00486855,0.00362989,0.00636088,0.00292126,0.00279177,0.00221581,0.00322481,0.00472762,0.00422414,0.00392388,0.00334798,0.0041597,0.00255838,0.00414983,0.00707541,0.00398392,0.00434501,0.0065685,0.00400868,0.00282015,0.00537355,0.00401353,0.00365291,0.00303967,0.00399088,0.00206353,0.00258637,0.000854018,0.00105939,0.00116653,0.00108036,0.000976619,0.00112087,0.00224968,0.00259362
223,0.00127366,0.00143481,0.00121135,0.00107907,0.000817169,0.000521,0.000483523,0.0004787,0.00319322,0.00334956,0.00549502,0.00449528,0.00690713,0.00603279,0.00766396,0.00483999,0.0100666,0.00659011,0.0061026,0.00684627,0.00658698,0.0089701,0.00853039,0.00540474,0.00713019,0.00523186,0.0106254,0.00913424,0.0050136,0.00557294,0.00361855,0.00511716,0.00367552,0.00218912,0.00383652,0.00265231,0.00446306,0.00141288,0.00193096,0.00291794,0.00294168,0.00344154,0.00418251,0.00876574,0.0101259,0.0112191,0.00831502,0.0114867,0.0107879,0.00738183,0.0116386,0.00803833,0.0100797,0.00923128,0.00752881,0.00780116,0.00581994,0.00690272,0.00373793,0.00401482,0.00347954,0.00547394,0.00339233,0.00981976,0.00934189,0.00342124,0.00591315,0.00502986,0.00395546,0.00339683,0.00863196,0.00545412,0.00426366,0.00506113,0.0074104,0.00391385,0.00397076,0.00457993,0.00511049,0.00398373,0.00554611,0.00574623,0.00290511,0.00332667,0.00558484,0.00254751,0.00367681,0.0030493,0.00377494,0.00428777,0.00353881,0.00463596,0.00412836,0.00687084,0.00406779,0.00471469,0.00462058,0.00535244,0.00701118,0.00795215,0.00868155,0.00613237,0.00873158,0.0102021,0.0102127,0.0121337,0.0116523,0.01372,0.013572,0.0324482,0.018253,0.012514,0.00998055,0.0107792,0.0121548,0.00903411,0.00777071,0.00506692,0.0112449,0.00549077,0.00291953,0.00312234,0.00308497,0.00249579,0.00468024,0.00460436,0.00488492,0.00929865,0.00582438,0.00626271,0.00846467,0.0106352,0.00808415,0.00720796,0.00518965,0.00650563,0.0053585,0.00430854,0.00545832,0.00304869,0.00438807,0.00252503,0.00376107,0.00615438,0.00469627,0.00610266,0.00551753,0.00382734,0.00322431,0.00516736,0.00644282,0.00353549,0.00545116,0.00520707,0.00512408,0.00389401,0.00707687,0.00802939,0.00430384,0.0046613,0.00546743,0.00350967,0.00367008,0.000955349,0.00104217,0.00132524,0.00116052,0.000935374,0.00127162,0.00247438,0.00260387
224,0.00118675,0.00130368,0.00105803,0.000892408,0.000604412,0.000352969,0.000380121,0.000517245,0.00381481,0.00344578,0.00547339,0.00352137,0.00707043,0.00655167,0.00845401,0.00636958,0.0113185,0.0102714,0.00750944,0.00848928,0.00501503,0.00734096,0.00792988,0.00691064,0.00921134,0.00662012,0.0095251,0.0081582,0.0084095,0.00502518,0.00542453,0.0047672,0.00312289,0.0028353,0.00352321,0.00213942,0.00398882,0.00140839,0.00191698,0.00274365,0.00217622,0.00350176,0.00650712,0.00663038,0.0103187,0.00752797,0.0117669,0.0138705,0.00963196,0.0101106,0.0123201,0.0086877,0.00797294,0.00583279,0.00793337,0.00566848,0.00379104,0.00362671,0.00403722,0.00350938,0.00441597,0.00394393,0.0023399,0.00774282,0.00445906,0.00399893,0.00327151,0.00513454,0.00336511,0.00326405,0.00629877,0.00451449,0.00311674,0.00338417,0.00670204,0.00364722,0.00365818,0.00486333,0.00480758,0.00376402,0.00573079,0.00317996,0.00346172,0.00316056,0.00378867,0.00235625,0.00293125,0.00241,0.00392467,0.00440727,0.00350627,0.0061995,0.0048231,0.00908112,0.00441478,0.00563157,0.0060065,0.00658763,0.00985198,0.0106154,0.00926452,0.00953787,0.00832128,0.00873262,0.0119437,0.0155378,0.00984138,0.0111909,0.0126535,0.018253,0.0303855,0.0140133,0.0142638,0.0114923,0.00917545,0.0140924,0.00747805,0.00460175,0.0106496,0.00507971,0.00325165,0.00310372,0.00292903,0.00323644,0.00397469,0.00531152,0.00482927,0.0128067,0.00935238,0.00941544,0.00843554,0.00848099,0.0102271,0.0073552,0.00703945,0.00591802,0.00632903,0.00486958,0.00614084,0.00279156,0.00292497,0.00282435,0.00301416,0.00639495,0.00389893,0.00373923,0.00787898,0.00315946,0.00391293,0.00480193,0.00624303,0.00306118,0.00458643,0.00404527,0.00410779,0.00253156,0.00454222,0.00594977,0.00509454,0.00324059,0.00749871,0.00225265,0.0027629,0.000768561,0.000898649,0.0013064,0.00120977,0.000903115,0.00101745,0.00205642,0.00228172
225,0.00212856,0.00244575,0.00212217,0.00190965,0.00136606,0.000693939,0.000422131,0.00041679,0.00373178,0.0036986,0.00389961,0.00360348,0.00325163,0.00572139,0.00861025,0.00595572,0.0133085,0.00630175,0.00712228,0.00678618,0.00610505,0.00570557,0.00394231,0.00520376,0.0111263,0.00556904,0.0085101,0.0226787,0.00669292,0.00762253,0.0064722,0.00381558,0.00294806,0.00282953,0.00289152,0.00207141,0.0042529,0.00140347,0.00214648,0.0032419,0.00213741,0.00293768,0.00504971,0.00733171,0.00892368,0.0191346,0.0224003,0.00967943,0.00997506,0.0116499,0.0157248,0.00631743,0.00611575,0.0064081,0.00407559,0.00537399,0.00320716,0.0029425,0.00242113,0.00266277,0.00218542,0.00300164,0.00246447,0.00346307,0.00219787,0.0016132,0.00196736,0.00446755,0.00310292,0.00370547,0.00428785,0.00322317,0.00408337,0.00235333,0.00621577,0.00260447,0.00399532,0.00387623,0.00341143,0.00272715,0.00247772,0.00377939,0.00233863,0.00308061,0.00306934,0.00253697,0.00322339,0.00297154,0.00552916,0.00620346,0.00424116,0.00408409,0.00356189,0.00437518,0.00600111,0.00567441,0.00743875,0.0088937,0.00624792,0.00800692,0.00855627,0.0128387,0.0136991,0.00986997,0.015947,0.0154247,0.0114247,0.0201251,0.00907066,0.012514,0.0140133,0.0457605,0.0118926,0.0131435,0.00736042,0.00587469,0.00795817,0.00610561,0.00736346,0.00650149,0.0054077,0.00449809,0.00452447,0.00510909,0.00374596,0.00568087,0.00770737,0.00926003,0.00765163,0.0163488,0.0108688,0.00763624,0.0104695,0.00827484,0.00568273,0.0060175,0.00481919,0.00420784,0.00433479,0.00277123,0.00232311,0.00259698,0.00295092,0.00464141,0.00275022,0.00235042,0.0037197,0.00306384,0.00400615,0.00383975,0.00473435,0.00340668,0.00365137,0.00719636,0.00387881,0.00403766,0.00281391,0.00529534,0.0042439,0.00401061,0.00417177,0.00254229,0.00356355,0.00128559,0.00176339,0.00174184,0.00156003,0.00137107,0.00102811,0.00143826,0.00168535
226,0.000847286,0.000948873,0.000802292,0.000708546,0.000520829,0.000344272,0.000294386,0.000342638,0.0028571,0.00263759,0.00391679,0.00411666,0.00474013,0.00863533,0.0056891,0.00873735,0.00724892,0.011334,0.00808427,0.00847239,0.00757101,0.00627419,0.0071512,0.00905415,0.00765236,0.00432406,0.00692898,0.011171,0.00843226,0.00595407,0.00383069,0.00441142,0.00268472,0.00196313,0.00360495,0.00161961,0.0035318,0.00116135,0.00169129,0.00214615,0.00218829,0.00271113,0.00511737,0.00845333,0.0100991,0.0156628,0.0107889,0.00832251,0.00872368,0.00875087,0.0142704,0.0107767,0.00527839,0.00602326,0.00450681,0.00386045,0.00526867,0.00340026,0.00292505,0.00267989,0.00308177,0.00261764,0.00210846,0.00422126,0.00389914,0.00281307,0.00258938,0.00448287,0.00299241,0.00334802,0.00625329,0.00278713,0.00293508,0.00345053,0.00604753,0.00301873,0.00332226,0.00443055,0.00475576,0.00415417,0.00460361,0.00364322,0.0038616,0.00366121,0.00395843,0.00217573,0.00321179,0.00307615,0.00382156,0.00407916,0.00350912,0.00329909,0.00437631,0.00531006,0.00584056,0.00597833,0.00609638,0.00725388,0.00635233,0.00868103,0.00876939,0.0119564,0.0105847,0.0119918,0.0129547,0.0130515,0.014083,0.0124833,0.0186491,0.00998055,0.0142638,0.0118926,0.0299519,0.0149927,0.0122186,0.00842237,0.00940216,0.00588275,0.0174388,0.00899046,0.00700989,0.00492375,0.00585124,0.00531428,0.00534325,0.0081372,0.00951883,0.00847249,0.0166826,0.00895655,0.0119636,0.00988854,0.0095794,0.0108933,0.0067254,0.00626996,0.00664036,0.00476118,0.00658026,0.0041079,0.00345929,0.0028859,0.00381516,0.00594779,0.00381663,0.00315241,0.00372138,0.00293712,0.00292015,0.00420207,0.00441146,0.0030684,0.00334102,0.00523837,0.00397769,0.00366056,0.00302885,0.00636599,0.00334806,0.00344619,0.00477296,0.00206954,0.00254001,0.00075102,0.000988377,0.00123133,0.00113645,0.00117537,0.00111798,0.00167356,0.00187487
227,0.00173385,0.00197483,0.00169256,0.00151768,0.00112716,0.00062204,0.000485876,0.000351458,0.00392104,0.00391144,0.00642265,0.00515184,0.00673307,0.00476718,0.00615517,0.0061899,0.00658146,0.00696005,0.00579431,0.00892322,0.00645504,0.0100773,0.0091382,0.00661249,0.00836924,0.00635214,0.00721888,0.00863569,0.00827988,0.00840517,0.00570774,0.00533367,0.00280106,0.00239492,0.00374498,0.00167267,0.00307785,0.00141274,0.00186826,0.00152685,0.00163481,0.0032446,0.00324388,0.00811502,0.00778188,0.0113671,0.00959284,0.0096846,0.0122184,0.00979163,0.0149777,0.0101128,0.00434324,0.00535993,0.00662577,0.00473482,0.00583483,0.00272271,0.00323397,0.00288163,0.00267485,0.00322685,0.00228855,0.00405459,0.00268548,0.00224972,0.0028843,0.00456848,0.00345872,0.00353727,0.00605281,0.00310934,0.00512,0.00305601,0.00642982,0.00373353,0.00369827,0.00613541,0.00356967,0.0045617,0.00428225,0.00473811,0.00311363,0.00278867,0.00338955,0.00205995,0.00346501,0.00312542,0.00488452,0.00513514,0.00382797,0.00408872,0.00474152,0.00767096,0.00805088,0.0077686,0.00696912,0.00637016,0.00658801,0.00844693,0.0105548,0.00893726,0.0125447,0.0131612,0.0155036,0.0147665,0.0113479,0.0119165,0.0120678,0.0107792,0.0114923,0.0131435,0.0149927,0.0279734,0.0125969,0.0100898,0.00958178,0.00829646,0.0115427,0.00923619,0.00625727,0.00513539,0.00499798,0.00618358,0.0079149,0.0060665,0.00916152,0.0115663,0.00868707,0.00900475,0.00864744,0.00872876,0.00733416,0.00812913,0.00762066,0.00482098,0.00730305,0.00406491,0.00567967,0.00338026,0.00295655,0.00260217,0.00406471,0.00637621,0.00320852,0.00409039,0.00358748,0.00314649,0.00389652,0.00378592,0.00601461,0.00386337,0.00471586,0.00622842,0.00420203,0.00394331,0.00350957,0.00552623,0.00340664,0.00282016,0.00474674,0.0019601,0.00361379,0.000882206,0.0009544,0.0013568,0.00118826,0.000976364,0.00103784,0.00183494,0.00208966
228,0.00116277,0.00129628,0.00107054,0.000928687,0.000699666,0.000434768,0.000484353,0.000488914,0.00375149,0.00479611,0.00578277,0.00503953,0.00752519,0.00553829,0.00569803,0.00622219,0.00641879,0.00792113,0.00858378,0.00507324,0.00398504,0.0111745,0.0105356,0.00709448,0.00612232,0.00612773,0.0081619,0.00717435,0.00667549,0.00769895,0.00296518,0.00653351,0.003574,0.00214367,0.00359089,0.00232972,0.00560155,0.00138926,0.00181318,0.0028727,0.00363558,0.00390407,0.00326553,0.00889631,0.00777012,0.00705091,0.00800959,0.00607041,0.00831186,0.00868538,0.0082647,0.0122425,0.00700856,0.00696434,0.00881391,0.00740709,0.00460774,0.00418598,0.00421542,0.00418372,0.00567411,0.00375252,0.00351444,0.00538424,0.00398064,0.00483377,0.00404626,0.0056646,0.00432344,0.00486895,0.009722,0.00437622,0.00621592,0.004758,0.00725695,0.00502325,0.00651352,0.00730034,0.0049182,0.00526494,0.00664268,0.00612831,0.00547024,0.00439182,0.00496516,0.00287521,0.00400962,0.00470649,0.00453652,0.00495039,0.00330338,0.00355852,0.00377473,0.00563551,0.00541439,0.00554598,0.00475369,0.0060219,0.0051958,0.00795495,0.0073572,0.00578989,0.00787299,0.0112633,0.0111474,0.0105073,0.00953952,0.00989306,0.0145688,0.0121548,0.00917545,0.00736042,0.0122186,0.0125969,0.02487,0.0115814,0.00859253,0.00887398,0.0101589,0.00666011,0.00601133,0.00518425,0.00561506,0.00594148,0.0066209,0.00606729,0.00811411,0.00820003,0.0105166,0.00692998,0.00703372,0.00868882,0.00588547,0.00780633,0.00915725,0.00566822,0.00455112,0.00439146,0.00504628,0.00476173,0.00392077,0.00343556,0.00326829,0.00760516,0.00514104,0.00570317,0.00602593,0.0039204,0.00508891,0.00578943,0.00684992,0.00413459,0.00560799,0.0072451,0.00634782,0.00526067,0.00408458,0.00794018,0.00359806,0.00402147,0.00594326,0.00244111,0.00349414,0.00093325,0.0010845,0.00144918,0.00125092,0.00115337,0.00115089,0.00201203,0.00252222
229,0.0015966,0.00185719,0.00165215,0.00153967,0.00128257,0.000862296,0.000688861,0.000673812,0.00456782,0.00394318,0.00623198,0.00340962,0.00795344,0.0058566,0.00743616,0.0056368,0.00833014,0.00716536,0.0104024,0.00831741,0.00654155,0.00856839,0.0102653,0.00845102,0.00795921,0.00956066,0.0101142,0.00612672,0.00961135,0.00754662,0.00485069,0.0047691,0.00475192,0.00338674,0.00429365,0.00233196,0.00372208,0.00188216,0.00209432,0.00250507,0.0023545,0.0044512,0.00573605,0.00691818,0.00970354,0.00941149,0.00807487,0.00837828,0.00851373,0.0066968,0.00681423,0.00905114,0.00530054,0.00615629,0.0082007,0.00574797,0.00419196,0.00487053,0.00526455,0.00457899,0.0068559,0.00324095,0.00337988,0.00574258,0.0038645,0.00492275,0.00493823,0.00592375,0.00391741,0.00398264,0.00642104,0.00588691,0.00488564,0.00547735,0.00665931,0.00512941,0.00588647,0.00602555,0.00525963,0.00541631,0.00714773,0.00582014,0.00663021,0.00416893,0.00463247,0.00226726,0.00430125,0.00413485,0.00291257,0.00375097,0.00293495,0.00511417,0.00418107,0.00592403,0.00536839,0.00454576,0.00627517,0.00457848,0.00619665,0.00667623,0.00985052,0.00756152,0.00748833,0.0072073,0.00724379,0.0103233,0.00920069,0.00885117,0.00806622,0.00903411,0.0140924,0.00587469,0.00842237,0.0100898,0.0115814,0.0229699,0.0109117,0.00463637,0.009166,0.00553682,0.00592435,0.0063569,0.00574994,0.00419395,0.00544289,0.00694056,0.00829117,0.00992978,0.00745138,0.00730239,0.0085972,0.00954525,0.0111149,0.00806253,0.00953431,0.00684669,0.00741811,0.00636977,0.00642641,0.00417629,0.00404454,0.00412166,0.00365283,0.00522417,0.00421122,0.00550089,0.00834469,0.00448624,0.00715781,0.00653683,0.00561899,0.00401889,0.00362326,0.00568282,0.00543214,0.00508282,0.00445549,0.00563968,0.00482987,0.00403647,0.00785939,0.0019878,0.00309599,0.000722195,0.00091582,0.00141345,0.00120929,0.00100456,0.00117354,0.00214193,0.00246178
230,0.00102205,0.00121529,0.00111617,0.00108807,0.00108502,0.000832127,0.000752027,0.000670513,0.00540825,0.012036,0.0100817,0.0100736,0.00542739,0.00626999,0.00423401,0.00555892,0.00483967,0.00410551,0.0041471,0.00470743,0.00582248,0.00483256,0.00544821,0.00496776,0.00496681,0.00440413,0.00530976,0.00595322,0.00600639,0.00478082,0.004555,0.00445064,0.00394951,0.00321425,0.00375253,0.00246667,0.00278463,0.00172557,0.00202382,0.00198209,0.00197224,0.0027848,0.00323862,0.00457699,0.00553635,0.00579251,0.00570197,0.00537091,0.005357,0.00359516,0.00538256,0.00482494,0.0045357,0.0048729,0.00333334,0.00325143,0.00329321,0.0038581,0.00387318,0.00416907,0.00328869,0.00220537,0.00294419,0.00344872,0.00510636,0.00474574,0.00379412,0.00315314,0.00304957,0.00327004,0.00395128,0.00366156,0.00281507,0.00316339,0.00361213,0.00342964,0.00392445,0.00479729,0.00368614,0.0025525,0.0044588,0.00362815,0.00589014,0.00542525,0.00255165,0.00203948,0.00495269,0.00496836,0.0046422,0.00525343,0.00422838,0.00331027,0.00354218,0.00458838,0.00584244,0.00554604,0.00487563,0.00364232,0.00389783,0.00593394,0.00694503,0.0077842,0.0051297,0.00537586,0.00620995,0.00730674,0.00810735,0.00822954,0.00786977,0.00777071,0.00747805,0.00795817,0.00940216,0.00958178,0.00859253,0.0109117,0.050433,0.061515,0.0193599,0.0230973,0.0208525,0.0116671,0.00784957,0.0305121,0.0319942,0.0145159,0.00680567,0.00805479,0.00920837,0.00913037,0.00723405,0.0106485,0.00766919,0.00559912,0.00501676,0.00547066,0.00588171,0.00610656,0.00482572,0.00403693,0.00312422,0.00274448,0.00491205,0.0044494,0.00602971,0.00367902,0.00370319,0.00417253,0.00404969,0.00503976,0.00371737,0.00351008,0.00342041,0.00390189,0.00464293,0.00323352,0.00380518,0.00330183,0.00273188,0.00246682,0.00361332,0.00222683,0.00259501,0.000678925,0.000731409,0.000935188,0.000850954,0.00114537,0.00123075,0.00182357,0.00218873
231,0.000882724,0.00101627,0.000855685,0.000738386,0.00087267,0.000453282,0.000483929,0.000554766,0.00991003,0.0341372,0.0257549,0.0243504,0.00825419,0.00252989,0.00399389,0.00412572,0.00412109,0.00211497,0.00172724,0.0022185,0.00386359,0.00246455,0.00166703,0.00264318,0.00244723,0.00233317,0.00219803,0.00412686,0.00318526,0.00285873,0.00507936,0.0035396,0.00212942,0.00177681,0.00216195,0.0021003,0.00258342,0.00113536,0.00131221,0.00162142,0.00168011,0.00218903,0.00268965,0.00321702,0.00339708,0.00365062,0.00444894,0.00261545,0.00251447,0.00312345,0.00341294,0.00256784,0.00270264,0.00432679,0.00265465,0.00284066,0.00217722,0.00413075,0.00479474,0.00430671,0.00222347,0.00179978,0.0035488,0.00224656,0.00490852,0.00542273,0.00277158,0.00189636,0.00327791,0.00337168,0.00308385,0.00177635,0.00250477,0.00230548,0.00180301,0.00185066,0.00251703,0.00231825,0.00210051,0.00137321,0.00187452,0.00187807,0.00325429,0.00408891,0.00153227,0.000793906,0.00197285,0.00249113,0.00387322,0.00433344,0.00317225,0.00221901,0.00222463,0.00302984,0.00391702,0.00366101,0.0027646,0.0029259,0.00333566,0.0041549,0.00471201,0.0037137,0.00369268,0.00502885,0.00526161,0.00535243,0.00450358,0.00643148,0.00714582,0.00506692,0.00460175,0.00610561,0.00588275,0.00829646,0.00887398,0.00463637,0.061515,0.106254,0.0217751,0.0377267,0.0334378,0.0214174,0.0157442,0.0576679,0.0566276,0.0191138,0.00424911,0.00345269,0.00346702,0.00510281,0.00426929,0.00803381,0.00359246,0.00239569,0.00330815,0.00274161,0.00314896,0.00255936,0.00286365,0.00300371,0.00186331,0.00187824,0.00358804,0.00378828,0.00544922,0.00393482,0.00213885,0.00393347,0.00533492,0.00380434,0.00319839,0.00381661,0.00258219,0.00238593,0.00255622,0.00365267,0.00285847,0.00209919,0.00177527,0.00173154,0.00192353,0.00228719,0.00207325,0.000575396,0.000569081,0.000587644,0.000526546,0.000513702,0.00042328,0.000438287,0.000577016
232,0.000573594,0.000605346,0.000474626,0.000382545,0.000271556,0.000225777,0.000262502,0.000387183,0.00397048,0.00433101,0.00564533,0.00504959,0.00563333,0.00790829,0.0058139,0.00674135,0.0066194,0.0087148,0.00718103,0.00768581,0.00716248,0.00527597,0.00631107,0.00910709,0.00585455,0.00462834,0.00578475,0.00990161,0.00627216,0.00620744,0.00331243,0.00576465,0.00238653,0.00201305,0.00387265,0.00217567,0.00348762,0.00149136,0.00179048,0.00168004,0.00227507,0.003275,0.00385072,0.00763256,0.0110531,0.00944954,0.00773347,0.00872777,0.00925477,0.00585983,0.0116901,0.0091821,0.00705952,0.00692008,0.0051729,0.00425391,0.00486414,0.00486376,0.00330563,0.0044509,0.00303212,0.00341755,0.00296717,0.00429992,0.00574277,0.00319969,0.0050216,0.00531496,0.00336851,0.00359373,0.00599564,0.00471532,0.00305807,0.00426037,0.00461212,0.00370209,0.00340404,0.00474022,0.00416221,0.0035715,0.00639394,0.00463779,0.00476382,0.00344854,0.00412811,0.00279771,0.00273025,0.00200091,0.00343214,0.00416352,0.00409295,0.00508809,0.00597064,0.00624421,0.00591438,0.00494177,0.00701195,0.00686239,0.0089351,0.00886302,0.0111985,0.00934992,0.00881686,0.00913651,0.00826122,0.00939095,0.00935986,0.0102635,0.0149438,0.0112449,0.0106496,0.00736346,0.0174388,0.0115427,0.0101589,0.009166,0.0193599,0.0217751,0.025165,0.0136208,0.00876474,0.00397356,0.00332377,0.0118413,0.0133825,0.00753116,0.00848455,0.00901016,0.013547,0.00940257,0.0077917,0.0115444,0.00931103,0.00760429,0.00644745,0.00584824,0.00801241,0.0049001,0.00511723,0.00423255,0.00323152,0.00274593,0.00347462,0.00575724,0.00468352,0.00401278,0.00544118,0.00359492,0.00344303,0.00576614,0.00409978,0.00371193,0.00385077,0.00531434,0.00692185,0.00303308,0.00485375,0.00558625,0.00406042,0.00383858,0.00372987,0.0019095,0.00179158,0.000446724,0.000669398,0.000782014,0.000766152,0.000947565,0.00107348,0.00180325,0.00194864
233,0.00204677,0.00234243,0.00201244,0.00179746,0.0014042,0.000718955,0.000482396,0.000391898,0.00542281,0.0123926,0.0102056,0.0105799,0.00535638,0.00406963,0.00598167,0.00570421,0.00713887,0.00635017,0.00551923,0.00704434,0.00817322,0.00689519,0.00559592,0.00940696,0.0053339,0.00617125,0.00671523,0.00529583,0.00642925,0.00417704,0.00520865,0.00623773,0.00546365,0.00280176,0.00651883,0.00251459,0.00353847,0.00161852,0.0017861,0.00156016,0.00212314,0.00361122,0.00475982,0.00528966,0.00542897,0.00640182,0.0066868,0.00411774,0.00522342,0.00466089,0.00540225,0.00521989,0.00424738,0.00420226,0.0040522,0.00296726,0.00334992,0.00428888,0.00323601,0.00275699,0.00262588,0.00214111,0.00269229,0.005662,0.00345192,0.00263341,0.00257685,0.00389004,0.00380703,0.00266521,0.00327581,0.0022798,0.00221736,0.00327548,0.0025743,0.00236417,0.00286778,0.00273287,0.00283318,0.00262226,0.00302868,0.00321173,0.00303261,0.00320263,0.00223122,0.0014438,0.00147241,0.00139587,0.0025328,0.00303443,0.00294632,0.00303303,0.00333921,0.00369398,0.0032634,0.00315864,0.00273886,0.00318376,0.0031558,0.00548078,0.00485643,0.00642065,0.00603307,0.00607882,0.0054023,0.00460032,0.0059894,0.00590106,0.008336,0.00549077,0.00507971,0.00650149,0.00899046,0.00923619,0.00666011,0.00553682,0.0230973,0.0377267,0.0136208,0.0419345,0.0525558,0.0116304,0.0297652,0.0452795,0.0281194,0.0315822,0.013766,0.00749875,0.0048493,0.00917152,0.0050059,0.00590946,0.00555573,0.00788462,0.00539154,0.00413126,0.00407363,0.00388424,0.0116798,0.00307289,0.00217033,0.00325625,0.00379177,0.0040401,0.00576415,0.00414075,0.00312909,0.00305402,0.00290879,0.00312823,0.00347741,0.00518771,0.00594527,0.00417736,0.00403497,0.00285891,0.00346388,0.00425,0.00298105,0.004339,0.00254268,0.00176708,0.00189769,0.000569398,0.000670601,0.000710916,0.00066193,0.00055436,0.000473476,0.000720654,0.000832736
234,0.00142025,0.00170504,0.0015718,0.00151478,0.00130084,0.000842472,0.000591113,0.000476441,0.00231928,0.0031734,0.00263891,0.00243002,0.00194628,0.00277621,0.00283374,0.00296107,0.00326269,0.00356134,0.00288168,0.0036781,0.00359323,0.0034338,0.00221543,0.0031277,0.00280954,0.00293476,0.00307202,0.00554498,0.0039095,0.00241789,0.00276099,0.0021398,0.00252872,0.00230544,0.00173564,0.00128237,0.0022439,0.0013366,0.00132961,0.00145406,0.00135657,0.00196651,0.00210663,0.00197037,0.00314636,0.00351023,0.00510211,0.00294086,0.00239292,0.00271528,0.00223525,0.00201267,0.00163513,0.0017503,0.00146984,0.00125419,0.0014112,0.00144978,0.00148542,0.00143109,0.00129642,0.000968753,0.00110795,0.00142063,0.00200006,0.00180905,0.00145042,0.00173566,0.00142155,0.0015235,0.00224347,0.00155348,0.001609,0.00144479,0.00179012,0.00178007,0.001756,0.00196885,0.00152888,0.00132669,0.00151675,0.0017355,0.00261953,0.00301759,0.0013622,0.00128713,0.00333157,0.00345611,0.00269803,0.00307518,0.00227676,0.0016939,0.00149758,0.00196898,0.00258365,0.00288883,0.00270133,0.00284581,0.00271246,0.00295867,0.00362415,0.00409923,0.0035145,0.00350756,0.00341502,0.0031852,0.00362514,0.00458569,0.00492385,0.00291953,0.00325165,0.0054077,0.00700989,0.00625727,0.00601133,0.00592435,0.0208525,0.0334378,0.00876474,0.0525558,0.175768,0.0738046,0.135566,0.0933066,0.014366,0.00741437,0.00577064,0.0047562,0.004002,0.00447194,0.00314743,0.00399639,0.00520853,0.00381581,0.00271143,0.00245627,0.00209227,0.00219657,0.00229181,0.00197349,0.00144205,0.00162561,0.00172003,0.00177488,0.00240969,0.00163959,0.00177676,0.00172686,0.00169085,0.00177389,0.00217318,0.00192439,0.00201814,0.00211677,0.00171181,0.0014448,0.00145672,0.00210238,0.00139008,0.0013246,0.00123776,0.00114754,0.0017227,0.000553179,0.000599647,0.000644603,0.000557855,0.00076762,0.000696854,0.000660851,0.000812069
235,0.000410871,0.000504592,0.000491695,0.000517184,0.000604193,0.00057362,0.000580381,0.000581138,0.00342325,0.00671088,0.00549178,0.0049036,0.00273961,0.00181326,0.00239189,0.00237384,0.0024239,0.00219207,0.0019933,0.00238151,0.0027419,0.00212809,0.0021206,0.00297183,0.00172659,0.00186963,0.00228967,0.0025998,0.00334798,0.00241269,0.00178292,0.00293193,0.00374021,0.00202019,0.00304279,0.00142159,0.00174648,0.00166361,0.00166711,0.00165381,0.00173627,0.00221054,0.00251715,0.00235482,0.00254943,0.00277005,0.00247179,0.00270097,0.00262321,0.00222854,0.00180108,0.00199293,0.00220688,0.00238734,0.00186725,0.00168537,0.00153251,0.00231168,0.00246071,0.00168417,0.00150197,0.00104536,0.00125318,0.00309896,0.00157299,0.00201435,0.00190857,0.0023611,0.0023765,0.00173877,0.00226719,0.00155849,0.00178864,0.00229641,0.00230248,0.0022144,0.0022146,0.00215041,0.0014736,0.00157515,0.00209924,0.002104,0.00292429,0.00259619,0.00148773,0.00169776,0.0042698,0.00427898,0.00272928,0.00330437,0.00276779,0.00210548,0.00161486,0.00171618,0.00235971,0.00309,0.00367571,0.00295548,0.00301843,0.00250096,0.00355823,0.00319835,0.00339615,0.00348414,0.00318127,0.00359351,0.00423357,0.00483276,0.00447306,0.00312234,0.00310372,0.00449809,0.00492375,0.00513539,0.00518425,0.0063569,0.0116671,0.0214174,0.00397356,0.0116304,0.0738046,0.254763,0.176344,0.0236295,0.0111571,0.0156146,0.00620392,0.00471,0.0025553,0.00384503,0.00308857,0.00382606,0.00382372,0.00425984,0.00360129,0.00221707,0.00219483,0.00226568,0.00586744,0.00160171,0.00171887,0.00220501,0.00268963,0.00268498,0.00290532,0.002695,0.00205912,0.00184716,0.00227487,0.00202314,0.0022981,0.00279851,0.00291248,0.00219692,0.00214065,0.00190564,0.00153877,0.00169531,0.0017096,0.00242134,0.00205244,0.00167195,0.00147338,0.000414006,0.000336682,0.000390588,0.000358392,0.000804989,0.000812469,0.000684624,0.000858709
236,0.00100412,0.00118399,0.00107125,0.00102557,0.000878901,0.000641333,0.000560841,0.000540973,0.00241121,0.00226849,0.00194472,0.00178102,0.00164866,0.00193914,0.00289288,0.00245343,0.00381393,0.00321899,0.00298575,0.00356429,0.00390296,0.00423295,0.00330231,0.00432217,0.00255651,0.00316946,0.00348542,0.00320487,0.00366008,0.00236019,0.00261749,0.00240675,0.0030864,0.00274634,0.00182423,0.00135048,0.00273378,0.00180263,0.00169854,0.00232476,0.00239818,0.00201867,0.00212102,0.00295044,0.00224985,0.00368079,0.00356416,0.00260381,0.00290576,0.00292292,0.00215852,0.00305269,0.00207736,0.00227373,0.00173898,0.00164883,0.00149425,0.00174594,0.00166888,0.0016103,0.00126142,0.00101961,0.000889601,0.0018677,0.0017083,0.00169868,0.00194129,0.0018145,0.00176556,0.00155432,0.00213269,0.00150579,0.00139915,0.00172977,0.0028812,0.00176514,0.00167332,0.00169647,0.00149502,0.0017027,0.00200485,0.00185798,0.00250097,0.00245142,0.00177072,0.00185462,0.00386908,0.00379649,0.00215662,0.00238294,0.00188583,0.00120627,0.00114775,0.00158766,0.00225101,0.00263296,0.0031501,0.00244,0.00254333,0.00321225,0.00314939,0.00397671,0.00341304,0.0031502,0.00370619,0.00273445,0.00453703,0.00442219,0.00379842,0.00308497,0.00292903,0.00452447,0.00585124,0.00499798,0.00561506,0.00574994,0.00784957,0.0157442,0.00332377,0.0297652,0.135566,0.176344,0.173008,0.0595778,0.00674586,0.00607696,0.00485454,0.00387504,0.00403415,0.00407822,0.00382885,0.00404164,0.0043149,0.00562341,0.00283355,0.0025856,0.00199934,0.00242918,0.00283247,0.00180023,0.00171594,0.00160344,0.00209696,0.00231769,0.00207197,0.0020204,0.00191588,0.00198958,0.00183118,0.00188952,0.00186677,0.00185246,0.00200548,0.00261422,0.00192514,0.00145016,0.00154277,0.00196452,0.00170357,0.00177887,0.00182271,0.00175919,0.00205628,0.000633242,0.00058579,0.000617271,0.000512343,0.000825437,0.000792966,0.000787669,0.000970027
237,0.00211163,0.0024913,0.00221993,0.0020494,0.00180137,0.00098472,0.000716944,0.000680952,0.00776804,0.0224722,0.0171744,0.0159236,0.00586144,0.00313651,0.00437401,0.00486959,0.00483182,0.00317801,0.00273959,0.00422605,0.00605817,0.00481909,0.00296932,0.00372994,0.00414866,0.00458191,0.00465911,0.0048387,0.00448182,0.00327302,0.00513293,0.00432605,0.00429787,0.00315228,0.0035242,0.00245085,0.00431123,0.00247716,0.00212666,0.00301714,0.0034705,0.00329022,0.00360201,0.00394111,0.00353684,0.00442508,0.00535639,0.00369851,0.00369735,0.00415398,0.00264997,0.00300434,0.0025314,0.00298273,0.00238237,0.00202814,0.00205489,0.0031004,0.00325462,0.00248673,0.00210675,0.00168402,0.00231205,0.00299358,0.00323449,0.00346755,0.00239959,0.00307115,0.00308717,0.00286359,0.0023666,0.00167164,0.00238963,0.00259289,0.0031748,0.00191929,0.00181878,0.00190008,0.00194028,0.00174667,0.00185983,0.00184363,0.00285035,0.00369533,0.00221816,0.00189822,0.00250193,0.00244038,0.00146643,0.00163582,0.00111948,0.00095335,0.000743956,0.00126135,0.00155917,0.001759,0.00174574,0.00190228,0.00161332,0.0023306,0.00210879,0.00327355,0.0033115,0.00257816,0.00412021,0.00208026,0.00276063,0.00295872,0.00364642,0.00249579,0.00323644,0.00510909,0.00531428,0.00618358,0.00594148,0.00419395,0.0305121,0.0576679,0.0118413,0.0452795,0.0933066,0.0236295,0.0595778,0.07385,0.0355436,0.019269,0.00807348,0.00563182,0.00586614,0.00680283,0.00487673,0.00692499,0.0057324,0.00552819,0.00396716,0.0032972,0.00326582,0.00359417,0.00555698,0.00328556,0.00226451,0.00283371,0.00360025,0.00335226,0.00513122,0.00382552,0.00294438,0.00352971,0.00357703,0.00284204,0.00306892,0.00353984,0.00361452,0.00338289,0.00256299,0.00259262,0.00227774,0.00320693,0.00268007,0.00304407,0.00252558,0.00252997,0.00305814,0.000935877,0.000917251,0.000910817,0.000740215,0.000733755,0.000589949,0.000558536,0.000660943
238,0.00164074,0.00191498,0.00169095,0.00157957,0.00158618,0.00106568,0.000959164,0.000823645,0.00941874,0.0280319,0.0223197,0.0222243,0.00928117,0.00371441,0.00522342,0.00466701,0.00563249,0.00476994,0.00394264,0.00537487,0.00682283,0.00448895,0.00596158,0.0081487,0.00429786,0.00510946,0.00521242,0.00402036,0.00595308,0.00464566,0.00519244,0.00618221,0.00530378,0.00286061,0.00564046,0.00305814,0.00443315,0.00258226,0.00232636,0.00287246,0.00356197,0.00386956,0.00380695,0.00593838,0.00501624,0.0054274,0.00535558,0.00522329,0.00658857,0.00462819,0.00426349,0.00350624,0.00441301,0.00424526,0.0045746,0.00365254,0.00359878,0.00482876,0.00441136,0.00405732,0.00337317,0.00265857,0.00387466,0.0055345,0.0048858,0.00477172,0.00398258,0.00417456,0.00472287,0.00386354,0.0042298,0.0032517,0.00350708,0.00359804,0.00327208,0.002667,0.00321736,0.003935,0.00304955,0.00299962,0.0027612,0.00432842,0.0041134,0.00506415,0.00289167,0.00205551,0.00278107,0.0027476,0.00152604,0.00175505,0.00152501,0.00164758,0.00208764,0.00228747,0.0025824,0.00272338,0.00265969,0.0026186,0.00209074,0.0027887,0.00371535,0.00388744,0.00461787,0.00626273,0.00405644,0.00438903,0.0057621,0.00397809,0.00578621,0.00468024,0.00397469,0.00374596,0.00534325,0.0079149,0.0066209,0.00544289,0.0319942,0.0566276,0.0133825,0.0281194,0.014366,0.0111571,0.00674586,0.0355436,0.0431313,0.0258236,0.0104757,0.00781903,0.00870211,0.00952869,0.0070401,0.00808756,0.00559002,0.00634121,0.00555664,0.00458318,0.00473282,0.00472416,0.00886231,0.00414265,0.00324339,0.00372714,0.00526412,0.00437159,0.00655945,0.00555073,0.00400689,0.00483749,0.00420511,0.00355915,0.00440972,0.00525031,0.00570066,0.00451942,0.00350466,0.00377488,0.00434238,0.00496972,0.00333456,0.00416276,0.00346434,0.00313655,0.00328116,0.000884381,0.00081656,0.000850092,0.000706774,0.000721883,0.000722391,0.00106031,0.00125985
239,0.00086198,0.000977428,0.00083791,0.000754517,0.000681815,0.000456654,0.000430566,0.000448968,0.00514842,0.0112865,0.00983456,0.00906903,0.00532177,0.00458622,0.00407721,0.00545476,0.0046571,0.00467698,0.0044047,0.00553293,0.00676082,0.0052224,0.00545957,0.00829599,0.00506189,0.00534709,0.00676614,0.00491189,0.00916396,0.00539619,0.0041721,0.00895312,0.00959785,0.00246904,0.0120946,0.00313639,0.00332113,0.00204593,0.00232809,0.00162472,0.00244018,0.00377091,0.00558491,0.00593299,0.00723342,0.00837244,0.00660027,0.00667868,0.00602802,0.00597225,0.00358252,0.00546406,0.00528988,0.00536813,0.00478316,0.00372728,0.00357817,0.00587469,0.00476174,0.0027889,0.00421611,0.00267402,0.00365094,0.0111323,0.00283435,0.00409195,0.00293223,0.00637212,0.00585878,0.00398796,0.00502713,0.00329994,0.00306034,0.00531671,0.00393286,0.00409785,0.00393189,0.00379978,0.00338111,0.00249156,0.0043279,0.00385155,0.0037014,0.00333383,0.00242269,0.00245086,0.00249109,0.00237891,0.00149041,0.00189757,0.00132687,0.00207123,0.00169227,0.00216722,0.00237613,0.00256711,0.00252129,0.00279775,0.00233052,0.00320932,0.00454502,0.00540411,0.00465114,0.00478991,0.00555628,0.00444874,0.00636666,0.0056746,0.00887448,0.00460436,0.00531152,0.00568087,0.0081372,0.0060665,0.00606729,0.00694056,0.0145159,0.0191138,0.00753116,0.0315822,0.00741437,0.0156146,0.00607696,0.019269,0.0258236,0.0592485,0.0186584,0.0152061,0.00668489,0.0123341,0.00775391,0.00951073,0.00699451,0.00993537,0.00810029,0.00528573,0.00691581,0.00699163,0.0230456,0.00400926,0.00352964,0.0056333,0.00777455,0.00624714,0.00984978,0.00716323,0.0046402,0.00332558,0.00391255,0.0048559,0.00418976,0.0072325,0.00888971,0.00460251,0.00521495,0.00326937,0.00359491,0.00437846,0.00452002,0.00715143,0.00460982,0.00250839,0.00198111,0.000559362,0.000632605,0.000745267,0.000793295,0.000863643,0.00080193,0.00128779,0.00154833
240,0.00264578,0.00296814,0.00253935,0.0022355,0.00166482,0.000883911,0.000525978,0.000443558,0.010776,0.00824757,0.00756873,0.00641773,0.00551298,0.00677362,0.014768,0.0176318,0.00913469,0.00687095,0.00813589,0.0154879,0.0211405,0.00930715,0.0122832,0.00957059,0.0116427,0.011264,0.00872421,0.010203,0.00807017,0.0089182,0.00599424,0.0073744,0.00609357,0.00357925,0.00824684,0.00258544,0.00445942,0.00206485,0.00212955,0.00183077,0.00255247,0.00490755,0.004667,0.00748624,0.0108263,0.00775054,0.00771935,0.00765227,0.0093019,0.0069181,0.0044369,0.00578776,0.00706682,0.00549606,0.00431625,0.00410337,0.00292466,0.00430153,0.00447714,0.00329105,0.00442413,0.00229942,0.00329189,0.00594091,0.00374804,0.00297212,0.00423961,0.0054467,0.00508541,0.00487844,0.00641084,0.00394516,0.0033466,0.004533,0.00591503,0.00484685,0.00341026,0.00435517,0.0060331,0.00304631,0.00439979,0.00511832,0.00410823,0.00276253,0.00413683,0.00180902,0.00254903,0.00230187,0.00190204,0.00197409,0.00178893,0.00194819,0.00315398,0.0033666,0.00301029,0.00293785,0.00291836,0.00433609,0.00408788,0.00651714,0.00556085,0.00621052,0.00612425,0.00711114,0.00679619,0.00595951,0.00603477,0.00498743,0.00992266,0.00488492,0.00482927,0.00770737,0.00951883,0.00916152,0.00811411,0.00829117,0.00680567,0.00424911,0.00848455,0.013766,0.00577064,0.00620392,0.00485454,0.00807348,0.0104757,0.0186584,0.0293866,0.0133476,0.0123701,0.0109762,0.0072813,0.0100301,0.0110263,0.00842756,0.00923632,0.00691176,0.00591326,0.00784144,0.0102195,0.00410936,0.00418968,0.00398687,0.00514583,0.00423526,0.00459752,0.00364785,0.0042663,0.00366776,0.00301052,0.00351812,0.00454876,0.00470383,0.00509045,0.00592454,0.00369451,0.00272425,0.00316499,0.00484119,0.00415802,0.00491249,0.0032781,0.00155572,0.00213658,0.000624969,0.00084789,0.000943586,0.000886959,0.00085706,0.00081,0.00113668,0.00126539
241,0.000585047,0.000606487,0.000478122,0.000381023,0.000255647,0.000199478,0.000225048,0.000323329,0.00544448,0.00362065,0.00529414,0.00394851,0.00521882,0.00840268,0.00786471,0.00987226,0.00705241,0.00523222,0.00530313,0.00730172,0.00961646,0.00558702,0.00900875,0.00737318,0.0109791,0.00689188,0.0086697,0.0109638,0.00927676,0.00926147,0.00447804,0.0072242,0.00382967,0.00198035,0.00667932,0.00277266,0.00357864,0.00187693,0.00246138,0.00177798,0.00213571,0.00465074,0.00633484,0.00937844,0.0146655,0.00985191,0.012012,0.0152596,0.0139559,0.0109056,0.00699282,0.00845777,0.00626574,0.00675125,0.00648972,0.00584466,0.00447779,0.00371437,0.00496919,0.00365439,0.00487953,0.00286829,0.0025963,0.00507838,0.00303714,0.00283874,0.00320895,0.00531395,0.00386486,0.00435961,0.0071752,0.00402357,0.00409998,0.00355149,0.00489938,0.00412517,0.00415766,0.00643409,0.00535189,0.00425265,0.00568923,0.0087326,0.00350079,0.00378392,0.00378163,0.00381006,0.00360452,0.00196704,0.00178018,0.00213308,0.00164867,0.00346989,0.0032829,0.00517264,0.00323211,0.00402398,0.00412739,0.0049462,0.00533107,0.00559777,0.00759828,0.00648879,0.00665099,0.00864107,0.0121045,0.0114305,0.00872827,0.0101404,0.00993331,0.00929865,0.0128067,0.00926003,0.00847249,0.0115663,0.00820003,0.00992978,0.00805479,0.00345269,0.00901016,0.00749875,0.0047562,0.00471,0.00387504,0.00563182,0.00781903,0.0152061,0.0133476,0.0266114,0.0121385,0.0136144,0.0116794,0.0110435,0.0109506,0.00772185,0.0103322,0.00544717,0.00817266,0.003941,0.00765213,0.00368152,0.00248983,0.00319488,0.00315581,0.00484643,0.00535149,0.00365475,0.00428077,0.00424491,0.00288678,0.00576379,0.00629028,0.00422653,0.00478485,0.00406998,0.00438611,0.0027376,0.00461578,0.00566154,0.00434077,0.00377106,0.00660654,0.0017839,0.0022988,0.000503988,0.000686864,0.00116183,0.00117615,0.00121536,0.00154847,0.00301126,0.00325666
242,0.00156645,0.00180535,0.0015733,0.00142112,0.00106528,0.000572765,0.000394718,0.00033687,0.00353497,0.00436719,0.0043461,0.00640381,0.00472932,0.0113006,0.00490259,0.00749836,0.00528537,0.00575427,0.00575102,0.0059616,0.014383,0.00633524,0.0113059,0.0113796,0.00848361,0.00642081,0.00777365,0.0132384,0.0109747,0.00785058,0.00348824,0.00390252,0.00427065,0.00379369,0.00328155,0.00250098,0.00527192,0.00142047,0.00182388,0.00320567,0.00368266,0.00360168,0.00608891,0.00729557,0.0100852,0.0124601,0.0109364,0.0138984,0.00974073,0.00908109,0.0087741,0.00604533,0.00660676,0.00583382,0.00323787,0.00416521,0.0034682,0.00325144,0.0035306,0.00376208,0.00265778,0.00262674,0.00316564,0.00470002,0.0050097,0.00268009,0.00460769,0.005104,0.00410096,0.00435142,0.0052361,0.00500449,0.0030385,0.00437823,0.00658932,0.00347733,0.00340175,0.00647998,0.00549346,0.00411497,0.00340045,0.00332742,0.00281451,0.00374301,0.00385375,0.003126,0.00316219,0.00269483,0.00195336,0.00194304,0.00135616,0.00174649,0.00256726,0.00355629,0.00304509,0.0029743,0.00409499,0.00514847,0.00683299,0.00512282,0.00734175,0.00730243,0.00593603,0.0120184,0.0106004,0.00801959,0.0108921,0.011627,0.0151686,0.00582438,0.00935238,0.00765163,0.0166826,0.00868707,0.0105166,0.00745138,0.00920837,0.00346702,0.013547,0.0048493,0.004002,0.0025553,0.00403415,0.00586614,0.00870211,0.00668489,0.0123701,0.0121385,0.051738,0.0183914,0.0154344,0.0117786,0.0151074,0.0148366,0.0060096,0.00763003,0.00534243,0.00701926,0.00543898,0.00376404,0.00383797,0.00249859,0.00518699,0.00455185,0.00360967,0.00222095,0.00449372,0.00318661,0.0029053,0.00344966,0.00409341,0.00356639,0.00374777,0.00542081,0.00574924,0.00279638,0.00456986,0.00615135,0.00295321,0.00320635,0.00274217,0.0014979,0.00232968,0.000791355,0.00126855,0.00134753,0.00131746,0.00144863,0.00134393,0.00224104,0.00258391
243,0.00223585,0.00259374,0.00230801,0.00215826,0.00176742,0.00117144,0.000875841,0.000656497,0.00562847,0.0051946,0.00394215,0.00688358,0.00488839,0.0111451,0.00765091,0.00968003,0.00957881,0.00971159,0.00648331,0.00891295,0.0147713,0.00863429,0.0116599,0.0106659,0.0105556,0.00684957,0.0105098,0.0128239,0.00651618,0.00701924,0.00646251,0.00591356,0.00348365,0.00333783,0.00402891,0.0021158,0.00356828,0.00203763,0.00226356,0.00197988,0.00252087,0.00432012,0.0062254,0.00630425,0.00923381,0.00902586,0.0144504,0.00992445,0.00947195,0.0118335,0.0102635,0.00676645,0.0044585,0.00469495,0.00452343,0.00404021,0.00381129,0.00319036,0.00302166,0.00393481,0.00294718,0.00272158,0.00267863,0.00362194,0.00443318,0.00328298,0.00479976,0.00537885,0.00410842,0.00342048,0.00635572,0.00416488,0.00401984,0.00318533,0.00578243,0.0039736,0.00389129,0.00585864,0.00390864,0.0033741,0.00271607,0.00334895,0.00277264,0.00330033,0.00277801,0.00203671,0.00312651,0.0027853,0.00300768,0.00292501,0.00173993,0.0020124,0.00287896,0.00463957,0.00516789,0.0037124,0.00579904,0.00470911,0.00714059,0.00640754,0.00763253,0.0107354,0.00705231,0.0133277,0.00966601,0.0107183,0.00720994,0.0118525,0.00919294,0.00626271,0.00941544,0.0163488,0.00895655,0.00900475,0.00692998,0.00730239,0.00913037,0.00510281,0.00940257,0.00917152,0.00447194,0.00384503,0.00407822,0.00680283,0.00952869,0.0123341,0.0109762,0.0136144,0.0183914,0.0291941,0.0161486,0.0102737,0.0130423,0.00615062,0.00717869,0.00650998,0.00459003,0.00418332,0.00580565,0.0034811,0.00297901,0.00285462,0.00288186,0.00400895,0.00341161,0.00362678,0.00461887,0.00262526,0.00273908,0.00323451,0.00607792,0.00483931,0.0044491,0.00576005,0.00517286,0.00417299,0.00447366,0.00616153,0.00336463,0.00357771,0.0031531,0.0023166,0.00322126,0.000917351,0.00103627,0.00114845,0.00104819,0.00112502,0.00105632,0.00157147,0.00176716
244,0.00140893,0.00164329,0.00148373,0.00141796,0.00122278,0.000904576,0.000693498,0.000561571,0.00396595,0.00330512,0.00465609,0.00509468,0.0047222,0.00756499,0.00562676,0.0060733,0.00587891,0.00811798,0.00687741,0.00686867,0.0104386,0.00657125,0.00798359,0.00864159,0.00806964,0.0053735,0.00806604,0.00847795,0.00755234,0.00751164,0.00449958,0.00537548,0.00319796,0.00244008,0.00395979,0.00194277,0.00321691,0.00201811,0.0024045,0.00217043,0.00249156,0.00363913,0.00577082,0.00798576,0.00912905,0.00991453,0.0117766,0.011505,0.00819789,0.00843285,0.00920526,0.00757366,0.00563873,0.00596309,0.00542355,0.00534642,0.00479766,0.00448386,0.00369929,0.00381888,0.00383858,0.00269006,0.00327727,0.00537974,0.00440501,0.00334307,0.00368005,0.0060107,0.00402827,0.00565496,0.00769239,0.00597706,0.00501789,0.00503643,0.00754755,0.00426722,0.00342211,0.00563158,0.00423559,0.00461345,0.00595462,0.00689419,0.00526696,0.00428929,0.00533589,0.00264104,0.00347701,0.00337993,0.00235517,0.00255659,0.00206348,0.00252864,0.00372991,0.00408441,0.00563955,0.00450908,0.00575055,0.00532041,0.00473282,0.00727258,0.00775712,0.0110116,0.00973253,0.0167193,0.00934967,0.0130583,0.0122612,0.0161026,0.00918972,0.00846467,0.00843554,0.0108688,0.0119636,0.00864744,0.00703372,0.0085972,0.00723405,0.00426929,0.0077917,0.0050059,0.00314743,0.00308857,0.00382885,0.00487673,0.0070401,0.00775391,0.0072813,0.0116794,0.0154344,0.0161486,0.0243778,0.0117426,0.0149623,0.00959067,0.00854938,0.00713501,0.00657375,0.00686381,0.00500223,0.00517423,0.00311616,0.0031348,0.0040788,0.0044765,0.00423991,0.00419453,0.00557178,0.00502368,0.0043083,0.00451071,0.00646423,0.00453921,0.00435629,0.00638722,0.00447723,0.00495882,0.00520391,0.00940195,0.00521109,0.00504483,0.00467671,0.00302907,0.00338526,0.000929019,0.000942488,0.00113507,0.000971691,0.00106536,0.00117411,0.00186701,0.00205431
245,0.00123797,0.00141489,0.0012367,0.00112385,0.000901707,0.000571961,0.000466444,0.000492389,0.00565532,0.00656705,0.00870725,0.00601372,0.00600915,0.00672989,0.00602535,0.00777702,0.00598561,0.00597052,0.00683781,0.0082325,0.0102196,0.00951153,0.0079628,0.0071212,0.00793206,0.00782597,0.00729997,0.0114382,0.00677354,0.00874605,0.00385106,0.0052211,0.00280656,0.0023292,0.00329527,0.00164297,0.003516,0.00203251,0.00214322,0.00224248,0.00232751,0.00342487,0.00474854,0.0061991,0.00998034,0.00784864,0.00897521,0.0123364,0.00868239,0.0104145,0.00703,0.00964564,0.00740131,0.00596167,0.00435156,0.00502619,0.00427137,0.00598511,0.00442182,0.00342189,0.00394165,0.0031309,0.00302846,0.00704276,0.00442532,0.00419082,0.00531088,0.00578197,0.00308017,0.00428656,0.00584941,0.00668092,0.00357468,0.00464446,0.00781686,0.00360446,0.00470698,0.00643439,0.00487711,0.00328891,0.00830911,0.00482668,0.00701427,0.00292904,0.00459888,0.00317879,0.003512,0.0028839,0.00194536,0.00202465,0.00210341,0.00220747,0.00387923,0.00409108,0.00458527,0.00360694,0.00514336,0.00494808,0.00460281,0.00957561,0.0066838,0.00567596,0.00653169,0.00912702,0.00690924,0.00858987,0.00967022,0.00808805,0.00897132,0.0106352,0.00848099,0.00763624,0.00988854,0.00872876,0.00868882,0.00954525,0.0106485,0.00803381,0.0115444,0.00590946,0.00399639,0.00382606,0.00404164,0.00692499,0.00808756,0.00951073,0.0100301,0.0110435,0.0117786,0.0102737,0.0117426,0.0253325,0.011645,0.0081792,0.00780759,0.00979845,0.00726244,0.0141883,0.00524717,0.00468763,0.00737959,0.00333524,0.0106673,0.00571214,0.00669234,0.00537296,0.00637345,0.00563622,0.00394263,0.00601225,0.00427891,0.00364076,0.0036314,0.0068101,0.00517836,0.00401279,0.00428824,0.00586401,0.0053335,0.00377683,0.00475302,0.00295653,0.0028994,0.000817006,0.000823843,0.00108197,0.00103009,0.0011398,0.00110186,0.00184904,0.00223109
246,0.00305392,0.00357774,0.00318368,0.00293211,0.0022486,0.00120222,0.000683291,0.000599556,0.00447444,0.00431664,0.0058326,0.00439989,0.0048782,0.0081341,0.00642097,0.00802542,0.0075382,0.00807377,0.00777078,0.00883371,0.0117307,0.00763866,0.0080745,0.00784166,0.00924153,0.00749493,0.00910231,0.00953145,0.00764043,0.00749259,0.00490997,0.00434469,0.0030321,0.00294374,0.003483,0.00204514,0.00419295,0.00236233,0.00235544,0.00314078,0.00291889,0.00356352,0.00496203,0.00628689,0.00833791,0.0116432,0.0132268,0.0128225,0.00795524,0.00806954,0.00837718,0.00664901,0.00584476,0.00529853,0.00495838,0.00465364,0.00352232,0.00351156,0.00407327,0.00351374,0.0042763,0.00281441,0.00310509,0.00512016,0.00371766,0.00312915,0.00335705,0.00544923,0.00398705,0.00353253,0.00556758,0.00427511,0.00309539,0.00408229,0.00452817,0.00465648,0.00356603,0.00495108,0.00373178,0.00345205,0.00413671,0.00503549,0.00422219,0.00453568,0.00489714,0.00436167,0.00433153,0.00347116,0.00266089,0.00299408,0.00207337,0.00321818,0.00376995,0.00449466,0.00662291,0.00441759,0.00610819,0.00491354,0.0060671,0.00711808,0.00941142,0.0171656,0.00733223,0.0152912,0.0076006,0.0147195,0.00950074,0.015396,0.0103146,0.00808415,0.0102271,0.0104695,0.0095794,0.00733416,0.00588547,0.0111149,0.00766919,0.00359246,0.00931103,0.00555573,0.00520853,0.00382372,0.0043149,0.0057324,0.00559002,0.00699451,0.0110263,0.0109506,0.0151074,0.0130423,0.0149623,0.011645,0.029216,0.0077114,0.00829528,0.00577789,0.00783774,0.00818031,0.00558391,0.00498768,0.00318913,0.0031906,0.00416884,0.00445995,0.00397861,0.00326448,0.00622358,0.00375725,0.00388729,0.00417485,0.00510344,0.00410047,0.00420018,0.00548532,0.00385302,0.00228394,0.00365449,0.00535992,0.00383662,0.00328935,0.00446641,0.00223312,0.00273482,0.000926088,0.00124436,0.00131899,0.00127475,0.00152814,0.00147845,0.00231659,0.00266161
247,0.0012567,0.00140558,0.0012023,0.00108285,0.000827016,0.00058897,0.000498903,0.000538274,0.00512385,0.00393342,0.00577921,0.00449654,0.00452081,0.00539435,0.00728551,0.00450826,0.0107006,0.00573267,0.00957212,0.00707377,0.00774457,0.0102021,0.00774664,0.0116858,0.00567241,0.00840911,0.0092615,0.0127476,0.0111329,0.0063386,0.0056466,0.00492981,0.00432917,0.00290733,0.00469518,0.00280423,0.00511555,0.00239961,0.00255645,0.00334735,0.00407991,0.00390768,0.00602044,0.00712053,0.00591116,0.0101442,0.00994181,0.00878807,0.00567848,0.0089411,0.0116862,0.00751035,0.0080328,0.00694709,0.00520556,0.00478407,0.0060619,0.00476436,0.00388129,0.0039785,0.00395951,0.0030517,0.00392213,0.00543499,0.0040181,0.00363239,0.00352235,0.00599362,0.00438452,0.0048487,0.00877764,0.0062489,0.00484198,0.00652973,0.00858579,0.00481965,0.00455897,0.00571067,0.0059354,0.00507322,0.00671176,0.00942429,0.00583907,0.00577856,0.00697531,0.00373858,0.00465392,0.00373365,0.0020496,0.0020487,0.00175556,0.00200059,0.0027314,0.00359937,0.00365932,0.00383594,0.00340238,0.00387756,0.00428789,0.00563494,0.0073086,0.00891322,0.00601988,0.00807825,0.00764628,0.00560876,0.00963974,0.00853143,0.00887904,0.00720796,0.0073552,0.00827484,0.0108933,0.00812913,0.00780633,0.00806253,0.00559912,0.00239569,0.00760429,0.00788462,0.00381581,0.00425984,0.00562341,0.00552819,0.00634121,0.00993537,0.00842756,0.00772185,0.0148366,0.00615062,0.00959067,0.0081792,0.0077114,0.0261908,0.00866559,0.0107077,0.00792682,0.00712067,0.00947108,0.00764425,0.00557921,0.0041562,0.0062935,0.00559393,0.00527757,0.0056248,0.00582538,0.00752517,0.00565348,0.00555518,0.00760322,0.00610657,0.00426368,0.00728745,0.00548756,0.00348839,0.00563795,0.00708098,0.00529708,0.00576836,0.00508161,0.00199545,0.00324647,0.000904406,0.00136979,0.0015463,0.00138656,0.00142655,0.00145076,0.00222873,0.00240304
248,0.000882101,0.000957062,0.000815114,0.000737315,0.000630811,0.000557417,0.000468413,0.0004849,0.00665211,0.00399313,0.00774582,0.00441434,0.0054146,0.0044346,0.00899027,0.00946053,0.00431707,0.00772653,0.00512395,0.00663271,0.00796418,0.009306,0.00907551,0.00569687,0.00906201,0.00719854,0.00884707,0.00658956,0.00823723,0.00929555,0.00482049,0.00594534,0.00311752,0.00176164,0.00561858,0.00240972,0.00407965,0.00212267,0.00242724,0.00206471,0.00273826,0.00484404,0.00543146,0.00666243,0.00707808,0.00536383,0.00599483,0.00575042,0.00804854,0.00618044,0.00583003,0.00958162,0.00513711,0.00733558,0.00739756,0.00644652,0.00638783,0.00494427,0.00681378,0.00541657,0.00823518,0.00438292,0.00523289,0.00676778,0.00452672,0.00498291,0.0067464,0.00712194,0.00714316,0.00790328,0.00693731,0.0083886,0.00618046,0.00697137,0.00606351,0.00791023,0.00753417,0.00920683,0.00887922,0.00621823,0.00737645,0.00988591,0.0076199,0.00723655,0.00543043,0.00320698,0.00318839,0.00323177,0.00203749,0.0023246,0.00183037,0.00281642,0.00269395,0.00411357,0.00416989,0.00421823,0.00397009,0.00320393,0.00384545,0.00400175,0.0058532,0.00947096,0.00622752,0.00600699,0.00833047,0.00817017,0.00729888,0.00859891,0.00588888,0.00518965,0.00703945,0.00568273,0.0067254,0.00762066,0.00915725,0.00953431,0.00501676,0.00330815,0.00644745,0.00539154,0.00271143,0.00360129,0.00283355,0.00396716,0.00555664,0.00810029,0.00923632,0.0103322,0.0060096,0.00717869,0.00854938,0.00780759,0.00829528,0.00866559,0.0199032,0.0111873,0.00846814,0.00798563,0.0090297,0.00769439,0.00755302,0.00640466,0.00748638,0.00746077,0.00626826,0.00753357,0.00702085,0.00644941,0.00549839,0.00780388,0.00864804,0.00770854,0.00718227,0.00699588,0.00803817,0.00572926,0.00596495,0.00689638,0.00646451,0.00729343,0.00739976,0.00326634,0.00287618,0.000598236,0.000704068,0.00104715,0.000974409,0.000919483,0.00100226,0.0016169,0.00192453
249,0.00101437,0.00111429,0.000961332,0.000896413,0.000755744,0.000683828,0.000527761,0.000465526,0.00529575,0.0028217,0.00619465,0.00515325,0.00367985,0.00479165,0.00974514,0.00556314,0.00641741,0.00581115,0.00457555,0.00493053,0.00670811,0.00911345,0.00798009,0.00542482,0.00591121,0.00544525,0.00693899,0.00827386,0.00670353,0.0063701,0.00637596,0.00614146,0.0037628,0.0017079,0.00560778,0.00274237,0.00378152,0.00223046,0.00236934,0.00202495,0.00302063,0.00528291,0.0065391,0.0051624,0.00508622,0.00752178,0.006842,0.00548146,0.00509317,0.00725922,0.00733003,0.0075751,0.00932441,0.00885928,0.0102228,0.0081775,0.00710613,0.00930972,0.00792314,0.00529381,0.0102841,0.00616495,0.0066992,0.00822038,0.00583623,0.00642422,0.00943878,0.00687117,0.00828166,0.00684055,0.00832186,0.0120101,0.0064834,0.00762719,0.00859784,0.0085034,0.00853193,0.00654469,0.00683388,0.00961398,0.00851291,0.00607815,0.00774997,0.00474237,0.00591592,0.00313626,0.00366024,0.0034138,0.00169864,0.00185876,0.00176433,0.00212758,0.00244544,0.00352798,0.0030075,0.00344512,0.00279096,0.00304469,0.00276207,0.00556697,0.00517091,0.00662797,0.00447913,0.00409619,0.00594091,0.0043446,0.00628287,0.0066185,0.00443575,0.00650563,0.00591802,0.0060175,0.00626996,0.00482098,0.00566822,0.00684669,0.00547066,0.00274161,0.00584824,0.00413126,0.00245627,0.00221707,0.0025856,0.0032972,0.00458318,0.00528573,0.00691176,0.00544717,0.00763003,0.00650998,0.00713501,0.00979845,0.00577789,0.0107077,0.0111873,0.0218918,0.00924095,0.0125049,0.00756685,0.00780621,0.0116053,0.0118192,0.0103441,0.00753029,0.0074507,0.00962777,0.00977083,0.00733652,0.0104274,0.00958623,0.0077592,0.00817996,0.00721014,0.00533397,0.00656819,0.00601916,0.00677883,0.00693282,0.00854897,0.00706033,0.00722818,0.00398581,0.00326838,0.000745712,0.000921555,0.00110201,0.00121088,0.00129147,0.00127524,0.00167551,0.00182593
250,0.000829319,0.000915954,0.000775475,0.000694281,0.00054454,0.000433616,0.000376639,0.000393167,0.00371646,0.00252675,0.00442385,0.00314742,0.00361414,0.00525121,0.0039747,0.00523183,0.00495261,0.00535235,0.00507261,0.00527899,0.00432877,0.00371748,0.00581237,0.0052249,0.00587892,0.00471492,0.00424986,0.00497992,0.0066577,0.00454461,0.00723166,0.00606863,0.00448294,0.00177799,0.00562767,0.00401479,0.00303184,0.0032124,0.00305203,0.00224992,0.00474965,0.00436312,0.00457079,0.0043992,0.00587548,0.00467922,0.00367959,0.0071081,0.0073678,0.00537666,0.00651208,0.00731863,0.00707156,0.010871,0.00747487,0.00522743,0.0110752,0.0104316,0.0103538,0.00879654,0.011077,0.00709897,0.0103042,0.00911849,0.00876264,0.00977744,0.00854434,0.00717485,0.00712881,0.0077121,0.00844516,0.0100806,0.00901731,0.00839594,0.00482143,0.00539596,0.00748294,0.00700635,0.00541155,0.0071359,0.00759759,0.00620199,0.00812567,0.00568423,0.0050678,0.00294717,0.00315885,0.00302758,0.00182626,0.00225991,0.0019597,0.00291473,0.00299518,0.00343474,0.00416375,0.0043929,0.00370784,0.00408962,0.00308673,0.00399733,0.00663505,0.00829113,0.00591946,0.00562104,0.00606661,0.00665923,0.00737014,0.00469795,0.00486855,0.0053585,0.00632903,0.00481919,0.00664036,0.00730305,0.00455112,0.00741811,0.00588171,0.00314896,0.00801241,0.00407363,0.00209227,0.00219483,0.00199934,0.00326582,0.00473282,0.00691581,0.00591326,0.00817266,0.00534243,0.00459003,0.00657375,0.00726244,0.00783774,0.00792682,0.00846814,0.00924095,0.0181997,0.0122926,0.0118612,0.015067,0.0117285,0.0141768,0.00877414,0.00966342,0.0115878,0.00989454,0.00749442,0.009254,0.0142203,0.0133957,0.00626368,0.0068672,0.0101648,0.00724283,0.00612275,0.00799074,0.00626072,0.00575113,0.00775087,0.00515883,0.0069082,0.00515083,0.00286443,0.00074256,0.00088615,0.000955267,0.00116522,0.0010776,0.00104201,0.00167621,0.00195429
251,0.00110891,0.00126587,0.00111454,0.00102748,0.000819157,0.000557081,0.000423034,0.00042148,0.00458389,0.00351817,0.00647729,0.00336483,0.00505711,0.00447517,0.00528034,0.00678798,0.00447802,0.00340489,0.00591413,0.00691742,0.00663237,0.00913245,0.00442959,0.00412382,0.00534673,0.00757617,0.0062149,0.00450438,0.00688279,0.00523068,0.00647615,0.00705051,0.00523962,0.00171726,0.00652512,0.00310999,0.00300573,0.00216744,0.00195742,0.00222958,0.00311649,0.00327019,0.00374619,0.00329158,0.00552805,0.0050553,0.00423288,0.00595648,0.0041445,0.00474969,0.00438217,0.00818279,0.00764981,0.00718029,0.00720108,0.00633257,0.0104949,0.00905409,0.0098765,0.00838724,0.0079832,0.00525327,0.00948831,0.0109306,0.00970024,0.00785596,0.00779453,0.00982313,0.00773727,0.0110741,0.00717013,0.0123305,0.00816669,0.0091833,0.00592779,0.00819737,0.00800806,0.00733128,0.00883061,0.00694694,0.00878406,0.00695749,0.0103665,0.00561056,0.00611788,0.00267806,0.00349447,0.00303042,0.00160517,0.00191807,0.00189111,0.00206415,0.00274368,0.00226461,0.00382978,0.00247455,0.00304642,0.00191495,0.0021687,0.00349909,0.00388916,0.00667921,0.00346988,0.00453973,0.00315079,0.00555047,0.0048763,0.00417786,0.00362989,0.00430854,0.00486958,0.00420784,0.00476118,0.00406491,0.00439146,0.00636977,0.00610656,0.00255936,0.0049001,0.00388424,0.00219657,0.00226568,0.00242918,0.00359417,0.00472416,0.00699163,0.00784144,0.003941,0.00701926,0.00418332,0.00686381,0.0141883,0.00818031,0.00712067,0.00798563,0.0125049,0.0122926,0.0267522,0.0113063,0.0136429,0.0109245,0.00696369,0.0167861,0.0102402,0.0097388,0.00837393,0.010613,0.00910079,0.0108541,0.0110487,0.00566528,0.00698435,0.0135678,0.00838611,0.00572557,0.00707727,0.00593477,0.00670479,0.0102241,0.00618369,0.00708421,0.00728987,0.00309846,0.00101904,0.000930096,0.00115792,0.00140679,0.00110693,0.001034,0.00174574,0.0020433
252,0.000732186,0.000833219,0.000744175,0.000711234,0.00062687,0.000550701,0.000466787,0.000493315,0.00365203,0.00291588,0.0049733,0.00327497,0.00348768,0.00396444,0.00468352,0.00394857,0.00561855,0.00289725,0.00461223,0.00353821,0.00486959,0.00616597,0.00530431,0.00629218,0.00437507,0.00570223,0.00639265,0.00524654,0.00882589,0.00418636,0.00506799,0.00947926,0.00971288,0.00141653,0.012327,0.00304957,0.00349388,0.00209902,0.0023571,0.00243835,0.00315122,0.00345322,0.00376003,0.00396368,0.00384426,0.00397133,0.00415302,0.00427092,0.00602877,0.0043821,0.00662665,0.00646672,0.00837818,0.010831,0.00492863,0.0079795,0.0119525,0.00811083,0.00884273,0.00805312,0.00762645,0.00639747,0.00828795,0.0121048,0.00757558,0.00701703,0.00832727,0.00786342,0.0072408,0.00788668,0.00541619,0.00994234,0.0101858,0.00672984,0.00541266,0.00723848,0.0106711,0.00786235,0.00729919,0.0104518,0.00747235,0.00710378,0.00665968,0.00515651,0.00484027,0.00297185,0.00355832,0.00313885,0.00151531,0.00187849,0.00169913,0.0024223,0.00247398,0.0031629,0.00284843,0.00325977,0.00236737,0.00313639,0.00240151,0.0031572,0.00471994,0.00519305,0.00433584,0.0032712,0.00531551,0.00485554,0.00526731,0.00416224,0.00636088,0.00545832,0.00614084,0.00433479,0.00658026,0.00567967,0.00504628,0.00642641,0.00482572,0.00286365,0.00511723,0.0116798,0.00229181,0.00586744,0.00283247,0.00555698,0.00886231,0.0230456,0.0102195,0.00765213,0.00543898,0.00580565,0.00500223,0.00524717,0.00558391,0.00947108,0.0090297,0.00756685,0.0118612,0.0113063,0.0261938,0.0118202,0.00800322,0.00757078,0.00824891,0.00861913,0.0100661,0.00908206,0.00879871,0.00655585,0.00971358,0.010358,0.00607188,0.00983289,0.0113455,0.00941543,0.00906716,0.00700456,0.00700435,0.0057011,0.00590601,0.0108123,0.00788553,0.00497857,0.0030771,0.000760187,0.000945742,0.0010864,0.00116306,0.00109295,0.001104,0.00146154,0.00154016
253,0.000573719,0.000662608,0.000604129,0.000591418,0.000547953,0.000493961,0.000438323,0.000427303,0.00294772,0.00215095,0.00413282,0.00271627,0.00343797,0.00320245,0.00293333,0.00313559,0.0029609,0.00320808,0.00446398,0.00364686,0.00267428,0.0040168,0.00416021,0.0035153,0.00342549,0.00619607,0.00431263,0.0040012,0.0063852,0.00578312,0.010461,0.0072994,0.00347639,0.00127989,0.00504566,0.00411649,0.00279495,0.00247385,0.00242128,0.00206519,0.0022665,0.00247627,0.00268769,0.00420299,0.00433523,0.00434872,0.00360711,0.00373481,0.00349669,0.0034823,0.00448743,0.00554806,0.00607839,0.0110384,0.00616059,0.00733305,0.0151319,0.0188848,0.0098973,0.0132856,0.0174732,0.011679,0.0180213,0.0109624,0.0142511,0.0135962,0.0103703,0.00646959,0.0100213,0.00829729,0.00589481,0.00991397,0.00781152,0.00655947,0.00397168,0.00632484,0.0122271,0.00496113,0.00569721,0.00668013,0.00777813,0.00707293,0.0116059,0.0162655,0.00527025,0.00268524,0.00267258,0.00312344,0.00124234,0.00165954,0.00139641,0.0024526,0.00200964,0.0026241,0.00289814,0.00304219,0.00239601,0.00207954,0.00134311,0.00201743,0.0040147,0.00604852,0.00424352,0.00338654,0.00444479,0.00359952,0.00430369,0.00338667,0.00292126,0.00304869,0.00279156,0.00277123,0.0041079,0.00338026,0.00476173,0.00417629,0.00403693,0.00300371,0.00423255,0.00307289,0.00197349,0.00160171,0.00180023,0.00328556,0.00414265,0.00400926,0.00410936,0.00368152,0.00376404,0.0034811,0.00517423,0.00468763,0.00498768,0.00764425,0.00769439,0.00780621,0.015067,0.0136429,0.0118202,0.0341003,0.0184455,0.0270029,0.0201032,0.0152413,0.0227133,0.0132556,0.00860389,0.0104037,0.0155397,0.0126156,0.00598377,0.00614154,0.00961258,0.00622121,0.00523648,0.00588714,0.00493269,0.00618811,0.00536637,0.00647063,0.00545634,0.00343824,0.00295275,0.000641891,0.000780543,0.000710688,0.00073324,0.000875244,0.000987529,0.00129895,0.00146938
254,0.000554417,0.000650417,0.000607322,0.000600476,0.000562183,0.000476153,0.000399511,0.000392067,0.0033507,0.00244258,0.00403241,0.00222579,0.00280369,0.00229867,0.00332536,0.00406552,0.00306221,0.00203211,0.00267385,0.0037893,0.00407534,0.00529667,0.00339808,0.00278251,0.00316322,0.00372357,0.00376378,0.00359858,0.00394743,0.00305992,0.0045391,0.00434214,0.00815183,0.00175166,0.00491312,0.00905907,0.00350979,0.00740186,0.00645013,0.00428715,0.00858881,0.00383076,0.00268616,0.0026802,0.00320805,0.0028044,0.00292733,0.00249563,0.00300257,0.00258431,0.00378567,0.00434313,0.00402173,0.00521162,0.00547284,0.00841092,0.0151408,0.012098,0.00466424,0.00710786,0.0116921,0.0272178,0.0143136,0.00731466,0.0104051,0.00960532,0.0139474,0.00784696,0.00777792,0.0113512,0.00561272,0.0059404,0.00471451,0.00620063,0.0046872,0.012178,0.00564774,0.00646762,0.0121566,0.0031846,0.00452312,0.00841173,0.00442173,0.00371947,0.00473425,0.00235353,0.00260367,0.00276481,0.000991332,0.00115546,0.00103944,0.00126183,0.00120914,0.00194249,0.00141915,0.00178716,0.00135601,0.00155261,0.0014926,0.00174772,0.00224847,0.00218769,0.00168163,0.00175071,0.0030964,0.00252103,0.00283596,0.00287423,0.00279177,0.00438807,0.00292497,0.00232311,0.00345929,0.00295655,0.00392077,0.00404454,0.00312422,0.00186331,0.00323152,0.00217033,0.00144205,0.00171887,0.00171594,0.00226451,0.00324339,0.00352964,0.00418968,0.00248983,0.00383797,0.00297901,0.00311616,0.00737959,0.00318913,0.00557921,0.00755302,0.0116053,0.0117285,0.0109245,0.00800322,0.0184455,0.0913084,0.0627882,0.0200567,0.00994094,0.0114614,0.0251069,0.017763,0.0140251,0.00568685,0.00619878,0.00759576,0.00772776,0.00803116,0.00604948,0.00614586,0.00351217,0.00643086,0.00388542,0.00620887,0.00688982,0.00593133,0.0100338,0.00225527,0.000707239,0.000754173,0.000997814,0.00154644,0.00115898,0.000834071,0.00105445,0.00120949
255,0.000704685,0.000808659,0.000723595,0.000694646,0.000614114,0.000521616,0.000437654,0.0004315,0.00267154,0.00194805,0.00305346,0.00255083,0.00225565,0.00207733,0.003613,0.0026453,0.00249535,0.0030669,0.00269847,0.00261207,0.00264533,0.00209268,0.00307979,0.00264388,0.00320231,0.00324053,0.00289291,0.0035964,0.00324526,0.0035022,0.00507414,0.00440362,0.00560318,0.00135012,0.00413173,0.00680709,0.00322745,0.00516688,0.00441573,0.00323059,0.00478502,0.00335482,0.00377235,0.00331669,0.00288201,0.00328599,0.0029951,0.00272607,0.00257604,0.00366316,0.00315288,0.00330205,0.00452569,0.00791859,0.00757549,0.00578632,0.0134334,0.0194998,0.00834683,0.00878195,0.0216344,0.0266814,0.0194303,0.0105999,0.0138052,0.0149358,0.0147932,0.00736547,0.00904464,0.00816734,0.00510441,0.00751725,0.00650035,0.00639425,0.00564281,0.00807086,0.00800804,0.00530603,0.00522986,0.00821136,0.00596888,0.0046936,0.00620515,0.00715948,0.00391152,0.00223564,0.00246276,0.00285447,0.00129584,0.00157163,0.00130549,0.00156312,0.00134309,0.0018659,0.00162071,0.00180793,0.00192905,0.0015539,0.0013848,0.00263106,0.00258537,0.00269365,0.00306009,0.00226701,0.00272769,0.00251585,0.00260422,0.00258316,0.00221581,0.00252503,0.00282435,0.00259698,0.0028859,0.00260217,0.00343556,0.00412166,0.00274448,0.00187824,0.00274593,0.00325625,0.00162561,0.00220501,0.00160344,0.00283371,0.00372714,0.0056333,0.00398687,0.00319488,0.00249859,0.00285462,0.0031348,0.00333524,0.0031906,0.0041562,0.00640466,0.0118192,0.0141768,0.00696369,0.00757078,0.0270029,0.0627882,0.0608775,0.0199952,0.0130673,0.0239721,0.0216174,0.0117571,0.0148719,0.0116785,0.0104425,0.00709407,0.00721542,0.00989195,0.00398341,0.00577964,0.0065305,0.00500615,0.00514343,0.00574184,0.00650689,0.00597176,0.00459634,0.00281274,0.000592917,0.000736858,0.000748908,0.000884461,0.000846582,0.000752563,0.00077922,0.000865717
256,0.000812932,0.000932157,0.000836235,0.000800941,0.00070263,0.000583949,0.000477952,0.00046478,0.00360818,0.00309559,0.00585061,0.00336622,0.00411636,0.00301138,0.0035166,0.00365031,0.00304253,0.00234082,0.00289945,0.0044397,0.00334936,0.0057928,0.00325862,0.00318009,0.00389404,0.0047294,0.00351867,0.00325123,0.0035179,0.00743765,0.0228857,0.0113661,0.00404244,0.00152583,0.0071155,0.00608587,0.00349353,0.00273617,0.00313011,0.00300322,0.00249482,0.00392111,0.00508946,0.00294278,0.00349773,0.00230311,0.00296514,0.00392945,0.00322178,0.00279166,0.00349116,0.00384873,0.0056571,0.00667875,0.00557579,0.00754122,0.0121396,0.0112469,0.00612097,0.0129085,0.00675701,0.00723983,0.00784118,0.0121235,0.0197243,0.00975893,0.00755805,0.00495617,0.0129559,0.00803321,0.00566091,0.0098477,0.00498974,0.00727738,0.00616143,0.00746999,0.00802047,0.00616249,0.006213,0.00492703,0.00751397,0.00614873,0.0100578,0.0142997,0.00581808,0.0027067,0.00320694,0.00348638,0.00145122,0.00173259,0.00151699,0.00164671,0.00172445,0.00200523,0.00214656,0.0021168,0.0021997,0.00214155,0.0016004,0.00204389,0.00258015,0.00254081,0.00259888,0.00343953,0.00254228,0.00343338,0.00424262,0.0032082,0.00322481,0.00376107,0.00301416,0.00295092,0.00381516,0.00406471,0.00326829,0.00365283,0.00491205,0.00358804,0.00347462,0.00379177,0.00172003,0.00268963,0.00209696,0.00360025,0.00526412,0.00777455,0.00514583,0.00315581,0.00518699,0.00288186,0.0040788,0.0106673,0.00416884,0.0062935,0.00748638,0.0103441,0.00877414,0.0167861,0.00824891,0.0201032,0.0200567,0.0199952,0.0422692,0.00815983,0.0143282,0.0230753,0.00758881,0.0168159,0.0162445,0.00687412,0.00478869,0.0116325,0.00934102,0.00757723,0.00725622,0.00478409,0.0106181,0.00596564,0.00804276,0.00902354,0.00692232,0.0169592,0.003301,0.000979878,0.000925916,0.000997197,0.00190098,0.00135182,0.00100625,0.00148233,0.00169199
257,0.00078012,0.000894733,0.000786823,0.000734641,0.000627747,0.000486992,0.000475619,0.000486126,0.0033015,0.00295733,0.00409871,0.00270685,0.00379757,0.00283321,0.00299526,0.00429731,0.0029738,0.00456343,0.0038947,0.00353448,0.00350832,0.0053306,0.0042189,0.00371737,0.00387152,0.00419525,0.00481984,0.00437267,0.00528309,0.00386161,0.00328934,0.00622919,0.00475282,0.00103146,0.00618949,0.00240445,0.0028895,0.00163927,0.00159284,0.00179188,0.00201644,0.00275384,0.00228338,0.00387501,0.00314582,0.00368547,0.00426301,0.00404521,0.00448065,0.00523119,0.00725352,0.00874606,0.0077654,0.00961659,0.0116356,0.00968482,0.0102166,0.0205817,0.0139325,0.00675511,0.0144117,0.00743531,0.0167579,0.0121724,0.011123,0.0125063,0.00538215,0.00881587,0.00881599,0.015047,0.0076432,0.0068691,0.00824407,0.00873288,0.00763728,0.0122385,0.00869801,0.00968099,0.0103913,0.00666601,0.00611943,0.00942937,0.00644068,0.00433155,0.00545134,0.00309908,0.0028515,0.00352645,0.00185467,0.00226214,0.00167785,0.00255401,0.00193148,0.00346027,0.00234066,0.00295559,0.00335577,0.00325766,0.00232673,0.00410089,0.00474263,0.00364816,0.00533073,0.00310798,0.00543633,0.00436777,0.00445858,0.00405962,0.00472762,0.00615438,0.00639495,0.00464141,0.00594779,0.00637621,0.00760516,0.00522417,0.0044494,0.00378828,0.00575724,0.0040401,0.00177488,0.00268498,0.00231769,0.00335226,0.00437159,0.00624714,0.00423526,0.00484643,0.00455185,0.00400895,0.0044765,0.00571214,0.00445995,0.00559393,0.00746077,0.00753029,0.00966342,0.0102402,0.00861913,0.0152413,0.00994094,0.0130673,0.00815983,0.0270381,0.0198218,0.00852592,0.0152479,0.00791624,0.0125896,0.0102485,0.00918893,0.0092423,0.0100259,0.00573148,0.00930024,0.00940759,0.00800002,0.00687102,0.00903101,0.00871623,0.00997232,0.00560694,0.00322783,0.000730581,0.000785307,0.00112886,0.00130071,0.000988059,0.000901381,0.00125652,0.00160327
258,0.000454826,0.000526949,0.000481559,0.000473693,0.000452252,0.000418753,0.000398072,0.000415283,0.0026001,0.00232071,0.00347615,0.00254103,0.00291772,0.00263653,0.00251136,0.00246327,0.00206524,0.00238067,0.00263296,0.00297926,0.00238659,0.00350511,0.00304546,0.00290616,0.0033678,0.0028289,0.00303915,0.00301399,0.00405766,0.0044085,0.0062537,0.0065098,0.00388111,0.000902259,0.00551562,0.00295157,0.00300146,0.002119,0.00221732,0.00193869,0.00267385,0.00327829,0.00339039,0.00421354,0.00423459,0.0026494,0.00244155,0.00318949,0.00435434,0.00342043,0.00415612,0.00464598,0.00640134,0.00881007,0.00594376,0.00665609,0.00979295,0.0262538,0.01166,0.0061509,0.0186511,0.00915196,0.0193813,0.0107747,0.0216014,0.0176524,0.00472614,0.00834698,0.00667728,0.011356,0.00666009,0.00632938,0.00831532,0.00648406,0.00716396,0.00531729,0.0067341,0.00506581,0.00508894,0.00650301,0.00646293,0.00622416,0.00537194,0.00459867,0.00493002,0.00273691,0.00299701,0.00243133,0.00160794,0.00197927,0.00173495,0.00250435,0.00196871,0.00337395,0.00201335,0.00301693,0.00258883,0.00267708,0.00177994,0.00486432,0.00381649,0.00322747,0.00473342,0.00280288,0.0044593,0.00344873,0.00403691,0.00327577,0.00422414,0.00469627,0.00389893,0.00275022,0.00381663,0.00320852,0.00514104,0.00421122,0.00602971,0.00544922,0.00468352,0.00576415,0.00240969,0.00290532,0.00207197,0.00513122,0.00655945,0.00984978,0.00459752,0.00535149,0.00360967,0.00341161,0.00423991,0.00669234,0.00397861,0.00527757,0.00626826,0.0074507,0.0115878,0.0097388,0.0100661,0.0227133,0.0114614,0.0239721,0.0143282,0.0198218,0.0406623,0.0106819,0.00939703,0.021914,0.0125904,0.0113981,0.00789628,0.0121931,0.0160372,0.00586235,0.00912627,0.00801352,0.00796863,0.00646591,0.00752441,0.00997887,0.00795193,0.00952247,0.00310992,0.00081514,0.000881019,0.00092608,0.00133772,0.00101714,0.000952109,0.00166669,0.00178346
259,0.000585932,0.000677816,0.000603676,0.000576035,0.000522109,0.00042534,0.000419212,0.00039825,0.00253839,0.00277753,0.00353801,0.00259619,0.00314353,0.00195927,0.00199599,0.00294547,0.00254557,0.00329079,0.00249224,0.0022768,0.00271751,0.00483817,0.00416166,0.00278385,0.00286116,0.00502928,0.0035979,0.00226888,0.0040585,0.00928923,0.030106,0.0166135,0.00536712,0.00140538,0.00993826,0.00633971,0.00343123,0.00338946,0.0040484,0.00367547,0.00448765,0.00427018,0.00396178,0.00406284,0.00302141,0.00346241,0.00244231,0.00266471,0.00384172,0.00437479,0.00562576,0.0056541,0.00636517,0.00764305,0.00731859,0.00639336,0.0104402,0.00825694,0.00764531,0.00820115,0.00740085,0.00877295,0.00710271,0.0112215,0.00999311,0.00728663,0.00911262,0.00714669,0.00847761,0.00599243,0.00728667,0.0105488,0.00935122,0.00755861,0.00795423,0.00856506,0.0096352,0.00646881,0.00560627,0.0114218,0.00890299,0.00731912,0.00727084,0.00866267,0.00456125,0.00255023,0.0024429,0.00267538,0.00133413,0.00166563,0.00149711,0.00186199,0.00186734,0.00230418,0.00181769,0.00189777,0.00219558,0.00220733,0.00218337,0.00222157,0.00312646,0.00254947,0.00292676,0.00330892,0.00376063,0.00306721,0.00324149,0.00207164,0.00392388,0.00610266,0.00373923,0.00235042,0.00315241,0.00409039,0.00570317,0.00550089,0.00367902,0.00393482,0.00401278,0.00414075,0.00163959,0.002695,0.0020204,0.00382552,0.00555073,0.00716323,0.00364785,0.00365475,0.00222095,0.00362678,0.00419453,0.00537296,0.00326448,0.0056248,0.00753357,0.00962777,0.00989454,0.00837393,0.00908206,0.0132556,0.0251069,0.0216174,0.0230753,0.00852592,0.0106819,0.0409691,0.011923,0.00951164,0.0230929,0.00833794,0.00721188,0.0145339,0.0120775,0.00694995,0.00787215,0.00826698,0.0104897,0.00598274,0.0103577,0.00939949,0.00910817,0.00925205,0.00388133,0.000954896,0.0009323,0.00109684,0.00139931,0.00099979,0.0007981,0.00108963,0.00114636
260,0.000915001,0.00104308,0.000910321,0.000839323,0.000683737,0.000499372,0.000386728,0.000412259,0.00270001,0.002204,0.00400299,0.00271217,0.004042,0.00356302,0.00495617,0.00258432,0.00461801,0.00350131,0.00589781,0.00316851,0.00389725,0.00411539,0.00398449,0.00367882,0.00407519,0.0059117,0.00485745,0.00419967,0.0055515,0.00550624,0.00422547,0.00820142,0.00554127,0.00117784,0.00700468,0.00279801,0.00307931,0.00221697,0.00232229,0.00235034,0.0026503,0.00371515,0.00347767,0.00472576,0.00425504,0.00496322,0.00329825,0.00361943,0.00408202,0.00422959,0.00698048,0.00619275,0.00804619,0.00651682,0.0103039,0.0136319,0.0131842,0.0117376,0.00963696,0.00837097,0.00736161,0.0104625,0.0127959,0.0130219,0.00727826,0.00833724,0.00797754,0.00904892,0.0105447,0.0112135,0.0068934,0.0104978,0.00799384,0.00792076,0.00983934,0.0130175,0.00953038,0.00671522,0.00936792,0.00944492,0.00889953,0.00796412,0.00642504,0.00525964,0.00462031,0.00315442,0.00303529,0.00294593,0.00172999,0.00213303,0.00180889,0.00318094,0.00244406,0.0045709,0.00225344,0.00298165,0.00337833,0.00287901,0.0030232,0.00678331,0.00493484,0.00359998,0.00662514,0.00386105,0.00381759,0.00530687,0.00279531,0.00356439,0.00334798,0.00551753,0.00787898,0.0037197,0.00372138,0.00358748,0.00602593,0.00834469,0.00370319,0.00213885,0.00544118,0.00312909,0.00177676,0.00205912,0.00191588,0.00294438,0.00400689,0.0046402,0.0042663,0.00428077,0.00449372,0.00461887,0.00557178,0.00637345,0.00622358,0.00582538,0.00702085,0.00977083,0.00749442,0.010613,0.00879871,0.00860389,0.017763,0.0117571,0.00758881,0.0152479,0.00939703,0.011923,0.0283967,0.00935656,0.0110419,0.00820444,0.00909124,0.00995341,0.00986806,0.00685051,0.00908357,0.00741383,0.010109,0.0110145,0.0109337,0.0124619,0.00994155,0.00827184,0.00412867,0.00103991,0.00112976,0.00142884,0.0016763,0.00118943,0.00106705,0.00172523,0.00189759
261,0.00089022,0.000979524,0.000825339,0.000750789,0.000613448,0.000514211,0.000416169,0.00033417,0.00302891,0.00293118,0.00519528,0.00382354,0.00411973,0.00309426,0.00378269,0.00424852,0.00537171,0.00352792,0.00552195,0.00449159,0.00328373,0.00464345,0.00399456,0.00455094,0.00338434,0.00599654,0.00412292,0.00280205,0.00416254,0.00475717,0.00765598,0.00501651,0.00249302,0.00108231,0.00340678,0.00294716,0.00262267,0.00216257,0.00283735,0.00235539,0.0024052,0.00434879,0.00546586,0.0042307,0.00536956,0.00269917,0.00256258,0.0043866,0.00468392,0.00319914,0.00506275,0.00477867,0.00683598,0.00757134,0.00833864,0.00829819,0.0115686,0.0124808,0.00779447,0.0136666,0.0110038,0.0102043,0.0104307,0.00847099,0.0229621,0.0163606,0.00841068,0.00748173,0.0112238,0.0113246,0.00749718,0.00749656,0.0094936,0.00923619,0.00753477,0.00623439,0.00757309,0.00887948,0.00686497,0.00418337,0.00658053,0.0110105,0.0079416,0.00997153,0.00613605,0.00285279,0.00352387,0.00293249,0.00141208,0.00172619,0.00156844,0.00190227,0.00238545,0.00187438,0.00269758,0.00239006,0.00251465,0.00270382,0.00189498,0.00202275,0.00317777,0.00362807,0.00288056,0.00354722,0.00221592,0.00311868,0.00396649,0.00402802,0.0041597,0.00382734,0.00315946,0.00306384,0.00293712,0.00314649,0.0039204,0.00448624,0.00417253,0.00393347,0.00359492,0.00305402,0.00172686,0.00184716,0.00198958,0.00352971,0.00483749,0.00332558,0.00366776,0.00424491,0.00318661,0.00262526,0.00502368,0.00563622,0.00375725,0.00752517,0.00644941,0.00733652,0.009254,0.00910079,0.00655585,0.0104037,0.0140251,0.0148719,0.0168159,0.00791624,0.021914,0.00951164,0.00935656,0.0347756,0.0107064,0.0127723,0.00927576,0.0147732,0.0149333,0.00969803,0.0100075,0.010071,0.0128345,0.00755207,0.00892176,0.0124075,0.0106291,0.0150875,0.00386086,0.0010695,0.00105548,0.00113016,0.00181443,0.00123653,0.00108406,0.0021175,0.00233737
262,0.000714182,0.000829918,0.000738822,0.000687795,0.000589494,0.000413627,0.000350246,0.000385814,0.00229831,0.00268081,0.0026247,0.00237317,0.00332145,0.00339837,0.00230579,0.001621,0.00212217,0.00211916,0.00379482,0.00227414,0.00265139,0.00227002,0.00212665,0.00224017,0.00307687,0.00504411,0.00332834,0.00301628,0.00318018,0.00678086,0.0245047,0.0139962,0.00281984,0.00137519,0.00576867,0.00449765,0.0029579,0.00258172,0.00349201,0.00313353,0.00309653,0.00707257,0.0106364,0.00403201,0.00300259,0.0025135,0.00291719,0.0030433,0.00318665,0.00439841,0.00515862,0.00438699,0.00766231,0.0148537,0.010429,0.00633349,0.0114397,0.0172891,0.0185344,0.0132196,0.0124341,0.0050128,0.0126455,0.0123779,0.00996018,0.0129098,0.00666461,0.00653324,0.00872254,0.0103248,0.00871687,0.0110894,0.010952,0.00868903,0.00781754,0.00802489,0.0103478,0.00536254,0.00515493,0.0118025,0.00733595,0.00642392,0.0080806,0.00720977,0.00397895,0.00220375,0.00252744,0.00280025,0.00160088,0.00183812,0.00139597,0.00162278,0.00156253,0.00208531,0.00211907,0.00217036,0.0023384,0.00232437,0.00147658,0.00272253,0.00350996,0.00324698,0.00492014,0.00355056,0.00378015,0.00303081,0.00336403,0.00315724,0.00255838,0.00322431,0.00391293,0.00400615,0.00292015,0.00389652,0.00508891,0.00715781,0.00404969,0.00533492,0.00344303,0.00290879,0.00169085,0.00227487,0.00183118,0.00357703,0.00420511,0.00391255,0.00301052,0.00288678,0.0029053,0.00273908,0.0043083,0.00394263,0.00388729,0.00565348,0.00549839,0.0104274,0.0142203,0.0108541,0.00971358,0.0155397,0.00568685,0.0116785,0.0162445,0.0125896,0.0125904,0.0230929,0.0110419,0.0107064,0.0396855,0.016863,0.0094464,0.0137972,0.00517647,0.00758073,0.00666257,0.0123368,0.0123541,0.00743965,0.00769139,0.005847,0.0071247,0.00627423,0.00377089,0.000830109,0.000848661,0.000930938,0.00103253,0.000764803,0.000697397,0.000941986,0.00107953
263,0.000562653,0.000644429,0.000579558,0.000554906,0.000517719,0.000446416,0.000396557,0.000381625,0.00316606,0.00232484,0.00297528,0.00235156,0.00255448,0.0029986,0.00383434,0.00355879,0.00252734,0.00340978,0.00319859,0.00307344,0.003467,0.00326598,0.00377334,0.00394067,0.00371987,0.00374951,0.0036015,0.00355692,0.00388385,0.00365996,0.00488362,0.00588342,0.00272963,0.00112382,0.00425601,0.00251207,0.00335209,0.00208228,0.00257075,0.00238149,0.00286001,0.00601376,0.0076018,0.00446371,0.00574319,0.00274284,0.00339031,0.00420263,0.00488112,0.00385053,0.0053423,0.00730891,0.00691934,0.0105996,0.0113952,0.00696795,0.013368,0.0124838,0.0119797,0.0107315,0.0167491,0.0115018,0.0125762,0.0106152,0.0115879,0.00942485,0.0156802,0.00957531,0.0074153,0.0102379,0.00848804,0.0108502,0.0119134,0.00972986,0.00817735,0.0085572,0.0156432,0.00795531,0.00922819,0.00788037,0.00746325,0.0108045,0.00688532,0.00601886,0.00571361,0.00313985,0.00333311,0.00306345,0.0015123,0.00171763,0.00155434,0.00165799,0.00218047,0.00251903,0.00255481,0.00275688,0.00265433,0.00321561,0.00220679,0.00341695,0.00355238,0.00320216,0.00321883,0.00281348,0.00371495,0.00320798,0.00440536,0.00478134,0.00414983,0.00516736,0.00480193,0.00383975,0.00420207,0.00378592,0.00578943,0.00653683,0.00503976,0.00380434,0.00576614,0.00312823,0.00177389,0.00202314,0.00188952,0.00284204,0.00355915,0.0048559,0.00351812,0.00576379,0.00344966,0.00323451,0.00451071,0.00601225,0.00417485,0.00555518,0.00780388,0.00958623,0.0133957,0.0110487,0.010358,0.0126156,0.00619878,0.0104425,0.00687412,0.0102485,0.0113981,0.00833794,0.00820444,0.0127723,0.016863,0.0260833,0.0099837,0.00910757,0.0161979,0.00869931,0.0105127,0.0138745,0.0103022,0.00674329,0.0119692,0.00789058,0.0102456,0.0104553,0.00332799,0.000908782,0.00104176,0.00113022,0.00159437,0.00125971,0.00111502,0.00185557,0.00203004
264,0.00100303,0.00109462,0.000928797,0.000850615,0.00073722,0.000681735,0.000581155,0.000547949,0.00541972,0.0030446,0.00580882,0.00377293,0.00442714,0.00336639,0.0080266,0.00524976,0.0052388,0.00593506,0.00465181,0.00490672,0.0063193,0.00440052,0.00555982,0.00361992,0.00489362,0.00482696,0.00521087,0.00388879,0.00396559,0.00429052,0.00246783,0.0051271,0.00268172,0.00104129,0.00459214,0.00176012,0.00318202,0.00178548,0.00181374,0.00194479,0.00296466,0.00368769,0.00328957,0.00471821,0.00405148,0.00540213,0.00403638,0.00661881,0.0053107,0.00957957,0.00708111,0.0062012,0.00746085,0.00717219,0.00979609,0.00815778,0.00772938,0.00839033,0.0119551,0.00585903,0.00809702,0.00603271,0.00744351,0.00896725,0.00686407,0.00637638,0.00705093,0.0109561,0.0102174,0.0127037,0.0140974,0.00890689,0.0117099,0.0103021,0.0120263,0.0124013,0.0127615,0.0122133,0.0110771,0.007366,0.00606306,0.0135943,0.00632831,0.00604939,0.00658716,0.00270856,0.00363362,0.00329373,0.0018526,0.00203351,0.00173246,0.00209148,0.00215489,0.00285743,0.00296379,0.00291318,0.00290034,0.00227475,0.00380136,0.00286497,0.00657862,0.00640269,0.0055918,0.00699885,0.00595994,0.00586632,0.00457151,0.00482575,0.00707541,0.00644282,0.00624303,0.00473435,0.00441146,0.00601461,0.00684992,0.00561899,0.00371737,0.00319839,0.00409978,0.00347741,0.00217318,0.0022981,0.00186677,0.00306892,0.00440972,0.00418976,0.00454876,0.00629028,0.00409341,0.00607792,0.00646423,0.00427891,0.00510344,0.00760322,0.00864804,0.0077592,0.00626368,0.00566528,0.00607188,0.00598377,0.00759576,0.00709407,0.00478869,0.00918893,0.00789628,0.00721188,0.00909124,0.00927576,0.0094464,0.0099837,0.025564,0.0139762,0.0100217,0.0139622,0.0107693,0.0130693,0.0128965,0.0111007,0.00911424,0.0100554,0.0104392,0.00449458,0.00474739,0.00109883,0.00122602,0.00146402,0.00143818,0.00109016,0.00115637,0.00182106,0.00200685
265,0.000872726,0.00096352,0.000828594,0.000762676,0.000621399,0.000531231,0.00038009,0.000354797,0.00377836,0.00171054,0.00462155,0.00291803,0.00260549,0.00249723,0.00543136,0.0033723,0.00276759,0.00359526,0.00300834,0.00254285,0.00465287,0.00460968,0.00434058,0.00453521,0.00440612,0.00512373,0.00524332,0.00294497,0.00395407,0.00642278,0.0129027,0.00958898,0.00472191,0.00130522,0.00796219,0.00315067,0.00349602,0.00194359,0.00262255,0.00277755,0.00308521,0.00405625,0.00437021,0.00385072,0.00411585,0.00392802,0.00281437,0.00341166,0.00443071,0.00520743,0.00418287,0.00631621,0.00688828,0.00827201,0.00884856,0.00913946,0.0103886,0.0123072,0.0151661,0.00970901,0.00725525,0.0058943,0.00914541,0.00846665,0.0131494,0.0104056,0.00879737,0.010058,0.0124029,0.0109549,0.0078118,0.0102813,0.0101824,0.0113853,0.00872454,0.010517,0.0114711,0.0100291,0.00794666,0.00634532,0.00608746,0.00852287,0.00585424,0.00690914,0.00622693,0.00284193,0.00290949,0.00296661,0.00146872,0.00183668,0.00153959,0.00198441,0.00204729,0.00225299,0.00204958,0.00227765,0.00230967,0.00295427,0.00292917,0.00165701,0.00343398,0.0026641,0.00393857,0.0047811,0.00394833,0.00354509,0.00320227,0.00298529,0.00398392,0.00353549,0.00306118,0.00340668,0.0030684,0.00386337,0.00413459,0.00401889,0.00351008,0.00381661,0.00371193,0.00518771,0.00192439,0.00279851,0.00185246,0.00353984,0.00525031,0.0072325,0.00470383,0.00422653,0.00356639,0.00483931,0.00453921,0.00364076,0.00410047,0.00610657,0.00770854,0.00817996,0.0068672,0.00698435,0.00983289,0.00614154,0.00772776,0.00721542,0.0116325,0.0092423,0.0121931,0.0145339,0.00995341,0.0147732,0.0137972,0.00910757,0.0139762,0.0231448,0.0144043,0.0117943,0.0133459,0.0152265,0.0160704,0.00888667,0.0115009,0.0159003,0.0106921,0.01151,0.00475681,0.00110497,0.00112107,0.00129697,0.00171119,0.00123661,0.00110282,0.00149137,0.00150898
266,0.000871702,0.000973945,0.000827656,0.000750472,0.000601075,0.000452883,0.000403228,0.000376149,0.00289499,0.00236114,0.00390001,0.0030528,0.00398078,0.00249848,0.00398102,0.00419664,0.00346234,0.00395623,0.00355256,0.00375625,0.00367365,0.00508768,0.00477354,0.00411548,0.00421881,0.00489698,0.00496945,0.00346037,0.00595054,0.00405419,0.00472009,0.00571729,0.00606553,0.00135632,0.00818982,0.00283053,0.00330999,0.00209396,0.00240174,0.00241317,0.00264964,0.00311406,0.00381363,0.00394431,0.00413162,0.00373493,0.00304733,0.00501753,0.00561073,0.00583881,0.00499759,0.00620129,0.00667311,0.00623283,0.0102916,0.00630015,0.0116249,0.0090624,0.0112175,0.0072645,0.01206,0.0111562,0.0122138,0.0120303,0.0183461,0.0102775,0.0150988,0.0136343,0.00995022,0.0113262,0.00847024,0.00738451,0.01217,0.01047,0.00717818,0.00780166,0.0116826,0.00800659,0.00721155,0.00622812,0.00598576,0.00717998,0.00563863,0.0068073,0.0050755,0.00267627,0.00291712,0.00270664,0.00151081,0.00173868,0.00164767,0.00168137,0.00191918,0.00200308,0.00214762,0.00203271,0.00213958,0.00207025,0.00255423,0.00231833,0.00289332,0.00359853,0.00291609,0.00414231,0.00441851,0.00432608,0.00274976,0.00304636,0.00434501,0.00545116,0.00458643,0.00365137,0.00334102,0.00471586,0.00560799,0.00362326,0.00342041,0.00258219,0.00385077,0.00594527,0.00201814,0.00291248,0.00200548,0.00361452,0.00570066,0.00888971,0.00509045,0.00478485,0.00374777,0.0044491,0.00435629,0.0036314,0.00420018,0.00426368,0.00718227,0.00721014,0.0101648,0.0135678,0.0113455,0.00961258,0.00803116,0.00989195,0.00934102,0.0100259,0.0160372,0.0120775,0.00986806,0.0149333,0.00517647,0.0161979,0.0100217,0.0144043,0.0365572,0.0094164,0.0102243,0.0133397,0.00821576,0.00665182,0.0139996,0.00967343,0.00855061,0.00862985,0.00368144,0.00112179,0.000952074,0.00100281,0.00131535,0.000992131,0.00096071,0.00159082,0.00179269
267,0.00127195,0.00130474,0.000990266,0.000811372,0.000526076,0.000523707,0.000474609,0.000417435,0.00449022,0.00371289,0.00637522,0.00462079,0.00553183,0.00536735,0.0038393,0.00860621,0.00928029,0.00411887,0.00907251,0.00614815,0.00717088,0.00723505,0.00580815,0.00740287,0.0053328,0.00535029,0.00665206,0.00455931,0.0039187,0.00613088,0.00425541,0.00530265,0.00292981,0.00168006,0.00342389,0.00190076,0.00304529,0.00188411,0.00247346,0.00207341,0.00196228,0.00346847,0.00453833,0.00568984,0.00682837,0.00584939,0.00352701,0.00611736,0.00668999,0.00756515,0.00617688,0.00782724,0.00760254,0.00653803,0.00503114,0.00744942,0.00917106,0.00621399,0.00607811,0.00600553,0.00542443,0.00449354,0.00536146,0.00671403,0.00788392,0.00573152,0.00658309,0.0096952,0.00744538,0.00884409,0.0120707,0.00882811,0.0105109,0.00827323,0.0128346,0.00700245,0.00925404,0.0127286,0.00767107,0.00756941,0.00775381,0.00924304,0.00839565,0.00511377,0.00750915,0.00257682,0.00425719,0.00351682,0.00209805,0.00254559,0.0020177,0.00293496,0.0034947,0.00347545,0.00325407,0.00355935,0.00396287,0.00577033,0.00477079,0.00353713,0.00640633,0.00480094,0.00946541,0.00936002,0.00748181,0.00543174,0.00644904,0.0045339,0.0065685,0.00520707,0.00404527,0.00719636,0.00523837,0.00622842,0.0072451,0.00568282,0.00390189,0.00238593,0.00531434,0.00417736,0.00211677,0.00219692,0.00261422,0.00338289,0.00451942,0.00460251,0.00592454,0.00406998,0.00542081,0.00576005,0.00638722,0.0068101,0.00548532,0.00728745,0.00699588,0.00533397,0.00724283,0.00838611,0.00941543,0.00622121,0.00604948,0.00398341,0.00757723,0.00573148,0.00586235,0.00694995,0.00685051,0.00969803,0.00758073,0.00869931,0.0139622,0.0117943,0.0094164,0.0249708,0.0103717,0.00987127,0.0120299,0.0108385,0.0127424,0.0106398,0.00818069,0.00901452,0.00409419,0.00149403,0.0018499,0.00183551,0.00208806,0.0014282,0.00119321,0.00227187,0.0025851
268,0.000527602,0.000578766,0.000491691,0.00045175,0.000390127,0.000366823,0.000351898,0.000376577,0.00305186,0.00228074,0.00386468,0.00269985,0.00335107,0.00313692,0.00419036,0.00410149,0.00344129,0.00301165,0.00323677,0.00290692,0.00463752,0.00602839,0.00402402,0.0059574,0.00338823,0.00465758,0.00599468,0.0039492,0.00605672,0.00523632,0.00710248,0.00832572,0.00574306,0.00142969,0.00800792,0.00335566,0.00331331,0.00221401,0.00232513,0.00191154,0.00189677,0.00385773,0.00426086,0.00452626,0.00361525,0.00329722,0.00349315,0.00328408,0.00490262,0.00365341,0.00615029,0.00721676,0.0080025,0.00523226,0.0110213,0.0126523,0.0105604,0.00857586,0.00970962,0.0117031,0.00566635,0.0106091,0.00962225,0.00767205,0.0115711,0.00872338,0.00978005,0.008602,0.0124569,0.0116446,0.0071749,0.0106255,0.0136324,0.0144017,0.0057954,0.0100075,0.0133416,0.0101789,0.0107353,0.0156432,0.008704,0.0104555,0.00801415,0.00554447,0.00590832,0.00334371,0.00297051,0.00360689,0.00144616,0.0017112,0.00151278,0.00164328,0.0018457,0.00212309,0.00200328,0.00251533,0.00260419,0.0034112,0.00249736,0.00290239,0.00325865,0.00273373,0.00352314,0.00364187,0.00361753,0.00316412,0.00406587,0.00407906,0.00400868,0.00512408,0.00410779,0.00387881,0.00397769,0.00420203,0.00634782,0.00543214,0.00464293,0.00255622,0.00692185,0.00403497,0.00171181,0.00214065,0.00192514,0.00256299,0.00350466,0.00521495,0.00369451,0.00438611,0.00574924,0.00517286,0.00447723,0.00517836,0.00385302,0.00548756,0.00803817,0.00656819,0.00612275,0.00572557,0.00906716,0.00523648,0.00614586,0.00577964,0.00725622,0.00930024,0.00912627,0.00787215,0.00908357,0.0100075,0.00666257,0.0105127,0.0107693,0.0133459,0.0102243,0.0103717,0.0271188,0.0165649,0.0158318,0.00999184,0.0124737,0.0149016,0.013843,0.0195589,0.00462928,0.00101824,0.00123796,0.00147215,0.00245423,0.00158673,0.00104259,0.00181064,0.00214238
269,0.000529315,0.000611777,0.000557221,0.000547307,0.000523487,0.000474013,0.000435441,0.000407771,0.00258817,0.00253189,0.00298961,0.002942,0.00304092,0.00318604,0.00212305,0.00242537,0.0020528,0.002335,0.00276093,0.00269212,0.00346235,0.00408922,0.00357258,0.00344751,0.00441344,0.00277028,0.00389898,0.00256367,0.00320253,0.00429137,0.00485304,0.00634672,0.00352014,0.00126402,0.00467148,0.00329517,0.00337798,0.00247047,0.00234506,0.00197486,0.00250757,0.00573869,0.00794329,0.00477642,0.00402826,0.00241943,0.00287103,0.00356657,0.00387333,0.00616642,0.0048295,0.00517407,0.00793253,0.0100014,0.0107719,0.00851238,0.00959185,0.00938599,0.0189166,0.0131173,0.0112776,0.0123344,0.00966658,0.00828149,0.00963732,0.00768098,0.0105947,0.0123667,0.0138432,0.0111636,0.00817839,0.00824497,0.0265211,0.0170724,0.00871671,0.0073141,0.0108381,0.0142566,0.00659923,0.0187024,0.0100551,0.00858295,0.00776668,0.00385047,0.00471102,0.00246966,0.00249372,0.00307954,0.00142415,0.0019357,0.00142253,0.00246788,0.00183707,0.0028849,0.00187744,0.00273765,0.00225391,0.0029042,0.00165454,0.00189057,0.00379959,0.00238764,0.00674433,0.00504174,0.00457213,0.00358475,0.00444659,0.00260915,0.00282015,0.00389401,0.00253156,0.00403766,0.00366056,0.00394331,0.00526067,0.00508282,0.00323352,0.00365267,0.00303308,0.00285891,0.0014448,0.00190564,0.00145016,0.00259262,0.00377488,0.00326937,0.00272425,0.0027376,0.00279638,0.00417299,0.00495882,0.00401279,0.00228394,0.00348839,0.00572926,0.00601916,0.00799074,0.00707727,0.00700456,0.00588714,0.00351217,0.0065305,0.00478409,0.00940759,0.00801352,0.00826698,0.00741383,0.010071,0.0123368,0.0138745,0.0130693,0.0152265,0.0133397,0.00987127,0.0165649,0.0440103,0.0145416,0.0115622,0.0100432,0.0148955,0.0161402,0.0117996,0.00784462,0.000842088,0.000934395,0.00136565,0.0018876,0.00115628,0.000775931,0.0010068,0.00109598
270,0.00105214,0.00117226,0.00101449,0.000953601,0.000835442,0.000744952,0.000618996,0.00050159,0.00382754,0.00295455,0.00495686,0.0045276,0.00491456,0.00451754,0.00526116,0.00477469,0.005797,0.00427073,0.00509672,0.00523087,0.0058247,0.00553676,0.00546753,0.00648359,0.00387905,0.00459344,0.00519431,0.00243566,0.00409367,0.00505613,0.0100298,0.0084208,0.00347062,0.00158015,0.0058278,0.00356435,0.0043438,0.00230322,0.00277756,0.00284158,0.0035204,0.00574852,0.00681195,0.00579643,0.00431365,0.0038048,0.00352114,0.00534078,0.00559994,0.0046313,0.00552452,0.00628516,0.00827982,0.00695292,0.00879047,0.0111051,0.0119442,0.0129237,0.0122463,0.00987341,0.00649216,0.00815729,0.00829977,0.00852782,0.0133039,0.00704763,0.00867042,0.00862403,0.00983904,0.00935326,0.00809114,0.010425,0.00949307,0.0094486,0.00778006,0.00883872,0.00774931,0.010309,0.00721435,0.00926596,0.00819284,0.0103282,0.00728014,0.00611647,0.00571276,0.00293276,0.00357874,0.00318502,0.00139659,0.00156456,0.00133816,0.00168522,0.00181404,0.0026792,0.00214879,0.00264421,0.00209063,0.0021077,0.00237894,0.00259784,0.00380867,0.0034417,0.00397266,0.00480161,0.00323973,0.00313275,0.00442129,0.0040743,0.00537355,0.00707687,0.00454222,0.00281391,0.00302885,0.00350957,0.00408458,0.00445549,0.00380518,0.00285847,0.00485375,0.00346388,0.00145672,0.00153877,0.00154277,0.00227774,0.00434238,0.00359491,0.00316499,0.00461578,0.00456986,0.00447366,0.00520391,0.00428824,0.00365449,0.00563795,0.00596495,0.00677883,0.00626072,0.00593477,0.00700435,0.00493269,0.00643086,0.00500615,0.0106181,0.00800002,0.00796863,0.0104897,0.010109,0.0128345,0.0123541,0.0103022,0.0128965,0.0160704,0.00821576,0.0120299,0.0158318,0.0145416,0.0220622,0.0113959,0.0150712,0.0153892,0.0109809,0.016509,0.00475445,0.00134273,0.00128621,0.00143801,0.00212592,0.00130849,0.00116558,0.00237191,0.0026359
271,0.00175442,0.00196692,0.00169314,0.00155015,0.0012249,0.000904983,0.000617726,0.000487645,0.00471584,0.00353106,0.00643681,0.0051504,0.00504661,0.00536936,0.00602869,0.00600072,0.00550138,0.00445546,0.00687582,0.00595471,0.00711167,0.00710074,0.00618334,0.0058219,0.00662074,0.00487036,0.00663166,0.00512125,0.00526168,0.00593742,0.00347777,0.00723859,0.00416209,0.00171467,0.00568722,0.00320592,0.00501325,0.00234995,0.00273991,0.00352714,0.00419861,0.00485594,0.00533178,0.00760475,0.00669743,0.00567857,0.00479983,0.00520195,0.00503872,0.00854354,0.00851832,0.00752232,0.00832441,0.00601814,0.00815157,0.0101553,0.00924919,0.00705938,0.00766581,0.00652389,0.00610725,0.00698764,0.00665008,0.00933544,0.00634038,0.00683634,0.0049091,0.0114825,0.00890691,0.00879001,0.0108008,0.00976292,0.0106528,0.00950598,0.0102919,0.00835065,0.00603857,0.00972553,0.00579102,0.0113137,0.00856737,0.00779929,0.00800006,0.00574478,0.00626937,0.00332678,0.00293491,0.00321308,0.00177481,0.00233761,0.00145079,0.00345185,0.00230712,0.00435685,0.002522,0.00362318,0.00318328,0.00414941,0.00283605,0.00438332,0.00626881,0.00378241,0.0104504,0.00738166,0.0070972,0.00681846,0.00697936,0.00389338,0.00401353,0.00802939,0.00594977,0.00529534,0.00636599,0.00552623,0.00794018,0.00563968,0.00330183,0.00209919,0.00558625,0.00425,0.00210238,0.00169531,0.00196452,0.00320693,0.00496972,0.00437846,0.00484119,0.00566154,0.00615135,0.00616153,0.00940195,0.00586401,0.00535992,0.00708098,0.00689638,0.00693282,0.00575113,0.00670479,0.0057011,0.00618811,0.00388542,0.00514343,0.00596564,0.00687102,0.00646591,0.00598274,0.0110145,0.00755207,0.00743965,0.00674329,0.0111007,0.00888667,0.00665182,0.0108385,0.00999184,0.0115622,0.0113959,0.0204832,0.0108385,0.0105257,0.00764713,0.00587728,0.00714458,0.00135771,0.00172929,0.00182274,0.00173895,0.00150311,0.00102151,0.00191744,0.00222339
272,0.00089547,0.000931146,0.000732264,0.000617857,0.000446333,0.000425901,0.000360459,0.000366971,0.00420251,0.00311254,0.00501787,0.00434093,0.00378032,0.00400675,0.00517435,0.00520013,0.00559451,0.00514041,0.00664334,0.00456865,0.00460899,0.00403522,0.00678398,0.00521844,0.00407641,0.00360221,0.00321476,0.00312585,0.00378369,0.00451514,0.00525663,0.00622155,0.00369782,0.00154359,0.00563869,0.00259559,0.00331777,0.00246914,0.00254819,0.00280084,0.00333602,0.00447809,0.00564727,0.00428712,0.00393399,0.00390044,0.00286161,0.00467513,0.00431188,0.00566458,0.00610119,0.00797958,0.00786744,0.00487673,0.00959221,0.00971435,0.010813,0.0108043,0.0110984,0.00655558,0.00855279,0.0104468,0.0101266,0.0100128,0.0103866,0.00738335,0.00963859,0.0116404,0.00891506,0.0101796,0.0082721,0.0108249,0.00911752,0.00968067,0.00989248,0.0097754,0.00888027,0.00887541,0.00617929,0.00847521,0.00935539,0.00799259,0.00998487,0.00531206,0.00749343,0.00326085,0.00309656,0.00320679,0.00130791,0.00143504,0.00131831,0.00139752,0.00182069,0.00189999,0.00153392,0.00140984,0.0017013,0.00207177,0.00250477,0.00314821,0.00307171,0.00286062,0.00393236,0.00327921,0.00375829,0.00274438,0.0024293,0.0023651,0.00365291,0.00430384,0.00509454,0.0042439,0.00334806,0.00340664,0.00359806,0.00482987,0.00273188,0.00177527,0.00406042,0.00298105,0.00139008,0.0017096,0.00170357,0.00268007,0.00333456,0.00452002,0.00415802,0.00434077,0.00295321,0.00336463,0.00521109,0.0053335,0.00383662,0.00529708,0.00646451,0.00854897,0.00775087,0.0102241,0.00590601,0.00536637,0.00620887,0.00574184,0.00804276,0.00903101,0.00752441,0.0103577,0.0109337,0.00892176,0.00769139,0.0119692,0.00911424,0.0115009,0.0139996,0.0127424,0.0124737,0.0100432,0.0150712,0.0108385,0.0289325,0.015812,0.017766,0.0387548,0.00538084,0.00256415,0.00278294,0.00229258,0.00495947,0.00271202,0.00102542,0.00212048,0.0025098
273,0.000418836,0.000436736,0.000350445,0.00030953,0.000252503,0.000290285,0.000297329,0.00035217,0.00291219,0.00232526,0.00403037,0.00293912,0.0028791,0.00280878,0.00354528,0.0033369,0.00361209,0.00225548,0.00412545,0.00303668,0.00531575,0.00487653,0.00362278,0.00409324,0.00283721,0.00417202,0.00500747,0.00325705,0.00413567,0.00565817,0.00612159,0.00783411,0.00506091,0.00153316,0.00653149,0.0023036,0.00254984,0.00257096,0.00285458,0.00258603,0.00339139,0.00388296,0.00397704,0.00482716,0.00440166,0.00287556,0.00275759,0.00285795,0.00420524,0.00460121,0.00612106,0.00690146,0.00753551,0.00765963,0.00864933,0.0127542,0.0139935,0.0116627,0.00872613,0.0080409,0.00716964,0.00759793,0.0084204,0.00824592,0.0100053,0.00633435,0.00927225,0.00905366,0.0109464,0.00872648,0.00594288,0.0126225,0.0101638,0.00888295,0.00588067,0.0128708,0.0124106,0.0107864,0.00689326,0.00640449,0.00717782,0.00857549,0.00633634,0.00899095,0.0105231,0.00776059,0.00336151,0.00452102,0.00134003,0.00166027,0.00128908,0.00173955,0.00144137,0.00148392,0.00127359,0.00166773,0.00217423,0.00312221,0.00217029,0.00249791,0.00281945,0.00226842,0.00511177,0.0035848,0.00378955,0.00341893,0.0030303,0.0022943,0.00303967,0.0046613,0.00324059,0.00401061,0.00344619,0.00282016,0.00402147,0.00403647,0.00246682,0.00173154,0.00383858,0.004339,0.0013246,0.00242134,0.00177887,0.00304407,0.00416276,0.00715143,0.00491249,0.00377106,0.00320635,0.00357771,0.00504483,0.00377683,0.00328935,0.00576836,0.00729343,0.00706033,0.00515883,0.00618369,0.0108123,0.00647063,0.00688982,0.00650689,0.00902354,0.00871623,0.00997887,0.00939949,0.0124619,0.0124075,0.005847,0.00789058,0.0100554,0.0159003,0.00967343,0.0106398,0.0149016,0.0148955,0.0153892,0.0105257,0.015812,0.0279524,0.0157439,0.0226042,0.0237974,0.00380078,0.0036282,0.00388671,0.00535738,0.00509733,0.0020843,0.00182442,0.00213234
274,0.000429211,0.00044086,0.000354337,0.00032359,0.000302021,0.000397724,0.000412203,0.00045306,0.00344234,0.00243512,0.0052642,0.00310285,0.0044303,0.00384552,0.0049577,0.00509847,0.00577031,0.00390584,0.00597086,0.00336473,0.00317157,0.00513707,0.0053282,0.00385961,0.00511641,0.00635876,0.00625919,0.00411753,0.0054798,0.00490042,0.00387109,0.00681853,0.00517796,0.00128782,0.00653337,0.00222793,0.00267271,0.00243238,0.00226735,0.00231945,0.00272281,0.00361197,0.00316873,0.00386585,0.00397268,0.00358686,0.00328135,0.00399524,0.00506045,0.00527562,0.00724727,0.00724717,0.00811824,0.00744544,0.0132757,0.00963198,0.0069103,0.00767189,0.0100471,0.00986809,0.00801634,0.00825455,0.00834473,0.00688896,0.00734076,0.00639633,0.00700825,0.00836913,0.0116505,0.0107843,0.00611265,0.00795923,0.0117179,0.010793,0.0058739,0.00994002,0.0127439,0.0118853,0.00835116,0.0076505,0.00704866,0.0109507,0.00736389,0.0053422,0.00698375,0.00345882,0.0038877,0.00351706,0.0014719,0.00166688,0.00153755,0.00178017,0.00174565,0.00255165,0.00160404,0.00223749,0.00218585,0.00232725,0.00262842,0.00276497,0.00339221,0.00345556,0.00280864,0.00223301,0.00409419,0.00436328,0.00299214,0.00274416,0.00399088,0.00546743,0.00749871,0.00417177,0.00477296,0.00474674,0.00594326,0.00785939,0.00361332,0.00192353,0.00372987,0.00254268,0.00123776,0.00205244,0.00182271,0.00252558,0.00346434,0.00460982,0.0032781,0.00660654,0.00274217,0.0031531,0.00467671,0.00475302,0.00446641,0.00508161,0.00739976,0.00722818,0.0069082,0.00708421,0.00788553,0.00545634,0.00593133,0.00597176,0.00692232,0.00997232,0.00795193,0.00910817,0.00994155,0.0106291,0.0071247,0.0102456,0.0104392,0.0106921,0.00855061,0.00818069,0.013843,0.0161402,0.0109809,0.00764713,0.017766,0.0157439,0.0272242,0.037903,0.00745957,0.0040948,0.0058606,0.00391126,0.00609171,0.00529409,0.00196238,0.00288717,0.00357341
275,0.000583763,0.000718422,0.000696703,0.000718948,0.000710189,0.000598906,0.000495563,0.000416299,0.00159933,0.00156528,0.00193755,0.00163713,0.00156107,0.00172787,0.00154077,0.00128409,0.00163486,0.00124145,0.00155751,0.00159207,0.00198588,0.00182246,0.00182003,0.0021689,0.00167809,0.00230067,0.00201692,0.00169086,0.00198055,0.00329273,0.00778305,0.00516755,0.0029166,0.00123084,0.0029484,0.00324996,0.00348759,0.00255235,0.00247375,0.00302598,0.00330627,0.00377698,0.003373,0.00317105,0.00239763,0.00155029,0.00239685,0.00287017,0.00311842,0.00314792,0.00297119,0.00297253,0.00376893,0.00492481,0.0059702,0.00648649,0.00705166,0.00737326,0.00729107,0.00927004,0.00520831,0.01553,0.0132254,0.00801287,0.0179246,0.00928425,0.00715366,0.00541264,0.0108025,0.00837897,0.00438746,0.00643281,0.00738909,0.00761772,0.00473199,0.00686947,0.00670338,0.00890462,0.00613539,0.00462288,0.00461633,0.00660747,0.0053788,0.00639802,0.0125647,0.00454332,0.00335999,0.00574812,0.00140962,0.00170201,0.00129465,0.00123677,0.00083405,0.00114414,0.00123501,0.00181863,0.00183804,0.00194298,0.00134809,0.00137573,0.001635,0.00150363,0.0025793,0.00252288,0.00250546,0.00216904,0.00240181,0.00207484,0.00206353,0.00350967,0.00225265,0.00254229,0.00206954,0.0019601,0.00244111,0.0019878,0.00222683,0.00228719,0.0019095,0.00176708,0.00114754,0.00167195,0.00175919,0.00252997,0.00313655,0.00250839,0.00155572,0.0017839,0.0014979,0.0023166,0.00302907,0.00295653,0.00223312,0.00199545,0.00326634,0.00398581,0.00515083,0.00728987,0.00497857,0.00343824,0.0100338,0.00459634,0.0169592,0.00560694,0.00952247,0.00925205,0.00827184,0.0150875,0.00627423,0.0104553,0.00449458,0.01151,0.00862985,0.00901452,0.0195589,0.0117996,0.016509,0.00587728,0.0387548,0.0226042,0.037903,0.132387,0.0215588,0.00505302,0.0121237,0.0070722,0.0192395,0.0124461,0.00117251,0.0027644,0.00310242
276,0.00118101,0.00143981,0.00136367,0.00135681,0.00123477,0.00088929,0.0006489,0.000484475,0.0020455,0.00158659,0.00192011,0.00149006,0.00180453,0.00195792,0.00209183,0.00169198,0.00125087,0.00171344,0.00203732,0.0022412,0.00214833,0.00182758,0.00262846,0.00234142,0.00258314,0.00296056,0.00219013,0.00345799,0.00276218,0.00278347,0.0027437,0.00396483,0.00282116,0.00139262,0.00211787,0.00198537,0.00499376,0.00203113,0.00191599,0.00367937,0.00403659,0.00356317,0.00275343,0.00418274,0.0023582,0.0036039,0.00414378,0.00375816,0.0035358,0.00443251,0.00353307,0.00314973,0.00330381,0.00357822,0.00400269,0.00334352,0.00341239,0.00317873,0.00411038,0.0038651,0.00309417,0.00252956,0.00277221,0.00302357,0.00298364,0.00280304,0.0029135,0.00368553,0.0045239,0.00371715,0.00311859,0.00392204,0.00497361,0.00402274,0.00434184,0.00485445,0.00422316,0.00486872,0.00599334,0.00578806,0.00729219,0.00812064,0.0074346,0.0171113,0.050199,0.0536945,0.0149957,0.0240613,0.00175013,0.00187678,0.00127856,0.000980158,0.000811214,0.00164915,0.00159211,0.00206378,0.00180502,0.00182344,0.00155652,0.00221421,0.00222663,0.00187872,0.00286527,0.00301287,0.0036703,0.00255271,0.00308117,0.00232909,0.00258637,0.00367008,0.0027629,0.00356355,0.00254001,0.00361379,0.00349414,0.00309599,0.00259501,0.00207325,0.00179158,0.00189769,0.0017227,0.00147338,0.00205628,0.00305814,0.00328116,0.00198111,0.00213658,0.0022988,0.00232968,0.00322126,0.00338526,0.0028994,0.00273482,0.00324647,0.00287618,0.00326838,0.00286443,0.00309846,0.0030771,0.00295275,0.00225527,0.00281274,0.003301,0.00322783,0.00310992,0.00388133,0.00412867,0.00386086,0.00377089,0.00332799,0.00474739,0.00475681,0.00368144,0.00409419,0.00462928,0.00784462,0.00475445,0.00714458,0.00538084,0.0237974,0.00745957,0.0215588,0.169124,0.014231,0.0239064,0.0249694,0.0292084,0.0384799,0.0079925,0.0058031,0.00742793
277,0.000405417,0.000490384,0.000458873,0.000451295,0.000399737,0.000278566,0.000194833,0.000138344,0.000527603,0.00045829,0.000478816,0.000422295,0.000465819,0.000590565,0.000544864,0.000520756,0.000657677,0.000465732,0.000726166,0.000645549,0.000631792,0.000459523,0.000632964,0.000694136,0.000647631,0.000680865,0.000499607,0.00121556,0.000669689,0.000685293,0.000795612,0.000968791,0.000688844,0.000393322,0.000390717,0.000556642,0.0014886,0.000538804,0.000518855,0.00109416,0.0011656,0.000983297,0.000776687,0.00105181,0.000616291,0.00123972,0.00132271,0.00112539,0.000925589,0.00118474,0.000864965,0.000872676,0.000814947,0.000697116,0.000771821,0.000832304,0.000809441,0.000854037,0.000828353,0.000683023,0.000613806,0.000849121,0.000879303,0.000820656,0.000993725,0.000734102,0.000659772,0.000964262,0.000872269,0.000830164,0.000908794,0.000790989,0.000693511,0.000748231,0.00104512,0.000616746,0.000702473,0.00129216,0.000796758,0.000621346,0.00147619,0.00154501,0.000987384,0.00148685,0.00560578,0.00406434,0.00664732,0.00804244,0.000491063,0.000541025,0.000349223,0.000267889,0.000208215,0.000388598,0.000464013,0.000564645,0.000482248,0.000530003,0.000485985,0.000474682,0.000642655,0.00053059,0.000846699,0.000793173,0.000982468,0.000680668,0.000762176,0.000823877,0.000854018,0.000955349,0.000768561,0.00128559,0.00075102,0.000882206,0.00093325,0.000722195,0.000678925,0.000575396,0.000446724,0.000569398,0.000553179,0.000414006,0.000633242,0.000935877,0.000884381,0.000559362,0.000624969,0.000503988,0.000791355,0.000917351,0.000929019,0.000817006,0.000926088,0.000904406,0.000598236,0.000745712,0.00074256,0.00101904,0.000760187,0.000641891,0.000707239,0.000592917,0.000979878,0.000730581,0.00081514,0.000954896,0.00103991,0.0010695,0.000830109,0.000908782,0.00109883,0.00110497,0.00112179,0.00149403,0.00101824,0.000842088,0.00134273,0.00135771,0.00256415,0.00380078,0.0040948,0.00505302,0.014231,0.391089,0.135057,0.0364377,0.0289458,0.0378158,0.131898,0.00735771,0.0597296
278,0.000438946,0.000520741,0.000474581,0.000454783,0.000382889,0.000253462,0.000170591,0.000118983,0.000539536,0.000507181,0.000524791,0.000521293,0.000576171,0.000782736,0.000716476,0.000777558,0.0011329,0.000558009,0.00104299,0.000718392,0.000847314,0.000557732,0.00063286,0.000831478,0.000796886,0.0008537,0.00079048,0.00189483,0.000839208,0.000752276,0.000768263,0.00083624,0.000571133,0.000371319,0.000387136,0.000501644,0.00136619,0.00040092,0.000441907,0.000964282,0.000959652,0.000834096,0.000754219,0.00102872,0.000828298,0.0016568,0.00168781,0.00115485,0.000907515,0.00115306,0.00115214,0.00109554,0.000990416,0.000771105,0.000770001,0.000831179,0.000901572,0.000830213,0.00076259,0.000692305,0.000674202,0.00094387,0.000965991,0.000827879,0.000909952,0.000758258,0.000763159,0.00118153,0.000871576,0.000893334,0.000999384,0.00101523,0.000748891,0.00101913,0.00123694,0.000877365,0.000939076,0.00166808,0.00148893,0.000947526,0.00260163,0.00361632,0.0014457,0.00210275,0.00775366,0.0118707,0.0138552,0.0125949,0.000455475,0.000481135,0.000291464,0.000245412,0.000271282,0.000446933,0.000525484,0.000614027,0.000528808,0.000787417,0.000659279,0.000602927,0.000872761,0.000661719,0.00114837,0.000926838,0.0012554,0.000826554,0.00100288,0.00110896,0.00105939,0.00104217,0.000898649,0.00176339,0.000988377,0.0009544,0.0010845,0.00091582,0.000731409,0.000569081,0.000669398,0.000670601,0.000599647,0.000336682,0.00058579,0.000917251,0.00081656,0.000632605,0.00084789,0.000686864,0.00126855,0.00103627,0.000942488,0.000823843,0.00124436,0.00136979,0.000704068,0.000921555,0.00088615,0.000930096,0.000945742,0.000780543,0.000754173,0.000736858,0.000925916,0.000785307,0.000881019,0.0009323,0.00112976,0.00105548,0.000848661,0.00104176,0.00122602,0.00112107,0.000952074,0.0018499,0.00123796,0.000934395,0.00128621,0.00172929,0.00278294,0.0036282,0.0058606,0.0121237,0.0239064,0.135057,0.26023,0.057419,0.087976,0.144586,0.0335133,0.0150741,0.0341256
279,0.000423716,0.00050197,0.000456155,0.000434669,0.000361443,0.000231702,0.000155775,0.000109598,0.000603964,0.000522685,0.000664433,0.000523302,0.000691932,0.000830168,0.000800253,0.000891753,0.00108734,0.000670228,0.00104269,0.000768294,0.000873848,0.00083551,0.000975554,0.000819016,0.00108372,0.000971417,0.00102895,0.00196364,0.000977988,0.00106284,0.000767308,0.000993942,0.000650891,0.000310526,0.000627505,0.000531793,0.00133796,0.000349371,0.00044671,0.000948849,0.000927231,0.000833198,0.000791984,0.00131234,0.0010047,0.00182293,0.00172367,0.00135618,0.00105492,0.00132021,0.00123051,0.00128477,0.00101622,0.00108601,0.00108095,0.000923693,0.000902287,0.000904097,0.000914104,0.000819748,0.000813916,0.000969176,0.000994965,0.000851309,0.000918823,0.000839529,0.000711614,0.00120668,0.00109432,0.00138039,0.0011099,0.00107247,0.00107462,0.00115285,0.00140623,0.00114943,0.00105481,0.00159802,0.00174222,0.00110243,0.00148125,0.00336121,0.00143969,0.00215848,0.00856424,0.00936375,0.00740177,0.00698998,0.000441651,0.000451072,0.000256677,0.000285135,0.000290667,0.000612384,0.000474478,0.000591289,0.000503697,0.000681652,0.000671896,0.000699948,0.000931101,0.000646402,0.00107044,0.000998008,0.00138426,0.00104312,0.00112112,0.00115896,0.00116653,0.00132524,0.0013064,0.00174184,0.00123133,0.0013568,0.00144918,0.00141345,0.000935188,0.000587644,0.000782014,0.000710916,0.000644603,0.000390588,0.000617271,0.000910817,0.000850092,0.000745267,0.000943586,0.00116183,0.00134753,0.00114845,0.00113507,0.00108197,0.00131899,0.0015463,0.00104715,0.00110201,0.000955267,0.00115792,0.0010864,0.000710688,0.000997814,0.000748908,0.000997197,0.00112886,0.00092608,0.00109684,0.00142884,0.00113016,0.000930938,0.00113022,0.00146402,0.00129697,0.00100281,0.00183551,0.00147215,0.00136565,0.00143801,0.00182274,0.00229258,0.00388671,0.00391126,0.0070722,0.0249694,0.0364377,0.057419,0.267023,0.218699,0.161133,0.0110532,0.00678907,0.0142346
280,0.000335163,0.000391592,0.000350104,0.0003287,0.000265804,0.000170037,0.000114879,8.38645e-05,0.000546955,0.00046315,0.000616401,0.000486106,0.000600752,0.000794107,0.000741875,0.000903131,0.0011262,0.000630828,0.000921396,0.000669137,0.000808279,0.000749101,0.000834059,0.00077342,0.00106742,0.000869891,0.000937492,0.00180652,0.000926485,0.000978197,0.000986598,0.000949184,0.000604637,0.00024761,0.000684983,0.000544944,0.00101776,0.000280912,0.00041023,0.000723881,0.000659722,0.000723531,0.000797881,0.00104327,0.00102605,0.0016441,0.00156681,0.00131206,0.000999253,0.0011804,0.00106242,0.00117078,0.00109244,0.00122236,0.00115364,0.000974214,0.00100602,0.00108635,0.00110147,0.00109712,0.000990588,0.00186951,0.00172993,0.00116992,0.00190447,0.00121305,0.00101066,0.00133148,0.00155343,0.00173882,0.00123287,0.00123028,0.00129412,0.00143625,0.00152876,0.00149227,0.00135554,0.00217765,0.00213237,0.00107061,0.00199112,0.00284536,0.00160204,0.00238338,0.00981694,0.0115947,0.00632537,0.00612169,0.000333646,0.000346142,0.000189464,0.000281204,0.000285679,0.000582447,0.000405868,0.000529158,0.000469897,0.000673419,0.000690663,0.000573532,0.000872219,0.000554302,0.000910654,0.000894121,0.001261,0.000953843,0.00100935,0.00115881,0.00108036,0.00116052,0.00120977,0.00156003,0.00113645,0.00118826,0.00125092,0.00120929,0.000850954,0.000526546,0.000766152,0.00066193,0.000557855,0.000358392,0.000512343,0.000740215,0.000706774,0.000793295,0.000886959,0.00117615,0.00131746,0.00104819,0.000971691,0.00103009,0.00127475,0.00138656,0.000974409,0.00121088,0.00116522,0.00140679,0.00116306,0.00073324,0.00154644,0.000884461,0.00190098,0.00130071,0.00133772,0.00139931,0.0016763,0.00181443,0.00103253,0.00159437,0.00143818,0.00171119,0.00131535,0.00208806,0.00245423,0.0018876,0.00212592,0.00173895,0.00495947,0.00535738,0.00609171,0.0192395,0.0292084,0.0289458,0.087976,0.218699,0.278681,0.10428,0.0043582,0.00626944,0.010891
281,0.000251017,0.000302028,0.000284757,0.000285832,0.000268847,0.00022959,0.000208429,0.000208163,0.000893515,0.000708708,0.000714478,0.000508803,0.000440475,0.000796911,0.000775563,0.000948266,0.00115107,0.000725223,0.000690212,0.000556537,0.000879325,0.000864336,0.000832682,0.00101395,0.00113945,0.000771347,0.00089834,0.00170759,0.00097098,0.000934418,0.000800683,0.000820122,0.000668705,0.000429685,0.0005035,0.000395637,0.000807563,0.000539233,0.000612935,0.000589872,0.000505772,0.000798705,0.000953167,0.000787458,0.00125615,0.00124298,0.00149933,0.00138663,0.000996981,0.00106968,0.00101477,0.00111417,0.00110554,0.00111482,0.000842813,0.00103178,0.00104872,0.000871065,0.000860941,0.000847529,0.00086987,0.00124481,0.00119038,0.00112913,0.0013862,0.000972218,0.00108027,0.00135419,0.00114227,0.00113148,0.00121233,0.00121159,0.000971783,0.00135529,0.00161394,0.00139608,0.00151819,0.00200798,0.00230103,0.00134698,0.00239841,0.00437416,0.00164472,0.00318623,0.012163,0.0105646,0.00769173,0.00716214,0.000353752,0.000377479,0.000242,0.000264279,0.000291142,0.000499996,0.000483942,0.000641129,0.000624085,0.000765172,0.000702519,0.0004937,0.000830895,0.000671631,0.000751752,0.000794869,0.00112484,0.000864342,0.00105732,0.00143424,0.000976619,0.000935374,0.000903115,0.00137107,0.00117537,0.000976364,0.00115337,0.00100456,0.00114537,0.000513702,0.000947565,0.00055436,0.00076762,0.000804989,0.000825437,0.000733755,0.000721883,0.000863643,0.00085706,0.00121536,0.00144863,0.00112502,0.00106536,0.0011398,0.00152814,0.00142655,0.000919483,0.00129147,0.0010776,0.00110693,0.00109295,0.000875244,0.00115898,0.000846582,0.00135182,0.000988059,0.00101714,0.00099979,0.00118943,0.00123653,0.000764803,0.00125971,0.00109016,0.00123661,0.000992131,0.0014282,0.00158673,0.00115628,0.00130849,0.00150311,0.00271202,0.00509733,0.00529409,0.0124461,0.0384799,0.0378158,0.144586,0.161133,0.10428,0.190142,0.0545086,0.0139134,0.0395645
282,0.000177095,0.000213375,0.000205603,0.000215318,0.00022521,0.000231192,0.00023824,0.000251096,0.00107765,0.000867974,0.000926694,0.000675465,0.000677108,0.000927559,0.000916498,0.00104246,0.00118541,0.000840205,0.000913979,0.000804689,0.000906513,0.00101275,0.00122871,0.00118922,0.00132578,0.00114404,0.00119187,0.00141612,0.0011412,0.00105684,0.000697207,0.000944343,0.000831421,0.000498985,0.000677279,0.000363917,0.000713847,0.000613452,0.000699442,0.000547544,0.000480778,0.000833039,0.00101662,0.00102802,0.00165718,0.00101543,0.00119868,0.00161606,0.00130552,0.00114706,0.00124955,0.00129593,0.00118521,0.0011676,0.00106271,0.00126737,0.00117836,0.000951534,0.000814265,0.00113321,0.00088388,0.000799741,0.000841434,0.00108537,0.00120399,0.000816978,0.000935253,0.00139218,0.00108537,0.0011681,0.00128686,0.00121107,0.00106333,0.00138254,0.0017125,0.00154327,0.00145503,0.00148104,0.00206079,0.0015751,0.00212255,0.00237358,0.00219315,0.00391691,0.00856977,0.00784317,0.0203825,0.0289325,0.000353975,0.000367941,0.000277093,0.000329935,0.000370046,0.00061326,0.000603265,0.000731149,0.000674297,0.000638244,0.000581373,0.000590789,0.000879418,0.00105459,0.00080773,0.000787362,0.00109599,0.000912533,0.00113948,0.00137573,0.00112087,0.00127162,0.00101745,0.00102811,0.00111798,0.00103784,0.00115089,0.00117354,0.00123075,0.00042328,0.00107348,0.000473476,0.000696854,0.000812469,0.000792966,0.000589949,0.000722391,0.00080193,0.00081,0.00154847,0.00134393,0.00105632,0.00117411,0.00110186,0.00147845,0.00145076,0.00100226,0.00127524,0.00104201,0.001034,0.001104,0.000987529,0.000834071,0.000752563,0.00100625,0.000901381,0.000952109,0.0007981,0.00106705,0.00108406,0.000697397,0.00111502,0.00115637,0.00110282,0.00096071,0.00119321,0.00104259,0.000775931,0.00116558,0.00102151,0.00102542,0.0020843,0.00196238,0.00117251,0.0079925,0.131898,0.0335133,0.0110532,0.0043582,0.0545086,0.29468,0.080817,0.155444
283,0.000241198,0.000265892,0.000228471,0.000218827,0.000205116,0.000221547,0.000229691,0.000223825,0.00125021,0.00109933,0.00174168,0.00134573,0.00189064,0.00185421,0.00164348,0.00202758,0.00235884,0.00141394,0.00236844,0.00192995,0.00139928,0.00182742,0.00219146,0.00206408,0.00206304,0.00247223,0.00208992,0.00154625,0.00207624,0.00179957,0.000676263,0.00131146,0.000815024,0.000545477,0.00104395,0.000411347,0.000767225,0.000481723,0.000785007,0.000520702,0.000485948,0.00101024,0.00123261,0.00199114,0.00250177,0.00166619,0.00189082,0.00234477,0.00207157,0.00166891,0.00207052,0.00184196,0.00176514,0.00161798,0.00183761,0.00216906,0.00175998,0.00143554,0.00114834,0.0017299,0.00132124,0.00119907,0.00103638,0.00148155,0.00177341,0.00105298,0.0012456,0.0017346,0.00149356,0.00144128,0.00198914,0.00150137,0.00142541,0.00159086,0.00225398,0.00139824,0.00172489,0.00231601,0.0021605,0.0018432,0.00336893,0.00380168,0.00309628,0.00326205,0.0091462,0.0253807,0.0307138,0.0349395,0.000471801,0.000473375,0.000375076,0.000662294,0.000738801,0.001241,0.00102929,0.00125989,0.00104371,0.00107369,0.000841481,0.0012544,0.0015884,0.00210309,0.00143944,0.00141918,0.00182718,0.00179223,0.00216632,0.00206579,0.00224968,0.00247438,0.00205642,0.00143826,0.00167356,0.00183494,0.00201203,0.00214193,0.00182357,0.000438287,0.00180325,0.000720654,0.000660851,0.000684624,0.000787669,0.000558536,0.00106031,0.00128779,0.00113668,0.00301126,0.00224104,0.00157147,0.00186701,0.00184904,0.00231659,0.00222873,0.0016169,0.00167551,0.00167621,0.00174574,0.00146154,0.00129895,0.00105445,0.00077922,0.00148233,0.00125652,0.00166669,0.00108963,0.00172523,0.0021175,0.000941986,0.00185557,0.00182106,0.00149137,0.00159082,0.00227187,0.00181064,0.0010068,0.00237191,0.00191744,0.00212048,0.00182442,0.00288717,0.0027644,0.0058031,0.00735771,0.0150741,0.00678907,0.00626944,0.0139134,0.080817,0.346284,0.173996
284,0.000342122,0.000380755,0.000330082,0.00031731,0.000294,0.000300338,0.000290956,0.000261637,0.00142363,0.00127308,0.00210868,0.00160159,0.00234205,0.00219467,0.00193204,0.00266327,0.00302227,0.00170414,0.00298965,0.00234884,0.00158996,0.00224467,0.00241474,0.00250122,0.00221296,0.00279081,0.00224649,0.00166204,0.00248795,0.00202079,0.000705738,0.00143822,0.000964331,0.000670077,0.00113686,0.000456839,0.000927203,0.000523981,0.000857728,0.000625176,0.000572425,0.00112721,0.00130071,0.00219633,0.00233965,0.0018738,0.0023493,0.00239793,0.0022192,0.00192434,0.00215026,0.0019364,0.00193351,0.00169755,0.00217215,0.00255629,0.00184378,0.00150329,0.00132692,0.00171128,0.00150757,0.00132617,0.00113076,0.00167759,0.00187312,0.00118909,0.00145748,0.00177671,0.00166401,0.00168936,0.00225449,0.00162687,0.00156971,0.00167144,0.00224264,0.00136716,0.00205593,0.00306516,0.00220965,0.00186246,0.00395267,0.00396989,0.00356788,0.00245027,0.00982777,0.0324592,0.0252977,0.0239436,0.00057053,0.000593511,0.000430025,0.000745944,0.00079022,0.00133659,0.00114851,0.00146943,0.00118668,0.00132342,0.000929111,0.0013773,0.00178467,0.00229824,0.00158163,0.00162483,0.00200348,0.00209878,0.00253955,0.00239554,0.00259362,0.00260387,0.00228172,0.00168535,0.00187487,0.00208966,0.00252222,0.00246178,0.00218873,0.000577016,0.00194864,0.000832736,0.000812069,0.000858709,0.000970027,0.000660943,0.00125985,0.00154833,0.00126539,0.00325666,0.00258391,0.00176716,0.00205431,0.00223109,0.00266161,0.00240304,0.00192453,0.00182593,0.00195429,0.0020433,0.00154016,0.00146938,0.00120949,0.000865717,0.00169199,0.00160327,0.00178346,0.00114636,0.00189759,0.00233737,0.00107953,0.00203004,0.00200685,0.00150898,0.00179269,0.0025851,0.00214238,0.00109598,0.0026359,0.00222339,0.0025098,0.00213234,0.00357341,0.00310242,0.00742793,0.0597296,0.0341256,0.0142346,0.010891,0.0395645,0.155444,0.173996,0.138236
