residue,0,1,2,3,4,5,6,7,8,9,10,11,12,13,14,15,16,17,18,19,20,21,22,23,24,25,26,27,28,29,30,31,32,33,34,35,36,37,38,39,40,41,42,43,44,45,46,47,48,49,50,51,52,53,54,55,56,57,58,59,60,61,62,63,64,65,66,67,68,69,70,71,72,73,74,75,76,77,78,79,80,81,82,83,84,85,86,87,88,89,90,91,92,93,94,95,96,97,98,99,100,101,102,103,104,105,106,107,108,109,110,111,112,113,114,115,116,117,118,119,120,121,122,123,124,125,126,127,128,129,130,131,132,133,134,135,136,137,138,139,140,141,142,143,144,145,146,147,148,149,150,151,152,153,154,155,156,157,158,159,160,161,162,163,164,165,166,167,168,169
0,0.18079,0.232677,0.0254366,0.0333138,0.0234641,0.0240469,0.0225509,0.0198758,0.00407193,0.00397649,0.00227413,0.00185404,0.00127324,0.000893555,0.00239978,0.00128361,0.0023595,0.00182711,0.00416195,0.00269792,0.00221238,0.00256682,0.00149418,0.00173776,0.00193325,0.00102638,0.000991897,0.00162945,0.00223148,0.00128216,0.00144138,0.00111988,0.000667355,0.000896154,0.00141791,0.00130036,0.00121799,0.00178075,0.00135677,0.0021118,0.00329478,0.00291049,0.00467494,0.00308258,0.00310879,0.00283863,0.00285017,0.00141017,0.00192909,0.00449308,0.00545545,0.0111814,0.00851043,0.00753349,0.00634839,0.00566024,0.00422014,0.00593618,0.00214967,0.00132627,0.00151297,0.00169831,0.00130235,0.00130018,0.00151103,0.00225492,0.00245018,0.00738538,0.00308876,0.00292487,0.00298924,0.00237018,0.00178907,0.00254836,0.00454898,0.00361665,0.00250804,0.00464371,0.00375831,0.00319756,0.00439549,0.00445307,0.0025878,0.00264051,0.00258783,0.00150841,0.00143724,0.00170949,0.00181536,0.00397749,0.00402748,0.00112039,0.0022806,0.00369274,0.00122967,0.00137623,0.00148138,0.00133353,0.00118734,0.00267798,0.00269705,0.00584557,0.00349355,0.00146117,0.00271487,0.00343487,0.0011717,0.00224147,0.00271819,0.00327024,0.00297598,0.00412016,0.00717229,0.00410662,0.00531576,0.00218402,0.00295005,0.00158522,0.0011304,0.00108654,0.000409415,0.000287367,0.000659981,0.000781182,0.00214035,0.00158155,0.00188325,0.0015235,0.00158152,0.00246445,0.00240053,0.00499702,0.00128649,0.00338546,0.0053389,0.00215215,0.00277458,0.00200286,0.00174165,0.0019203,0.00453233,0.00374261,0.00242439,0.00627246,0.0037047,0.00189358,0.00220829,0.0019948,0.00156889,0.00157772,0.00148873,0.00134347,0.00228958,0.00178128,0.00130031,0.00364587,0.00222355,0.00173208,0.00254258,0.00486173,0.00163744,0.00260144,0.00706868,0.0025943,0.00307502,0.0031877,0.00455524,0.0011224,0.00197726,0.000585118
1,0.232677,0.306823,0.0319214,0.032187,0.00657261,0.00524438,0.00707051,0.00614846,0.00355095,0.00360696,0.00211793,0.00180278,0.00138623,0.000985984,0.00246628,0.00120452,0.00200714,0.00150049,0.00346777,0.00265576,0.00213684,0.00211372,0.00125606,0.00139724,0.00155327,0.00082394,0.00063469,0.00148555,0.00250933,0.00179134,0.0018934,0.00140764,0.000891118,0.00131326,0.00178616,0.00184867,0.00152701,0.00150841,0.00101421,0.00193492,0.00333913,0.00340821,0.00482983,0.00383172,0.00365472,0.00227904,0.00223388,0.00148051,0.00149033,0.00302196,0.0051258,0.0103454,0.00694033,0.00664251,0.00559964,0.00476028,0.00389368,0.00514192,0.00225655,0.00119921,0.00167089,0.00200799,0.00141832,0.00121237,0.00142683,0.00180727,0.00234738,0.00583612,0.00265234,0.00222159,0.00238852,0.00207002,0.00177829,0.00206938,0.00230132,0.00224026,0.00233366,0.00391823,0.00304208,0.00281049,0.00383175,0.00418709,0.00301176,0.00276954,0.00291787,0.00139896,0.00150202,0.00173267,0.00163079,0.00332784,0.00367416,0.001004,0.00191115,0.00299797,0.000968233,0.00106106,0.00115029,0.00095775,0.000934808,0.00214676,0.00220572,0.00466066,0.00286019,0.00133745,0.00209424,0.00221733,0.000908982,0.000938915,0.00151152,0.00248864,0.00266763,0.00348931,0.00564506,0.00362165,0.00480731,0.00247196,0.0032476,0.00159497,0.00107357,0.00112113,0.000561634,0.000419921,0.000729182,0.000859197,0.0019065,0.00143659,0.00148157,0.00142556,0.000980576,0.00173468,0.0019968,0.00373985,0.00121943,0.00274025,0.00421269,0.00169251,0.00219424,0.001768,0.00132022,0.00180497,0.00418316,0.00359508,0.00259275,0.00528301,0.00368412,0.00213396,0.00212966,0.00188264,0.00169665,0.00149346,0.00141583,0.00129671,0.00233968,0.00134687,0.00116044,0.00313986,0.0018576,0.00113397,0.00208333,0.0041344,0.00124495,0.0021827,0.00119618,0.000646418,0.000378607,0.000310666,0.000386717,0.000595763,0.000576716,0.000342002
2,0.0254366,0.0319214,0.346061,0.20532,0.0241841,0.0483487,0.0300567,0.0200158,0.00258412,0.00220924,0.0012659,0.00111072,0.000991865,0.000867212,0.00155596,0.000679663,0.00109802,0.000871962,0.00177327,0.00159048,0.00143055,0.00101695,0.000671454,0.000862872,0.000927386,0.000629108,0.000967537,0.00135794,0.00185183,0.00178641,0.00157433,0.00114084,0.000748668,0.00119168,0.0015626,0.00175559,0.00133714,0.000937549,0.00103723,0.00131759,0.00216796,0.00259456,0.00364577,0.00323843,0.00296674,0.00152466,0.00143349,0.00124071,0.00101831,0.00192811,0.00294051,0.00550759,0.00438947,0.00455195,0.00385881,0.00326848,0.0027153,0.00279999,0.00161905,0.000983016,0.00143351,0.00170039,0.00124862,0.000876898,0.000894755,0.000948618,0.0015189,0.00255374,0.00138862,0.00110063,0.00127219,0.00138102,0.00122717,0.00136061,0.00305585,0.00209825,0.00192847,0.0022071,0.00185754,0.00159624,0.00217641,0.00253938,0.00206688,0.00179886,0.00196731,0.000859389,0.00102003,0.00109862,0.00098715,0.001814,0.00227937,0.000597783,0.00101857,0.00149701,0.000551779,0.000653677,0.000572354,0.000508807,0.000520382,0.00105136,0.0010926,0.00214976,0.0014519,0.000824628,0.00111002,0.0014613,0.00067265,0.00198226,0.00223259,0.00173822,0.0015931,0.00180082,0.00247758,0.00196535,0.00286735,0.00156967,0.00209562,0.000955416,0.00068224,0.000787036,0.000497737,0.000362498,0.000568519,0.000613787,0.00102913,0.000789269,0.000835168,0.000893011,0.00045712,0.000766064,0.001065,0.00169546,0.0007729,0.00138955,0.0019319,0.000847392,0.00110135,0.00103735,0.000755712,0.00110663,0.00233654,0.00202299,0.00157253,0.0026027,0.00218378,0.00134933,0.00127287,0.00109621,0.00108278,0.000847921,0.000841423,0.000775141,0.00145894,0.000710946,0.000762047,0.00159571,0.00102303,0.000690219,0.00131599,0.00241031,0.00108399,0.00144681,0.0129145,0.00469683,0.00445174,0.0040749,0.00548962,0.0013781,0.00215977,0.000657811
3,0.0333138,0.032187,0.20532,0.154161,0.0665263,0.0611235,0.0737708,0.0783159,0.00377126,0.0014226,0.000761572,0.000884672,0.000772029,0.00131784,0.000760511,0.000477084,0.000767503,0.000835218,0.00058014,0.000775095,0.000963776,0.000517691,0.000668259,0.000859593,0.000674947,0.00088414,0.00227075,0.00170812,0.00129318,0.0019242,0.00130508,0.000794004,0.00078872,0.0011924,0.00139588,0.00196685,0.00147641,0.00118335,0.00256849,0.00133309,0.00130484,0.00307819,0.00296047,0.00323611,0.00374194,0.00221744,0.00154276,0.00185499,0.00163677,0.00201239,0.00249732,0.00421278,0.00441464,0.00356185,0.00431873,0.00480316,0.00341667,0.00112667,0.00152597,0.00174366,0.00175334,0.00185232,0.0021286,0.00148436,0.00115765,0.000894531,0.00126378,0.000666095,0.000566745,0.0011393,0.00121758,0.00172723,0.00136404,0.00237471,0.0137371,0.00772195,0.00279663,0.0019301,0.0020201,0.00117436,0.00104674,0.000981544,0.00127723,0.000777339,0.000912896,0.000550048,0.000702741,0.000648214,0.000518838,0.000734672,0.000974673,0.000451601,0.00061999,0.000590332,0.000886383,0.00149203,0.000655325,0.000704815,0.000503647,0.000851213,0.000756856,0.000527846,0.00136839,0.000629775,0.00218265,0.00975304,0.00191934,0.005329,0.00644208,0.00770933,0.00149746,0.000938346,0.000505289,0.000580686,0.00103662,0.000602661,0.000725838,0.000527445,0.00106212,0.0013266,0.000560247,0.000339277,0.000867438,0.000582865,0.000523414,0.000493193,0.000611497,0.000719785,0.00057599,0.000322611,0.000388403,0.000603252,0.000699309,0.000598924,0.000371612,0.000380487,0.00105412,0.00124397,0.0007447,0.00097178,0.000812469,0.000715281,0.000613712,0.000632701,0.000714622,0.000637812,0.000779696,0.000702351,0.00083049,0.000668191,0.000564594,0.000718355,0.000909915,0.000648256,0.000807806,0.000577091,0.000678494,0.00110516,0.000717765,0.0011078,0.00228253,0.00132303,0.0165705,0.00594307,0.00823175,0.00890522,0.0126615,0.00198398,0.0045135,0.000896919
4,0.0234641,0.00657261,0.0241841,0.0665263,0.252503,0.0821229,0.0315124,0.0240569,0.00238916,0.00115674,0.00114409,0.00117218,0.000652894,0.00103229,0.000788263,0.00106198,0.00121619,0.00130674,0.000649236,0.00107067,0.000928815,0.000873159,0.00103756,0.00114741,0.000753951,0.000664545,0.000355684,0.000509207,0.00135874,0.000946725,0.00113885,0.000392091,0.000879162,0.00116745,0.000738645,0.00167,0.00107211,0.0011381,0.00147387,0.0011958,0.00113548,0.00470729,0.00274845,0.00309571,0.00490095,0.0031141,0.00142764,0.000974449,0.00143595,0.00158955,0.00153472,0.00280077,0.00257362,0.00434102,0.00533473,0.00402744,0.00261093,0.00107509,0.00174134,0.00128738,0.00126144,0.00120622,0.00177607,0.00136088,0.00139677,0.00132601,0.00163907,0.000784258,0.000812781,0.00145373,0.00194113,0.00196169,0.00218834,0.00390095,0.0144255,0.0081906,0.00476561,0.00200152,0.00127017,0.00118374,0.000901714,0.00083673,0.00122636,0.000844891,0.000726161,0.000706945,0.000863406,0.000896039,0.000550233,0.000706516,0.00093856,0.000843344,0.000862378,0.000866736,0.00187955,0.00309747,0.00144295,0.00133816,0.000935345,0.00211803,0.00153531,0.000959247,0.00254032,0.00100264,0.00354032,0.0184995,0.00322545,0.02047,0.0204581,0.014968,0.00252763,0.00127654,0.000395567,0.000437806,0.000802622,0.000612698,0.000586471,0.000727237,0.0019553,0.0022854,0.000486019,0.000292813,0.00124685,0.000772409,0.000707555,0.000654544,0.000866132,0.00105023,0.000940695,0.00050543,0.000483454,0.000800295,0.00109974,0.000654749,0.000480171,0.000579909,0.00196449,0.00235591,0.00116042,0.00141421,0.000658356,0.00075855,0.000927439,0.000690542,0.000662428,0.000902965,0.000933053,0.000957854,0.00125977,0.00100711,0.000792798,0.00100711,0.000873508,0.000841804,0.00102703,0.000748233,0.00117189,0.00147151,0.000959438,0.000926603,0.00464088,0.00267854,0.0182639,0.0016392,0.0305959,0.0417405,0.0641716,0.00504002,0.0200811,0.00133845
5,0.0240469,0.00524438,0.0483487,0.0611235,0.0821229,0.227887,0.110939,0.0242132,0.00167781,0.00112146,0.000689631,0.00121487,0.000564513,0.000739109,0.000561301,0.000699025,0.000895105,0.00131467,0.000522203,0.000725381,0.000898649,0.000689188,0.000738967,0.000880045,0.000596871,0.000579971,0.00115558,0.000913354,0.00122415,0.00132282,0.00123668,0.000534722,0.00100674,0.00125967,0.000809227,0.00151372,0.000925047,0.000948114,0.00122696,0.00106923,0.00127665,0.00438106,0.00213718,0.00247748,0.00424147,0.00273217,0.00118688,0.000952232,0.0011619,0.00141103,0.00116638,0.00356545,0.00339192,0.00355505,0.00528147,0.00193479,0.0016058,0.00095724,0.00157825,0.00134169,0.0018079,0.00157047,0.00152305,0.00183977,0.00179096,0.00150991,0.00208772,0.000957511,0.000928205,0.00169352,0.00202565,0.00129455,0.00148642,0.00453331,0.0142753,0.00555402,0.00622445,0.00109861,0.00113277,0.000776986,0.000713144,0.000731738,0.00114378,0.000862237,0.000939261,0.000567017,0.000638364,0.000562555,0.000661598,0.000585963,0.000546426,0.000487251,0.000514566,0.000578699,0.00154046,0.00279467,0.00109793,0.00122924,0.000950568,0.00144154,0.00124872,0.000608693,0.00220178,0.000952988,0.00381385,0.017986,0.00258809,0.00838777,0.0100896,0.0145243,0.00276641,0.00157954,0.00068383,0.000640554,0.000686872,0.000837172,0.0012227,0.000528175,0.00180283,0.00216387,0.000500394,0.000245208,0.00112339,0.000844301,0.000594376,0.000621609,0.000869201,0.000996543,0.000890065,0.000555889,0.000562601,0.000705347,0.00101392,0.000518102,0.000509559,0.000544655,0.00188649,0.00222472,0.00108265,0.00127796,0.000718658,0.000892138,0.000905453,0.000738885,0.000806464,0.000799566,0.000792606,0.00110332,0.00148114,0.000815093,0.000449932,0.000734209,0.000969406,0.000679115,0.000794682,0.000576986,0.00074126,0.00123796,0.00125789,0.00129983,0.00242328,0.00235837,0.0617369,0.023341,0.0184882,0.0145999,0.0185348,0.00480239,0.00725868,0.00256645
6,0.0225509,0.00707051,0.0300567,0.0737708,0.0315124,0.110939,0.156093,0.176168,0.00653271,0.0017371,0.00121288,0.00189064,0.00111505,0.00240434,0.000812371,0.000721323,0.00126474,0.00144619,0.000721694,0.00073621,0.000940397,0.00058464,0.000640575,0.002214,0.00253758,0.00160931,0.00655335,0.00381444,0.00192377,0.00331302,0.00162194,0.0011798,0.00128232,0.00175943,0.00192626,0.00255933,0.00196164,0.00208441,0.00529954,0.00187983,0.00149475,0.00434627,0.0029956,0.00282603,0.00435607,0.00282152,0.00155439,0.00185783,0.00186556,0.00171104,0.00156812,0.0048899,0.00626083,0.0038396,0.00590381,0.00699528,0.00499897,0.00149346,0.00221214,0.00316589,0.0030394,0.00301496,0.00319854,0.00315104,0.00260604,0.00153552,0.00258971,0.000988447,0.00109316,0.00220353,0.00172592,0.00261515,0.00232623,0.00524371,0.0183361,0.0106157,0.00464788,0.00256372,0.00327315,0.00166896,0.00124353,0.000804094,0.000939253,0.000918717,0.0009249,0.000736399,0.000563668,0.000552219,0.000622842,0.000598899,0.000553347,0.000523508,0.000590173,0.00075178,0.00221299,0.00385982,0.00159855,0.0018462,0.00135561,0.00169209,0.00173963,0.000789015,0.00196711,0.00125021,0.00305403,0.010677,0.00309546,0.00276457,0.00498482,0.0106658,0.00307567,0.00168989,0.000752736,0.00078003,0.00074891,0.000842432,0.000990368,0.000589754,0.00169578,0.00214289,0.00076148,0.000341801,0.00124197,0.000854823,0.000682533,0.000735414,0.00128093,0.00123673,0.000991432,0.000674682,0.000565078,0.00076157,0.00113032,0.000674651,0.000774334,0.000631754,0.00219237,0.00250491,0.00157101,0.00152956,0.00102742,0.00120921,0.000926235,0.000798836,0.000938497,0.000804124,0.000758379,0.00105836,0.00150648,0.00084469,0.000575504,0.000586609,0.000751846,0.000896463,0.000866447,0.000593247,0.00076286,0.00149448,0.000980999,0.00131867,0.0029809,0.00181766,0.0320719,0.0138707,0.00594242,0.00208739,0.000806291,0.00208885,0.00166339,0.00161265
7,0.0198758,0.00614846,0.0200158,0.0783159,0.0240569,0.0242132,0.176168,0.319002,0.00857651,0.00230869,0.00161162,0.00179122,0.00258535,0.00450291,0.00109525,0.00064393,0.00138795,0.00104656,0.000978115,0.000833549,0.000973519,0.000576471,0.000577431,0.00262632,0.00358688,0.00330887,0.014572,0.00903185,0.00226131,0.00756736,0.00253213,0.00222997,0.00147079,0.00191533,0.0036772,0.00336448,0.00190177,0.00293984,0.0110525,0.00291148,0.00131893,0.0019076,0.00212421,0.00173789,0.00178797,0.00141512,0.00129059,0.00191628,0.00171089,0.00137962,0.0015399,0.00434977,0.00694296,0.00234388,0.00400956,0.00752776,0.00579651,0.00238149,0.00247477,0.00437786,0.00486452,0.00478534,0.00326827,0.00348987,0.00278234,0.000988855,0.00180997,0.00083558,0.00124764,0.00169303,0.0013463,0.00362834,0.00298857,0.0036758,0.0165433,0.00970934,0.00238022,0.00262135,0.0038658,0.00184651,0.00158651,0.0012138,0.000940523,0.00103525,0.0010345,0.000546097,0.000682271,0.000753563,0.000601339,0.000694853,0.000812331,0.000577886,0.000711243,0.000843981,0.00135613,0.00172147,0.000871752,0.000831586,0.000929082,0.00116379,0.00126302,0.00097362,0.00111307,0.000885822,0.00226945,0.00344259,0.00215567,0.00103414,0.00216002,0.00307103,0.00160407,0.00125514,0.000786606,0.000867944,0.00108657,0.00111684,0.000789994,0.000994952,0.000871481,0.00136009,0.00106614,0.000393998,0.0011203,0.00058696,0.000676234,0.000661667,0.000766848,0.000829657,0.000621643,0.000613854,0.000706368,0.000585797,0.000637722,0.000745854,0.000683246,0.000691449,0.00112236,0.00120302,0.000786372,0.000911324,0.00112206,0.00122198,0.000775523,0.000516588,0.00102637,0.00153893,0.000667388,0.000744194,0.00103989,0.00089505,0.000708177,0.000558361,0.000667652,0.000727531,0.00075102,0.000594124,0.000670448,0.00116525,0.000613374,0.00143357,0.00232118,0.00117567,0.00227986,0.00186273,0.00111561,0.00073642,0.000739868,0.000378132,0.0010147,0.000577272
8,0.00407193,0.00355095,0.00258412,0.00377126,0.00238916,0.00167781,0.00653271,0.00857651,0.0273672,0.0161284,0.00943707,0.0050356,0.00547141,0.00411621,0.0115146,0.00613465,0.00595989,0.00710504,0.0121463,0.00585342,0.00611439,0.0194576,0.0101665,0.00552352,0.00433503,0.00293268,0.00219052,0.00259809,0.00408424,0.00324048,0.00351232,0.00364336,0.0038086,0.00423395,0.00469478,0.00430578,0.00349581,0.00646331,0.00480947,0.00657875,0.00694094,0.0062753,0.00439902,0.00712549,0.00417323,0.0054848,0.00363929,0.00421379,0.00388335,0.00316972,0.00615113,0.0125867,0.0102281,0.00777172,0.0106382,0.0116754,0.01097,0.00761124,0.00847417,0.00520354,0.00402772,0.00505121,0.00376313,0.00425583,0.00584934,0.0049717,0.00513939,0.00381424,0.00616047,0.00435707,0.00469237,0.00564222,0.00444038,0.00524614,0.00314186,0.00542316,0.0107063,0.0111598,0.0111039,0.0137557,0.0083957,0.00719561,0.00680561,0.00729043,0.0050191,0.00789482,0.00991894,0.00826492,0.00440937,0.00469533,0.0056422,0.00300796,0.00647969,0.0057654,0.00549092,0.00289956,0.00392434,0.00426111,0.00429823,0.00763168,0.00517662,0.00839862,0.00642928,0.00481991,0.00476363,0.00385938,0.00324977,0.00212344,0.00251434,0.00330483,0.0100674,0.0102766,0.00760829,0.00662713,0.00832715,0.00905403,0.00736436,0.00743087,0.00437899,0.00329815,0.0020394,0.0017356,0.00327891,0.00423208,0.00578416,0.005556,0.00275985,0.00396408,0.00283748,0.00366112,0.00511246,0.00473533,0.00365693,0.00363575,0.00745783,0.00515709,0.00490382,0.00333135,0.0023776,0.00575688,0.0083238,0.00887137,0.00535951,0.00992921,0.00840588,0.0069427,0.00724284,0.00772764,0.00309195,0.0116755,0.00674786,0.00909371,0.00748926,0.00596889,0.00659844,0.00984285,0.00587015,0.00431932,0.00532709,0.00671802,0.00379684,0.0049574,0.000723567,0.000773176,0.000618529,0.00061157,0.000782253,0.00109188,0.00117873,0.000652268
9,0.00397649,0.00360696,0.00220924,0.0014226,0.00115674,0.00112146,0.0017371,0.00230869,0.0161284,0.025875,0.0140445,0.00574945,0.00548305,0.00431511,0.0109829,0.00936285,0.00976636,0.00599845,0.00920299,0.00485026,0.00707723,0.0176124,0.00624399,0.00515846,0.00373264,0.00245173,0.00226752,0.00309805,0.00396552,0.0024007,0.0028693,0.00272555,0.00266596,0.00278959,0.00325304,0.00292357,0.00260593,0.00606724,0.00438201,0.00703253,0.00763535,0.00685858,0.00480921,0.0078703,0.00556646,0.00536652,0.00658226,0.00470121,0.00439319,0.00517213,0.00937466,0.0154277,0.00958337,0.00679249,0.00756287,0.00761476,0.0105107,0.0119956,0.00958598,0.00493535,0.00379989,0.00443997,0.00307569,0.00345754,0.00403584,0.00528317,0.00542504,0.00381386,0.0068517,0.00544837,0.00489731,0.00808206,0.0108563,0.00606803,0.00287582,0.00457438,0.00801228,0.00755403,0.00676953,0.0110129,0.00654996,0.00778161,0.00673708,0.00678008,0.00724624,0.0184993,0.00921399,0.00665892,0.00564561,0.00766341,0.00709786,0.00614242,0.0101815,0.0075483,0.00634793,0.00621233,0.0055873,0.00472252,0.00592749,0.00662793,0.00546888,0.0085224,0.00593562,0.00548442,0.00413813,0.00340861,0.00245074,0.00148316,0.00219368,0.00462233,0.00775106,0.00978465,0.00755833,0.00544953,0.00744236,0.00577308,0.00794388,0.00780909,0.00568618,0.00292532,0.00160137,0.00136659,0.00292922,0.0060556,0.00675695,0.00661195,0.00365113,0.00330902,0.00351885,0.00316503,0.00516448,0.00672705,0.00296308,0.00472963,0.0045019,0.00457102,0.00405349,0.00296703,0.00274084,0.00498573,0.00721204,0.00667795,0.00543126,0.0067859,0.00812564,0.00492727,0.00865736,0.00685935,0.00338177,0.00899965,0.00540574,0.00747459,0.00984922,0.00615352,0.00517102,0.00895636,0.00596957,0.00495886,0.00585505,0.00677741,0.00591943,0.00615208,0.0010584,0.00121519,0.00141896,0.0014974,0.00168781,0.00196375,0.00182299,0.000967433
10,0.00227413,0.00211793,0.0012659,0.000761572,0.00114409,0.000689631,0.00121288,0.00161162,0.00943707,0.0140445,0.0296144,0.0103113,0.0073095,0.0078423,0.0130369,0.0152577,0.0108666,0.00441306,0.004961,0.00703627,0.00818934,0.00580992,0.00578435,0.00333376,0.00286014,0.00273867,0.00312782,0.00442355,0.00470619,0.00313685,0.00231617,0.00189541,0.00279946,0.003084,0.00321194,0.00271648,0.00255189,0.00675418,0.00587546,0.00757257,0.00857277,0.00733414,0.00344249,0.00672207,0.00463517,0.00558163,0.00657916,0.0036684,0.00513316,0.0037692,0.00589631,0.00515682,0.00608685,0.00524812,0.00488169,0.00865358,0.0101857,0.0071046,0.00892301,0.0054611,0.00343705,0.00372452,0.00355376,0.0038265,0.00486956,0.00769781,0.00554327,0.00705314,0.00668376,0.00639622,0.00789021,0.018202,0.0129424,0.00796664,0.00409034,0.0085286,0.0078837,0.00601369,0.00513301,0.00925228,0.00778917,0.00692539,0.00639004,0.00681661,0.00670466,0.00941308,0.00668167,0.00603945,0.00836172,0.00534543,0.00835021,0.0101286,0.00915068,0.00809446,0.00770871,0.0111577,0.00823696,0.00672309,0.0072702,0.0060436,0.00693248,0.00683338,0.00723495,0.00677007,0.00540527,0.00367085,0.00278928,0.00216329,0.00273766,0.00608542,0.00819326,0.00647352,0.00610549,0.00433888,0.00633541,0.00823724,0.00669817,0.00767753,0.00468516,0.00240339,0.00154448,0.00164132,0.00369021,0.00653077,0.00706197,0.00520837,0.00343113,0.0030958,0.00360583,0.00274766,0.00539782,0.00463617,0.00215716,0.00271151,0.00413207,0.00447416,0.00349441,0.00325085,0.00251945,0.00380891,0.00639521,0.00645273,0.00884078,0.00775247,0.00719592,0.00680249,0.00738507,0.0049796,0.00491387,0.00550258,0.00843667,0.0075991,0.00636765,0.00517988,0.00439735,0.00604962,0.00635855,0.00606556,0.00795626,0.00662397,0.00974975,0.00695651,0.00132826,0.00196985,0.00256635,0.00291838,0.00273338,0.00360716,0.003202,0.00164978
11,0.00185404,0.00180278,0.00111072,0.000884672,0.00117218,0.00121487,0.00189064,0.00179122,0.0050356,0.00574945,0.0103113,0.0339552,0.0199028,0.017914,0.0118134,0.00713755,0.00593943,0.00775148,0.00545931,0.00469612,0.00714692,0.00390967,0.00315961,0.00691118,0.00545097,0.00410064,0.00655904,0.00641407,0.00749072,0.0112771,0.00515062,0.00374683,0.00283369,0.00280764,0.00497005,0.00609852,0.00436524,0.00618475,0.00670657,0.00746381,0.00779333,0.00693591,0.00727657,0.00687179,0.0106718,0.00718888,0.00371643,0.00361915,0.00483616,0.00649948,0.00633118,0.00590288,0.0042545,0.00397108,0.00291232,0.00516454,0.00464261,0.0054659,0.00400748,0.0108282,0.00934658,0.00505817,0.00637783,0.00961916,0.0104268,0.0184391,0.0215209,0.00366571,0.00312787,0.00996196,0.0081699,0.0048725,0.00414284,0.00743675,0.0128525,0.00464818,0.00311029,0.00387613,0.00396425,0.00467187,0.00471201,0.00646386,0.00505737,0.00538972,0.00517839,0.00425523,0.0048461,0.00524475,0.00744477,0.00467911,0.00353144,0.00465325,0.00761727,0.00642227,0.0197023,0.0336637,0.0135715,0.0135505,0.0107376,0.010738,0.00684982,0.00455202,0.00392563,0.0101414,0.0113801,0.00439186,0.00244003,0.00220603,0.0025247,0.0045092,0.00555989,0.00516387,0.00448338,0.00307002,0.00376431,0.00722034,0.00318638,0.00452476,0.00440686,0.00391019,0.00220223,0.00198073,0.00396698,0.0055469,0.00366595,0.00452065,0.00470092,0.00524109,0.00715138,0.00432765,0.0016481,0.00335698,0.00194399,0.00311027,0.00256459,0.0025492,0.00436062,0.00358735,0.00380006,0.00415725,0.00527916,0.00459623,0.00404582,0.00395251,0.00383391,0.00334032,0.00548817,0.00884978,0.0094192,0.0039296,0.00526774,0.00439584,0.003947,0.00625799,0.00568436,0.00334645,0.00362054,0.00449791,0.00442036,0.00333729,0.00355722,0.00326087,0.000781153,0.00114877,0.00133644,0.00156135,0.00158825,0.00205949,0.00185894,0.000970581
12,0.00127324,0.00138623,0.000991865,0.000772029,0.000652894,0.000564513,0.00111505,0.00258535,0.00547141,0.00548305,0.0073095,0.0199028,0.0658487,0.0521664,0.0118991,0.00417269,0.00532953,0.0040346,0.00416453,0.0032934,0.00321593,0.00434471,0.00194199,0.00370871,0.00654964,0.00648677,0.0206874,0.0210792,0.0233846,0.0590238,0.0176083,0.0119408,0.00484609,0.00368498,0.0236653,0.0244807,0.0222713,0.0189493,0.0555772,0.0160941,0.00361747,0.00455205,0.00294825,0.00351732,0.00386275,0.00235269,0.0021194,0.00231448,0.00275304,0.00178121,0.00263007,0.00387069,0.0040649,0.00257543,0.00310106,0.00386971,0.00457564,0.0061719,0.00371547,0.0164851,0.0188326,0.0166891,0.00408928,0.00462672,0.00460905,0.00589333,0.00596414,0.00195261,0.00274567,0.00389811,0.00331897,0.00308378,0.00374577,0.00312438,0.00263876,0.00255783,0.00228144,0.00295477,0.00359974,0.00437855,0.00387774,0.00460918,0.00441955,0.00505492,0.00477728,0.00385203,0.00420436,0.00432506,0.00281827,0.00440708,0.00384217,0.00207707,0.00497581,0.00388289,0.00484868,0.00757329,0.00342643,0.00452978,0.00423013,0.0035588,0.00320677,0.00329845,0.00259409,0.00421155,0.0035171,0.00150637,0.00170083,0.00124706,0.00159306,0.00273995,0.00456791,0.0042466,0.00343047,0.00359825,0.00299945,0.00529533,0.00456177,0.00415802,0.00308859,0.00264092,0.00249041,0.00172668,0.0028688,0.00308917,0.00288292,0.00312371,0.00223163,0.00228096,0.00302027,0.00202575,0.00164539,0.00229995,0.00154258,0.00239529,0.00202687,0.00203487,0.00254672,0.00152107,0.00164186,0.00343827,0.0042015,0.00361362,0.00336905,0.0029492,0.00373427,0.00382019,0.00451307,0.00589836,0.00314585,0.00230389,0.00280594,0.00295812,0.00329553,0.00254634,0.0024419,0.00271647,0.00206052,0.00206396,0.00307598,0.00223793,0.00269313,0.00251546,0.000504911,0.000605305,0.000546527,0.000596548,0.000678059,0.000811127,0.000751278,0.000398951
13,0.000893555,0.000985984,0.000867212,0.00131784,0.00103229,0.000739109,0.00240434,0.00450291,0.00411621,0.00431511,0.0078423,0.017914,0.0521664,0.0720374,0.0109573,0.00483021,0.00451543,0.00474281,0.00362099,0.00276436,0.0030852,0.00240041,0.00227258,0.00512858,0.0107429,0.0185613,0.0285665,0.0190572,0.0206908,0.0484132,0.0119005,0.0107262,0.00597033,0.00501638,0.0256596,0.0132186,0.0120889,0.0146515,0.0765791,0.023138,0.00366387,0.00409835,0.00354319,0.00353239,0.00445326,0.00234348,0.00199781,0.00191267,0.00285345,0.00168205,0.00177235,0.00282035,0.00258303,0.00219866,0.00253186,0.00349018,0.00337166,0.00368261,0.00422077,0.0128995,0.0137538,0.0189958,0.00766798,0.00758927,0.00831137,0.00833208,0.0091066,0.00214072,0.00249856,0.00426249,0.00403861,0.00496483,0.0042437,0.00502975,0.00740984,0.00310778,0.00251356,0.00279882,0.00295938,0.00296577,0.00267259,0.00276458,0.0038698,0.00417956,0.00354791,0.00162787,0.00260801,0.00288442,0.00282136,0.00354122,0.00281505,0.00220394,0.00389453,0.00304431,0.00884264,0.0134835,0.00500055,0.00503992,0.00413578,0.00465387,0.00372593,0.00153088,0.00201799,0.00434535,0.00555696,0.00319423,0.00183859,0.00106447,0.00191691,0.00314862,0.00326127,0.00260123,0.00279647,0.00257522,0.00267709,0.00328413,0.00400037,0.0031135,0.0030095,0.00307004,0.00233181,0.00130851,0.00259212,0.00254795,0.00244682,0.00230001,0.00239095,0.00235323,0.00263911,0.00151766,0.00117646,0.00148996,0.00115198,0.00194817,0.00130647,0.00134999,0.00238637,0.00170678,0.00177661,0.00303561,0.00335787,0.00283002,0.00307385,0.00239561,0.00298449,0.0030863,0.00292329,0.00526363,0.00434651,0.00283244,0.00225948,0.00188966,0.00227818,0.00284131,0.00245732,0.00213408,0.00186092,0.00222346,0.00223529,0.00222866,0.00209998,0.002065,0.000507584,0.000592946,0.000697953,0.000744456,0.000811556,0.000883901,0.000790049,0.000411635
14,0.00239978,0.00246628,0.00155596,0.000760511,0.000788263,0.000561301,0.000812371,0.00109525,0.0115146,0.0109829,0.0130369,0.0118134,0.0118991,0.0109573,0.0292202,0.0196718,0.00794453,0.0093864,0.0107788,0.0119296,0.00855908,0.0110378,0.00906795,0.00505244,0.00425398,0.00653806,0.00587325,0.00486211,0.00601882,0.00716791,0.00506228,0.00384453,0.00435441,0.00318507,0.00370696,0.00323327,0.00280547,0.00480392,0.00700284,0.00772925,0.00510009,0.00703415,0.00376064,0.00661423,0.0027666,0.00322739,0.00399869,0.00382678,0.0044498,0.00230059,0.00460801,0.00819526,0.00663167,0.00585441,0.00568497,0.00621098,0.0122279,0.00950673,0.00953364,0.00480769,0.0037015,0.00352696,0.00356346,0.00394697,0.00604765,0.00641069,0.00450592,0.00392331,0.00606435,0.0047417,0.0047512,0.00621853,0.0071643,0.00732197,0.00275902,0.00478371,0.00654615,0.00753849,0.00847407,0.0090581,0.00924587,0.00660376,0.00653752,0.00878502,0.00596706,0.0113164,0.00776139,0.00677547,0.00472415,0.00503393,0.00415252,0.00510374,0.00741397,0.00724647,0.0049716,0.00511627,0.00374037,0.00456708,0.00541541,0.00395628,0.00397312,0.00569184,0.00558047,0.00642892,0.00381592,0.00241464,0.00195404,0.00145642,0.00198064,0.00422385,0.00948153,0.0130441,0.00614294,0.00599359,0.00672989,0.00769028,0.00453299,0.00807372,0.00600012,0.00435454,0.00272938,0.00212547,0.00352513,0.00582503,0.00944395,0.00880089,0.00293335,0.00334906,0.00408114,0.00446229,0.00851207,0.00630983,0.0032137,0.00561789,0.00537266,0.00729756,0.00337371,0.00324083,0.00209608,0.00466539,0.00833812,0.00933668,0.00715564,0.0068336,0.00503063,0.00546633,0.0078139,0.00589156,0.00384646,0.00710599,0.00702608,0.00778535,0.00833142,0.00559886,0.00549853,0.00682565,0.00453779,0.00420127,0.00943275,0.00616695,0.00713732,0.00632111,0.000988578,0.00135245,0.00138741,0.00156793,0.00171916,0.00215354,0.00199635,0.00105642
15,0.00128361,0.00120452,0.000679663,0.000477084,0.00106198,0.000699025,0.000721323,0.00064393,0.00613465,0.00936285,0.0152577,0.00713755,0.00417269,0.00483021,0.0196718,0.0477551,0.0170909,0.00899195,0.00998912,0.0159958,0.0112983,0.00816399,0.0100754,0.00591758,0.0040885,0.00801539,0.00745237,0.00677446,0.00543483,0.0043573,0.00231227,0.00143554,0.00451255,0.00303095,0.00158821,0.00324185,0.00165785,0.00249435,0.0030139,0.00666365,0.00628834,0.00541877,0.00241781,0.00568254,0.00257622,0.0047192,0.00378562,0.00258496,0.00337912,0.00227034,0.00366157,0.00242643,0.00432435,0.00524659,0.00440081,0.00528545,0.00771427,0.0119862,0.0108588,0.00376753,0.00298174,0.00247803,0.00250876,0.00326171,0.00445522,0.00573202,0.00434634,0.00414574,0.00756533,0.00808095,0.00919082,0.0150614,0.0113959,0.0104772,0.00277352,0.0109333,0.0106872,0.00720066,0.00509989,0.00592494,0.00615957,0.00599883,0.00777347,0.00551674,0.00518469,0.0065789,0.00578784,0.00449119,0.00763182,0.00543086,0.00456236,0.00818111,0.00580944,0.00610607,0.0104339,0.00769277,0.00701732,0.00703041,0.00755865,0.00701869,0.00835167,0.0111901,0.010778,0.0113444,0.00459619,0.00322573,0.00233398,0.00169181,0.00211658,0.00540511,0.00891392,0.00677245,0.0050808,0.00674969,0.00586168,0.00631845,0.00435809,0.00519753,0.00388405,0.00201204,0.00104269,0.0010976,0.00241507,0.00333373,0.0109302,0.0108129,0.00189905,0.00352267,0.00338355,0.00466073,0.016969,0.00397841,0.00237884,0.00386554,0.00451056,0.00860961,0.0032154,0.00387741,0.00143195,0.00387323,0.00849663,0.0108097,0.00636391,0.00520452,0.00560312,0.00741327,0.00875044,0.00653125,0.0043932,0.00595177,0.00572295,0.00590746,0.00585079,0.00494088,0.00418505,0.00459487,0.00405238,0.00566086,0.00536014,0.00527415,0.00573175,0.00471918,0.000979703,0.00136204,0.00204343,0.00243898,0.00236237,0.00320237,0.00286806,0.00148361
16,0.0023595,0.00200714,0.00109802,0.000767503,0.00121619,0.000895105,0.00126474,0.00138795,0.00595989,0.00976636,0.0108666,0.00593943,0.00532953,0.00451543,0.00794453,0.0170909,0.027162,0.014885,0.00863356,0.0165373,0.0131793,0.00770275,0.00828057,0.00537672,0.00408591,0.00563782,0.00516347,0.00653513,0.00462902,0.00310663,0.00300611,0.00194627,0.00348401,0.00260862,0.0021279,0.00377062,0.00245702,0.0042917,0.0027684,0.00570028,0.00790235,0.00823707,0.00295666,0.00498856,0.00283525,0.00585956,0.00600636,0.00337285,0.00430136,0.00276119,0.00603744,0.0060036,0.00789435,0.00464694,0.0056392,0.00677655,0.00739052,0.015087,0.00815044,0.00542263,0.00240457,0.00217216,0.00296431,0.00267275,0.00527653,0.00542989,0.0039915,0.00520947,0.00714672,0.00535898,0.00925947,0.00868355,0.0113492,0.00678473,0.00254387,0.00942792,0.00952509,0.0069774,0.00577779,0.00570434,0.00699811,0.00915965,0.00520545,0.00586745,0.00742613,0.00635045,0.00529589,0.00618849,0.00917938,0.0084193,0.00813324,0.00777426,0.012157,0.00636679,0.00841649,0.00884881,0.010564,0.00640383,0.00873741,0.00548919,0.0102818,0.0137892,0.00967387,0.00725162,0.00380138,0.00331785,0.00269324,0.00143367,0.00137679,0.00393664,0.00761425,0.00472414,0.00845284,0.008564,0.00362814,0.00483209,0.00636505,0.00670118,0.0058181,0.00370824,0.00150082,0.00158047,0.00409262,0.00440639,0.0043435,0.00612231,0.00350067,0.00290371,0.00325049,0.00238335,0.00373219,0.00466559,0.00241339,0.00320933,0.00655015,0.00463917,0.00400174,0.00272039,0.00192966,0.00467006,0.00855081,0.00854221,0.00974626,0.00655372,0.00659084,0.00867397,0.0114881,0.00587191,0.00674916,0.00704378,0.0081537,0.0076084,0.00781919,0.00602381,0.00787292,0.00840227,0.00615235,0.00670174,0.00656184,0.00488295,0.00919257,0.00807516,0.000805491,0.000617571,0.000630898,0.000731221,0.00084238,0.00124283,0.00122395,0.00067145
17,0.00182711,0.00150049,0.000871962,0.000835218,0.00130674,0.00131467,0.00144619,0.00104656,0.00710504,0.00599845,0.00441306,0.00775148,0.0040346,0.00474281,0.0093864,0.00899195,0.014885,0.0353765,0.0123618,0.00832378,0.0159718,0.00948625,0.0143759,0.00951805,0.00494755,0.00647529,0.00528075,0.00678236,0.00649661,0.00401975,0.00518754,0.00337257,0.00663345,0.00813993,0.00378516,0.00488624,0.00344883,0.00496386,0.00227934,0.0098207,0.00980995,0.00798375,0.0067842,0.00475822,0.00420326,0.00962528,0.00508758,0.00440925,0.00426077,0.0109024,0.00972802,0.00292057,0.00412467,0.0034806,0.00429152,0.00457997,0.00570881,0.00954332,0.0127129,0.0157689,0.00380566,0.00242271,0.00594722,0.00227645,0.0153984,0.0157712,0.00687692,0.00323694,0.00902744,0.00529339,0.00529181,0.00373323,0.00609116,0.0035685,0.00240254,0.00599865,0.00636804,0.00454594,0.00452664,0.00513358,0.00653563,0.00596576,0.00460732,0.0043227,0.00325947,0.00575089,0.00456585,0.00555358,0.0112336,0.00517711,0.00496382,0.00623538,0.0107008,0.00473592,0.00720151,0.0100815,0.010356,0.00948833,0.00904064,0.0060699,0.00534663,0.00643341,0.00591257,0.00770268,0.00439002,0.0029513,0.00231349,0.00125245,0.00119675,0.00514667,0.00498126,0.00436008,0.00480959,0.005765,0.00349455,0.00415774,0.00360752,0.00414192,0.00728495,0.00600516,0.00183579,0.0014001,0.00462702,0.00619315,0.00291824,0.00517749,0.00586856,0.00401236,0.00370616,0.0027798,0.00279915,0.00507414,0.00274099,0.00332608,0.00289885,0.00509698,0.0039334,0.00336293,0.00341298,0.00646913,0.0114811,0.00836869,0.0047508,0.0040867,0.00412509,0.00413117,0.00578885,0.00569853,0.00608329,0.01434,0.013315,0.0102257,0.00630322,0.0085535,0.0148385,0.0055197,0.00728906,0.00674828,0.00705167,0.00455866,0.00483804,0.00480463,0.000620389,0.000553705,0.00044869,0.000465589,0.00050044,0.000766867,0.000786055,0.000433023
18,0.00416195,0.00346777,0.00177327,0.00058014,0.000649236,0.000522203,0.000721694,0.000978115,0.0121463,0.00920299,0.004961,0.00545931,0.00416453,0.00362099,0.0107788,0.00998912,0.00863356,0.0123618,0.0265444,0.00980508,0.0105325,0.0180404,0.0190422,0.00780502,0.00745915,0.00809738,0.00593737,0.00593605,0.00745922,0.00383092,0.00422555,0.00531988,0.00446699,0.00232281,0.00246859,0.00289642,0.00247903,0.00453157,0.00251696,0.00467635,0.0055382,0.0046747,0.00390544,0.00349897,0.0025236,0.00432972,0.00333171,0.00333721,0.00287967,0.00385807,0.0056181,0.0085322,0.0112056,0.0106074,0.010396,0.0093982,0.00974345,0.00910868,0.00562044,0.00424714,0.00305952,0.00274783,0.00253095,0.00302253,0.00474714,0.00539773,0.00341273,0.00611325,0.00713732,0.00458353,0.00636975,0.00384214,0.00336439,0.00332425,0.00175063,0.00651978,0.00605243,0.00811824,0.00887079,0.0100755,0.00974087,0.00761715,0.00747058,0.00711891,0.00891566,0.0074443,0.007064,0.00621252,0.00427366,0.00805477,0.00592814,0.00439612,0.00633571,0.00793121,0.00418093,0.00280082,0.00327155,0.00347448,0.00394529,0.00538885,0.00484704,0.00659239,0.00613415,0.00463881,0.00383896,0.00290188,0.00250359,0.00158096,0.00152429,0.00271838,0.00897048,0.0119121,0.00892136,0.00943537,0.00895061,0.00818168,0.00554744,0.00963963,0.00555599,0.00401794,0.0022287,0.0019075,0.00348054,0.00355074,0.00793954,0.00783449,0.00252839,0.00472037,0.00449301,0.00489531,0.00643713,0.005056,0.00354063,0.00579004,0.0119407,0.00632799,0.00521376,0.00352893,0.00213024,0.00491171,0.00693481,0.00706846,0.00585028,0.00792603,0.006879,0.00782717,0.00948792,0.00796593,0.00486808,0.0122947,0.00906451,0.00840304,0.00876008,0.00686553,0.00637287,0.00760702,0.00797753,0.00473623,0.011679,0.00862066,0.00793673,0.00548531,0.000848357,0.000594802,0.000628267,0.000695838,0.00087263,0.00131639,0.00131874,0.000718227
19,0.00269792,0.00265576,0.00159048,0.000775095,0.00107067,0.000725381,0.00073621,0.000833549,0.00585342,0.00485026,0.00703627,0.00469612,0.0032934,0.00276436,0.0119296,0.0159958,0.0165373,0.00832378,0.00980508,0.0321399,0.0112891,0.0101924,0.0122827,0.00605866,0.0059927,0.00634505,0.00593404,0.00678217,0.00663748,0.00479902,0.00353169,0.00217868,0.00287577,0.00255396,0.00255328,0.00378187,0.00275133,0.00395362,0.00204611,0.00435395,0.00736909,0.00860879,0.00476242,0.00558082,0.00321173,0.00411347,0.00531906,0.00337104,0.00435795,0.00266361,0.0056607,0.0086137,0.00628813,0.00478235,0.00650294,0.0135853,0.0116487,0.0133447,0.00870691,0.00270537,0.00213443,0.00243904,0.0021309,0.00257743,0.00352589,0.00311769,0.00388929,0.00703277,0.00760676,0.00607343,0.00639753,0.00644329,0.0074534,0.00841727,0.0027403,0.00702721,0.00814141,0.0085065,0.0103239,0.00876171,0.00893697,0.00712444,0.00486101,0.00651392,0.00522967,0.00417867,0.00609908,0.00568478,0.00485086,0.00475061,0.00559275,0.00707932,0.00718809,0.00554277,0.00631611,0.00363093,0.00510507,0.0035747,0.00531543,0.00703076,0.00811573,0.0125836,0.0086537,0.00676421,0.00417485,0.00239425,0.00213545,0.00125762,0.00128335,0.00263515,0.00719058,0.00815954,0.00843772,0.00831138,0.00587429,0.00615348,0.0055239,0.00441297,0.00412836,0.0023689,0.00122199,0.00107841,0.00225452,0.0028137,0.00675298,0.0083211,0.00250096,0.00312335,0.00364645,0.00333461,0.00898759,0.00355887,0.0030204,0.00381958,0.00785602,0.00618341,0.00482807,0.00362006,0.00216338,0.00465835,0.00614089,0.011491,0.0131084,0.0123167,0.0099838,0.0060524,0.0121598,0.00734301,0.00724322,0.00500938,0.00738424,0.00747386,0.0122593,0.00770231,0.0045182,0.0104922,0.00555671,0.00597639,0.0127323,0.00667468,0.0127536,0.0113723,0.000790325,0.000734012,0.000609584,0.000817678,0.000964858,0.00163612,0.00170464,0.000948335
20,0.00221238,0.00213684,0.00143055,0.000963776,0.000928815,0.000898649,0.000940397,0.000973519,0.00611439,0.00707723,0.00818934,0.00714692,0.00321593,0.0030852,0.00855908,0.0112983,0.0131793,0.0159718,0.0105325,0.0112891,0.0248707,0.0118659,0.00930879,0.00699181,0.00481353,0.00691697,0.00437312,0.00758943,0.00817445,0.00490239,0.00386445,0.00252618,0.00443927,0.00388253,0.00309408,0.00455188,0.00415055,0.00438169,0.00279146,0.0106172,0.0147802,0.0102461,0.00704781,0.00582943,0.00590471,0.0137611,0.00755545,0.00701345,0.00497367,0.0150738,0.0157198,0.00447212,0.00545927,0.00667168,0.00589293,0.00546088,0.00754904,0.00890062,0.00841721,0.00608566,0.00252955,0.00229376,0.00290424,0.00267574,0.00577012,0.007808,0.0052629,0.00434102,0.00772758,0.00513995,0.00812942,0.00543667,0.00702196,0.00526139,0.00216112,0.00726405,0.00632019,0.00421352,0.0042523,0.00478584,0.00727211,0.00533274,0.00565133,0.00642548,0.00714475,0.00447085,0.00520759,0.00500775,0.0139303,0.00913371,0.00603338,0.00842988,0.00945495,0.00594044,0.00794788,0.00950193,0.00980977,0.00803546,0.00846646,0.00570063,0.00736382,0.00701014,0.00783746,0.00617881,0.0039801,0.00284012,0.00219414,0.00128851,0.001343,0.00412946,0.00449907,0.00459278,0.00478364,0.00669429,0.00602863,0.00618396,0.00637466,0.00670839,0.0053198,0.00275076,0.00142933,0.00126075,0.00295977,0.00579086,0.00399833,0.00454025,0.00382463,0.00295543,0.00280725,0.00266477,0.00495119,0.0039136,0.00247017,0.0027993,0.00545666,0.00369166,0.00359508,0.00202851,0.00269093,0.00433441,0.00534255,0.00496561,0.00672466,0.00500281,0.00613551,0.00796923,0.00578508,0.00677819,0.00426741,0.00720322,0.00638544,0.0068789,0.00709543,0.00769932,0.00835589,0.00654853,0.00875065,0.0128541,0.00854018,0.00579293,0.00788582,0.00682817,0.000904629,0.00108219,0.00136705,0.00165232,0.00166712,0.00245599,0.00231606,0.0012384
21,0.00256682,0.00211372,0.00101695,0.000517691,0.000873159,0.000689188,0.00058464,0.000576471,0.0194576,0.0176124,0.00580992,0.00390967,0.00434471,0.00240041,0.0110378,0.00816399,0.00770275,0.00948625,0.0180404,0.0101924,0.0118659,0.0458745,0.0160187,0.00994874,0.00601749,0.00435805,0.00425183,0.00457034,0.00582863,0.00316398,0.00239941,0.00258096,0.00264299,0.00207572,0.002553,0.00309189,0.00175923,0.00596696,0.00309049,0.00414469,0.0047134,0.00560869,0.00344895,0.0030296,0.00158944,0.00394702,0.00352444,0.00270657,0.00270183,0.00293,0.00427958,0.00478693,0.00622712,0.00431855,0.00489965,0.00827027,0.0106667,0.00611268,0.00639193,0.00375922,0.00201689,0.00345295,0.00247707,0.00306092,0.00483172,0.00512335,0.00459826,0.00404979,0.00616927,0.0047445,0.00488087,0.00533818,0.0058659,0.0035635,0.0024185,0.00535811,0.0076772,0.00776404,0.00792691,0.0100719,0.0121369,0.00552777,0.0047292,0.00596949,0.00554328,0.0100508,0.00642023,0.00928023,0.00590198,0.00618649,0.0060742,0.00452258,0.0112506,0.0106867,0.00613089,0.00468142,0.00564316,0.00467506,0.00562686,0.00573413,0.00473596,0.00611147,0.00605733,0.00535552,0.00377239,0.00348342,0.0021801,0.00113269,0.00102192,0.0029752,0.0118774,0.0149262,0.0109488,0.00577485,0.00762846,0.00679954,0.00615777,0.00651172,0.00517983,0.00261035,0.00109583,0.000974618,0.00241218,0.00286572,0.0102471,0.00794029,0.00276903,0.00289758,0.00397526,0.00344704,0.00462885,0.00719691,0.00228948,0.00489436,0.00655098,0.00740602,0.00467733,0.00388432,0.00197434,0.00455828,0.00645205,0.00733582,0.00586398,0.011554,0.00667575,0.00863084,0.0106813,0.0113817,0.00283096,0.0144226,0.00675995,0.0122429,0.0133338,0.00551669,0.00623379,0.00713784,0.00768178,0.00747353,0.0159612,0.00622732,0.0102185,0.00535967,0.000851214,0.0010378,0.000508917,0.000616287,0.000643827,0.00114018,0.00124449,0.00067999
22,0.00149418,0.00125606,0.000671454,0.000668259,0.00103756,0.000738967,0.000640575,0.000577431,0.0101665,0.00624399,0.00578435,0.00315961,0.00194199,0.00227258,0.00906795,0.0100754,0.00828057,0.0143759,0.0190422,0.0122827,0.00930879,0.0160187,0.0526767,0.00985167,0.00759505,0.00836632,0.00561715,0.00678694,0.0065655,0.00306493,0.00301378,0.00146245,0.00300661,0.00308668,0.00150313,0.00360113,0.00224342,0.00354001,0.00190029,0.00772763,0.00827997,0.00655072,0.00353572,0.00381148,0.0023641,0.00634692,0.00577901,0.00277585,0.00307499,0.0042423,0.00624106,0.00602694,0.00436772,0.00324378,0.00421252,0.00532422,0.00582949,0.00614852,0.00778512,0.00784238,0.00248413,0.00219989,0.00380333,0.00211416,0.00823345,0.00569001,0.00255171,0.00411684,0.00735391,0.00557783,0.00489216,0.00703527,0.00743986,0.00376796,0.00280182,0.0082376,0.00721882,0.00479595,0.00710832,0.00824182,0.00701839,0.00337814,0.00341455,0.00363249,0.00266901,0.00282655,0.00389809,0.00711809,0.00971686,0.0047612,0.00476582,0.00878646,0.00611495,0.00747471,0.00489804,0.00644215,0.00538825,0.00753426,0.00511779,0.00928866,0.00396802,0.00610382,0.00629311,0.00423983,0.00359617,0.00233626,0.00245887,0.00152861,0.000915202,0.00191881,0.0118757,0.0117325,0.00586505,0.00654488,0.005681,0.00450251,0.00392455,0.00334997,0.00655971,0.0039167,0.0015978,0.00115005,0.00305884,0.00402953,0.00647284,0.00481965,0.00303202,0.0032879,0.00338875,0.00290996,0.00486189,0.0039707,0.00257969,0.0038446,0.00425483,0.0056363,0.00424083,0.00314483,0.00231827,0.00452764,0.00693521,0.00923199,0.0104828,0.00946778,0.00506251,0.00529939,0.00748923,0.015326,0.00413733,0.0249308,0.0126345,0.0141774,0.0135432,0.0104653,0.0121124,0.00760089,0.00966319,0.00966122,0.015679,0.00658495,0.0161121,0.00815892,0.000858131,0.000625254,0.0004057,0.000382246,0.000384809,0.000637945,0.000711375,0.000392811
23,0.00173776,0.00139724,0.000862872,0.000859593,0.00114741,0.000880045,0.002214,0.00262632,0.00552352,0.00515846,0.00333376,0.00691118,0.00370871,0.00512858,0.00505244,0.00591758,0.00537672,0.00951805,0.00780502,0.00605866,0.00699181,0.00994874,0.00985167,0.0494222,0.0393115,0.0150309,0.0154662,0.0126502,0.0253794,0.00583399,0.00942824,0.00434189,0.00783587,0.00733327,0.00434543,0.0120294,0.00419681,0.0099879,0.00426334,0.0141349,0.00946486,0.00734251,0.0177204,0.00818349,0.00561726,0.00714508,0.00357482,0.00429201,0.00509931,0.00799794,0.00562064,0.00331203,0.00402498,0.00344957,0.00371588,0.00401717,0.00403028,0.00539321,0.00734023,0.00865926,0.00758813,0.00543397,0.00392546,0.00745563,0.0110268,0.0044142,0.00839562,0.00232115,0.00305392,0.00971042,0.00341629,0.00244444,0.00295901,0.0109336,0.0160228,0.00352891,0.00325668,0.00324134,0.00360419,0.00374695,0.00380193,0.00462824,0.00387156,0.00336874,0.00431964,0.00366042,0.00361915,0.00400176,0.00810595,0.00296591,0.00338868,0.00639401,0.00374181,0.00377233,0.00619169,0.00418152,0.00451646,0.00615523,0.00550139,0.00549332,0.00393802,0.00319342,0.00342139,0.00617982,0.0100565,0.00607512,0.0017039,0.00108878,0.0014242,0.00415645,0.0029573,0.00326866,0.00370969,0.00393098,0.00328099,0.00334394,0.00342485,0.00381163,0.00847118,0.00826443,0.00207169,0.000828247,0.00488142,0.00356798,0.00321457,0.00406232,0.00577633,0.00325228,0.00534919,0.00315024,0.00307625,0.00408782,0.00262969,0.00329471,0.00237171,0.00292705,0.00484141,0.00256266,0.00685457,0.00475706,0.00469709,0.00531468,0.00450917,0.00427116,0.00346489,0.00627415,0.00482866,0.00616971,0.0124716,0.00909258,0.00347033,0.00452295,0.00480118,0.0189804,0.015273,0.00580513,0.0089778,0.00571343,0.00802519,0.00513105,0.00430485,0.00495173,0.000926352,0.00104525,0.000551326,0.000521238,0.000605882,0.000977904,0.00120753,0.000693592
24,0.00193325,0.00155327,0.000927386,0.000674947,0.000753951,0.000596871,0.00253758,0.00358688,0.00433503,0.00373264,0.00286014,0.00545097,0.00654964,0.0107429,0.00425398,0.0040885,0.00408591,0.00494755,0.00745915,0.0059927,0.00481353,0.00601749,0.00759505,0.0393115,0.10315,0.0917703,0.0231271,0.0439205,0.0290766,0.00618508,0.00587541,0.00703343,0.0043192,0.00451512,0.0106527,0.011447,0.00298904,0.00893484,0.0143563,0.00684641,0.00460849,0.00336704,0.0177209,0.00538455,0.00256252,0.00350387,0.0038324,0.00307044,0.0057118,0.00556785,0.00293755,0.00426969,0.00436034,0.004021,0.00442777,0.00387659,0.00369595,0.00434073,0.00407463,0.00997005,0.0105085,0.0105221,0.00345778,0.00899659,0.0120883,0.0036212,0.00714924,0.00242102,0.00374572,0.00718132,0.00284456,0.00257202,0.00294774,0.014685,0.0205744,0.00354506,0.00288717,0.00369018,0.00411107,0.00394659,0.00315701,0.00342225,0.00379269,0.00281091,0.00437488,0.00208793,0.00367273,0.00299808,0.00244411,0.0029283,0.00298502,0.0019599,0.00249409,0.00267413,0.00225053,0.00194677,0.00218123,0.00322865,0.00314569,0.0034416,0.00271915,0.00273702,0.00243158,0.00249695,0.0102079,0.00734864,0.00135324,0.000856409,0.00146666,0.00298496,0.0025358,0.00280834,0.00341834,0.00380937,0.00388593,0.00366033,0.00318987,0.00235274,0.00288887,0.00280635,0.0015993,0.000817328,0.00199668,0.00170118,0.00196079,0.0025704,0.0023755,0.0030935,0.00347297,0.00272043,0.00285804,0.00247632,0.00136,0.00235974,0.00267796,0.0026536,0.0030824,0.00239092,0.0024891,0.00303222,0.00396503,0.00381849,0.00311807,0.00307117,0.00342467,0.00422801,0.00409775,0.00409433,0.00259889,0.00349147,0.00268409,0.00323046,0.00326445,0.00861322,0.00446229,0.00374471,0.00348204,0.00439165,0.00326516,0.00266433,0.00266762,0.00273347,0.000772902,0.000836774,0.000489206,0.000487538,0.00053164,0.000809028,0.000972408,0.000546524
25,0.00102638,0.00082394,0.000629108,0.00088414,0.000664545,0.000579971,0.00160931,0.00330887,0.00293268,0.00245173,0.00273867,0.00410064,0.00648677,0.0185613,0.00653806,0.00801539,0.00563782,0.00647529,0.00809738,0.00634505,0.00691697,0.00435805,0.00836632,0.0150309,0.0917703,0.156764,0.0416719,0.056348,0.0182802,0.0079012,0.0089113,0.00804482,0.00760716,0.00453252,0.0286255,0.01945,0.00187685,0.0114015,0.015501,0.00643439,0.00418475,0.00324227,0.00976792,0.00386939,0.00145901,0.00255101,0.00238992,0.00183091,0.00222964,0.00238829,0.00241876,0.00241597,0.00270654,0.00285628,0.00286144,0.00424895,0.00464897,0.00331578,0.00453683,0.00397321,0.013529,0.0245817,0.00456793,0.00359534,0.00505078,0.00248492,0.00259229,0.00198542,0.00258171,0.00289794,0.00221764,0.00256253,0.00272469,0.00381655,0.00351369,0.0033123,0.00321491,0.00289299,0.00274871,0.00265809,0.00328729,0.00332654,0.00306053,0.00352162,0.00268739,0.00159903,0.00298387,0.00268597,0.00286409,0.00372366,0.00206291,0.00260835,0.00263001,0.00248569,0.00300985,0.00152837,0.00181675,0.00218999,0.00228065,0.00253126,0.00291679,0.00264103,0.00262216,0.00240063,0.00290747,0.00198003,0.00145258,0.000851481,0.000796919,0.00269591,0.00264859,0.00233345,0.00350199,0.00378984,0.00269759,0.00376304,0.0026672,0.00365897,0.00411655,0.00416384,0.00184331,0.000930631,0.00281361,0.00171067,0.00192995,0.00286568,0.00151502,0.0018758,0.00172778,0.00143973,0.00379216,0.00197218,0.0014608,0.00192238,0.00216559,0.00248879,0.0021894,0.00138805,0.00120508,0.00268286,0.00453149,0.00437338,0.00312231,0.0024664,0.00290588,0.00363749,0.00387729,0.00405547,0.00468207,0.00490383,0.003042,0.00332961,0.00293338,0.00509901,0.00416557,0.00281029,0.00336343,0.00385421,0.00348334,0.00248099,0.00341386,0.00317218,0.000550391,0.000530537,0.000405381,0.000379669,0.00040093,0.000558676,0.000601551,0.000334633
26,0.000991897,0.00063469,0.000967537,0.00227075,0.000355684,0.00115558,0.00655335,0.014572,0.00219052,0.00226752,0.00312782,0.00655904,0.0206874,0.0285665,0.00587325,0.00745237,0.00516347,0.00528075,0.00593737,0.00593404,0.00437312,0.00425183,0.00561715,0.0154662,0.0231271,0.0416719,0.11273,0.0536855,0.0144536,0.0541979,0.0281257,0.0109699,0.0100466,0.00608784,0.0431828,0.0164218,0.00266414,0.0081698,0.02052,0.00667289,0.00239713,0.00256092,0.00562133,0.00260487,0.00129747,0.00210738,0.00217119,0.0018803,0.00252134,0.00269053,0.00220992,0.00169269,0.00191492,0.00191601,0.00174107,0.00239995,0.00316013,0.00263113,0.00412377,0.00769012,0.040543,0.0507089,0.00510547,0.00631109,0.0071597,0.00299473,0.00279524,0.00158695,0.0028861,0.00294436,0.00188552,0.00231264,0.00235898,0.00498304,0.00561912,0.00266226,0.00242079,0.00208168,0.00219147,0.00194092,0.00281147,0.00316776,0.00269364,0.00262497,0.00254202,0.00129211,0.00192312,0.0021112,0.00210743,0.00250375,0.00214605,0.00182606,0.00241571,0.0017911,0.00186092,0.0013714,0.00138597,0.00178903,0.00204139,0.00168307,0.00209303,0.00170347,0.00209259,0.00208113,0.00328283,0.00237736,0.00110372,0.00069924,0.000776634,0.00202745,0.00202709,0.00159282,0.00314662,0.00338947,0.00201667,0.00300176,0.00267078,0.00276429,0.00169795,0.00299423,0.00376588,0.00111486,0.00275408,0.00109602,0.00153606,0.00222428,0.00130933,0.00143331,0.00154288,0.00129371,0.00309672,0.00143967,0.00112082,0.00146746,0.00150432,0.00200855,0.00175881,0.00124842,0.00111777,0.00220635,0.00395499,0.00381591,0.00256964,0.00185894,0.00205802,0.00301124,0.003289,0.00430306,0.00187019,0.00209646,0.00210707,0.00254856,0.00229867,0.00354545,0.00276783,0.00186029,0.00208014,0.00316571,0.00267702,0.0025523,0.00255895,0.00247093,0.000508008,0.000538644,0.000476571,0.000473773,0.000452598,0.000629464,0.000642784,0.000349412
27,0.00162945,0.00148555,0.00135794,0.00170812,0.000509207,0.000913354,0.00381444,0.00903185,0.00259809,0.00309805,0.00442355,0.00641407,0.0210792,0.0190572,0.00486211,0.00677446,0.00653513,0.00678236,0.00593605,0.00678217,0.00758943,0.00457034,0.00678694,0.0126502,0.0439205,0.056348,0.0536855,0.0580839,0.0181612,0.047376,0.021301,0.0119099,0.00668252,0.00651439,0.0195153,0.0134947,0.00405466,0.00989929,0.0253258,0.00841439,0.00420468,0.00367169,0.00724982,0.00258906,0.00226594,0.00329558,0.00277794,0.00274468,0.00281051,0.00371647,0.00419005,0.00296968,0.00356944,0.00364179,0.00366748,0.00318657,0.00427357,0.00529087,0.00459292,0.00895869,0.025299,0.026763,0.00356736,0.00462454,0.00567493,0.00318786,0.00319897,0.0018706,0.00380211,0.00301199,0.0028374,0.0026963,0.00283511,0.00451854,0.00493186,0.00332319,0.00325124,0.003186,0.00278144,0.00306625,0.00434349,0.00548042,0.00396057,0.00273559,0.00510976,0.00201821,0.00331468,0.00314518,0.00374575,0.00413645,0.00462036,0.00250455,0.00385861,0.00248209,0.00199484,0.00326827,0.0027973,0.00328693,0.0033846,0.0021502,0.00192337,0.00284954,0.00272565,0.00269973,0.00329093,0.00220991,0.00107088,0.000855631,0.0010589,0.00213061,0.0025935,0.00180649,0.00308341,0.00488974,0.00385895,0.00300444,0.00369649,0.00303105,0.00237248,0.00358484,0.00452416,0.0011713,0.00353517,0.0018205,0.00205363,0.00227504,0.00224824,0.00214461,0.00209313,0.00173493,0.00268946,0.00185775,0.0012865,0.00182919,0.0018901,0.00240946,0.00210245,0.00173026,0.00218276,0.00290769,0.00424573,0.00393574,0.00302421,0.00281421,0.00315186,0.00532676,0.00400822,0.0054009,0.0024399,0.00349288,0.0033048,0.0042865,0.00345161,0.00461788,0.00437324,0.0026192,0.003039,0.00369736,0.00398719,0.00421453,0.00347168,0.0032537,0.000523621,0.000639658,0.0007543,0.000913542,0.000920548,0.00135577,0.00130585,0.000697387
28,0.00223148,0.00250933,0.00185183,0.00129318,0.00135874,0.00122415,0.00192377,0.00226131,0.00408424,0.00396552,0.00470619,0.00749072,0.0233846,0.0206908,0.00601882,0.00543483,0.00462902,0.00649661,0.00745922,0.00663748,0.00817445,0.00582863,0.0065655,0.0253794,0.0290766,0.0182802,0.0144536,0.0181612,0.0302447,0.0269166,0.0132768,0.0108227,0.00888197,0.00891602,0.0108347,0.0160992,0.00809589,0.0115926,0.0224147,0.0129149,0.00547528,0.00689705,0.0149009,0.00762118,0.00502931,0.00426274,0.00462872,0.0033118,0.00620827,0.00666147,0.00440367,0.00643651,0.00405206,0.00475482,0.00539072,0.00670359,0.00816523,0.00642283,0.00651694,0.0113029,0.00823623,0.00805412,0.00404881,0.00601482,0.00759302,0.00372008,0.00698123,0.00244199,0.00273813,0.00601193,0.0031208,0.00236985,0.00218804,0.00754282,0.009624,0.00364568,0.00423236,0.00454797,0.00292699,0.00371223,0.00578427,0.0060598,0.00561345,0.00406746,0.00580634,0.00252329,0.00430602,0.0029653,0.0035431,0.00642103,0.00403703,0.00415708,0.00272646,0.00328023,0.0058535,0.00322842,0.00345705,0.00449559,0.00486127,0.00372032,0.00434065,0.00348785,0.00318986,0.00459712,0.00781247,0.00453707,0.00253574,0.00176562,0.00209118,0.00681861,0.00433404,0.00314926,0.00264251,0.0047981,0.00486297,0.0034264,0.00322953,0.0045057,0.00578561,0.00621136,0.00273189,0.00108375,0.00406985,0.00252656,0.00225068,0.00311354,0.00372035,0.00326947,0.00389181,0.0022087,0.00329254,0.00259852,0.00218294,0.00259279,0.00216326,0.00227584,0.00296718,0.00211645,0.00387441,0.00368174,0.00351146,0.00255285,0.00356604,0.00377279,0.004552,0.00702098,0.00490043,0.0062829,0.00822477,0.00642075,0.00375217,0.00441256,0.00450785,0.00977988,0.0069868,0.00315608,0.00430533,0.00570427,0.00668069,0.00412274,0.00354911,0.00369395,0.000734125,0.000896491,0.00104174,0.00119232,0.00117828,0.00174759,0.00171519,0.000917852
29,0.00128216,0.00179134,0.00178641,0.0019242,0.000946725,0.00132282,0.00331302,0.00756736,0.00324048,0.0024007,0.00313685,0.0112771,0.0590238,0.0484132,0.00716791,0.0043573,0.00310663,0.00401975,0.00383092,0.00479902,0.00490239,0.00316398,0.00306493,0.00583399,0.00618508,0.0079012,0.0541979,0.047376,0.0269166,0.0918796,0.0310694,0.0209856,0.00980364,0.00846838,0.0265748,0.0243491,0.0107682,0.0128031,0.0459773,0.0140636,0.00318983,0.004575,0.00421813,0.0032942,0.00251982,0.00161345,0.00137058,0.00209607,0.00212366,0.00137244,0.00192453,0.00506636,0.00247264,0.0020414,0.00318721,0.00390678,0.0042189,0.00365899,0.00580519,0.0152376,0.0311527,0.0312521,0.00390361,0.00468727,0.00455612,0.00282721,0.0025842,0.00169475,0.00239324,0.00165793,0.00154751,0.00175314,0.00211971,0.00244145,0.00141359,0.00234891,0.00268276,0.00174533,0.0015994,0.00235074,0.00335162,0.00308411,0.00252382,0.00319928,0.00163645,0.00127109,0.00176805,0.00154862,0.00219331,0.00193073,0.00150008,0.00215969,0.00236064,0.00185713,0.00153327,0.00180545,0.00194286,0.00213826,0.00259165,0.00243865,0.00163187,0.00140445,0.00214646,0.0021104,0.0016784,0.0017153,0.00148383,0.000912078,0.00136328,0.00234243,0.00200581,0.00172182,0.00160134,0.0020901,0.00199735,0.00225352,0.00163382,0.00280125,0.00605958,0.00759297,0.00465169,0.00206107,0.00473237,0.0021446,0.00128093,0.00180752,0.00162528,0.00220167,0.00167375,0.00122752,0.00252179,0.00113508,0.0014079,0.00132001,0.00096207,0.00130715,0.00164247,0.00165223,0.00156226,0.00191888,0.00271678,0.00227379,0.00248366,0.00204064,0.00161164,0.0022838,0.00217551,0.00679295,0.00531331,0.00358623,0.00209602,0.00210267,0.00158048,0.00261016,0.00250386,0.00197434,0.00171191,0.00192792,0.00184518,0.00211565,0.00238321,0.00253399,0.000469635,0.000465909,0.000531097,0.000470904,0.000414805,0.000498889,0.000441581,0.000229324
30,0.00144138,0.0018934,0.00157433,0.00130508,0.00113885,0.00123668,0.00162194,0.00253213,0.00351232,0.0028693,0.00231617,0.00515062,0.0176083,0.0119005,0.00506228,0.00231227,0.00300611,0.00518754,0.00422555,0.00353169,0.00386445,0.00239941,0.00301378,0.00942824,0.00587541,0.0089113,0.0281257,0.021301,0.0132768,0.0310694,0.0903444,0.139141,0.0680571,0.0345333,0.0386697,0.0243414,0.00642491,0.00965099,0.0156366,0.00684778,0.00340895,0.00415512,0.0048917,0.00382435,0.00256186,0.00166585,0.00147075,0.00228417,0.00219435,0.00153097,0.00221759,0.00555737,0.00336512,0.00227004,0.0039152,0.00387161,0.00359634,0.00458069,0.00630714,0.00871822,0.0312463,0.0243398,0.00282885,0.00362733,0.00427838,0.00186179,0.00231219,0.00133125,0.00215143,0.00191212,0.00149716,0.00145675,0.0020273,0.00245504,0.00211031,0.00186675,0.0023724,0.00195062,0.00165242,0.0025015,0.00277461,0.00350671,0.00300986,0.00303188,0.00250365,0.0013203,0.00212053,0.00183224,0.00245132,0.00169161,0.00183213,0.00227945,0.00255018,0.00198894,0.00190148,0.00170937,0.00186702,0.0019145,0.00235327,0.00221632,0.00182605,0.00191235,0.00188006,0.00183391,0.00221728,0.0020638,0.00150285,0.000996587,0.00123531,0.00272782,0.00213652,0.00171485,0.00193725,0.00232379,0.0016541,0.00181796,0.00182743,0.00271395,0.00698404,0.00833149,0.00475201,0.0024482,0.00501813,0.00247143,0.00116059,0.00176889,0.00141765,0.00159028,0.00134688,0.00090802,0.00136063,0.00132558,0.00125346,0.00142696,0.00110484,0.00107519,0.00142371,0.00113688,0.000973075,0.00188581,0.00270379,0.00225791,0.0018291,0.00208532,0.00142223,0.00181334,0.00212216,0.00361485,0.00575088,0.00444966,0.0021324,0.00204316,0.00201634,0.00338705,0.00336225,0.00240184,0.00206599,0.00197058,0.0018056,0.00307219,0.0019397,0.00294494,0.000494523,0.000532143,0.000554338,0.000500972,0.000475785,0.000586164,0.000535065,0.000283234
31,0.00111988,0.00140764,0.00114084,0.000794004,0.000392091,0.000534722,0.0011798,0.00222997,0.00364336,0.00272555,0.00189541,0.00374683,0.0119408,0.0107262,0.00384453,0.00143554,0.00194627,0.00337257,0.00531988,0.00217868,0.00252618,0.00258096,0.00146245,0.00434189,0.00703343,0.00804482,0.0109699,0.0119099,0.0108227,0.0209856,0.139141,0.272777,0.0919655,0.00694997,0.025687,0.0105699,0.00497928,0.0044345,0.00749632,0.00389435,0.00301712,0.00289835,0.00346097,0.00307066,0.00265056,0.00151246,0.0016831,0.0025454,0.00270206,0.00206655,0.00219108,0.00410632,0.00388441,0.00269344,0.00429975,0.00401339,0.00318895,0.00459073,0.00386558,0.00499593,0.00672138,0.00667037,0.00117271,0.00163264,0.00235423,0.0012908,0.00140517,0.00102722,0.00120024,0.00123784,0.00108067,0.00104121,0.00111644,0.00125603,0.00130311,0.00111908,0.00176655,0.00197358,0.00171709,0.00261713,0.00251161,0.00424077,0.00439151,0.00398985,0.00543473,0.00185714,0.00313295,0.00176871,0.00182926,0.00208175,0.002832,0.00220323,0.00217024,0.00165527,0.00197794,0.00156759,0.00138389,0.00175372,0.00209952,0.0022004,0.00215841,0.00181287,0.00122775,0.00165184,0.00213949,0.00195703,0.00179392,0.00105737,0.00109516,0.00204959,0.00164532,0.00145037,0.0020989,0.00268786,0.00229177,0.00220776,0.00254628,0.00376127,0.00412745,0.00419074,0.0042524,0.00269355,0.00279126,0.00149327,0.00165589,0.00234832,0.00132539,0.00126429,0.00151548,0.000562737,0.000953866,0.000997564,0.00104548,0.00143872,0.00121775,0.000776853,0.00133254,0.000980198,0.00142857,0.00187268,0.00197476,0.00156277,0.00194312,0.00192189,0.00194353,0.00439852,0.00306649,0.00292671,0.00180994,0.00244564,0.00232694,0.00247278,0.00242842,0.00231343,0.00263536,0.00256221,0.00231146,0.00168491,0.00172493,0.0034738,0.0018622,0.00321658,0.000605558,0.000691685,0.000843292,0.000900553,0.000861353,0.00117942,0.00107824,0.000566646
32,0.000667355,0.000891118,0.000748668,0.00078872,0.000879162,0.00100674,0.00128232,0.00147079,0.0038086,0.00266596,0.00279946,0.00283369,0.00484609,0.00597033,0.00435441,0.00451255,0.00348401,0.00663345,0.00446699,0.00287577,0.00443927,0.00264299,0.00300661,0.00783587,0.0043192,0.00760716,0.0100466,0.00668252,0.00888197,0.00980364,0.0680571,0.0919655,0.123829,0.158824,0.0408186,0.015703,0.012959,0.00717556,0.00454347,0.0053943,0.00366096,0.00237114,0.00178493,0.00255891,0.002383,0.00173604,0.00148874,0.00258247,0.00257358,0.00158362,0.00181573,0.00341775,0.00358372,0.0022883,0.00392715,0.00444126,0.00312133,0.00476965,0.00608325,0.00793522,0.0121025,0.00908752,0.00204284,0.00254604,0.00339595,0.00147393,0.00173921,0.00106088,0.00194549,0.00145052,0.00141156,0.00155606,0.00184111,0.00260041,0.00206973,0.0020076,0.00210614,0.00160556,0.00203267,0.00240154,0.00227853,0.00287296,0.00415293,0.00434975,0.00519195,0.00224678,0.00341825,0.00196642,0.00267216,0.00231751,0.00239122,0.00255232,0.00277982,0.00219996,0.00202767,0.00228665,0.00257833,0.0023846,0.00299372,0.00279098,0.00225739,0.00199321,0.00198449,0.00186241,0.00216945,0.00270255,0.00186701,0.00113807,0.00123414,0.00191866,0.00148419,0.00145088,0.00168329,0.00207368,0.00231586,0.00250534,0.00194962,0.00402305,0.00856271,0.00968161,0.00485688,0.00284184,0.00564665,0.00268302,0.00192751,0.00305395,0.00208115,0.00279598,0.00269848,0.00141038,0.00283177,0.00144812,0.00153126,0.00149298,0.00116306,0.00160373,0.00205971,0.00223584,0.00176617,0.00208966,0.00253601,0.00192745,0.00219387,0.00213927,0.00228324,0.00457832,0.00295281,0.00204184,0.00511815,0.00485282,0.00288749,0.00290842,0.00231236,0.00376809,0.00318799,0.00253982,0.0023225,0.00170412,0.001781,0.00171664,0.00222348,0.00270757,0.000653166,0.000797671,0.00103421,0.00110252,0.000966449,0.0013301,0.00118628,0.00061278
33,0.000896154,0.00131326,0.00119168,0.0011924,0.00116745,0.00125967,0.00175943,0.00191533,0.00423395,0.00278959,0.003084,0.00280764,0.00368498,0.00501638,0.00318507,0.00303095,0.00260862,0.00813993,0.00232281,0.00255396,0.00388253,0.00207572,0.00308668,0.00733327,0.00451512,0.00453252,0.00608784,0.00651439,0.00891602,0.00846838,0.0345333,0.00694997,0.158824,0.274851,0.0476521,0.013993,0.023783,0.00829887,0.00443822,0.00512379,0.00365441,0.00249955,0.00352708,0.00396863,0.00302105,0.00172358,0.00156344,0.00275982,0.0027825,0.00169777,0.00172059,0.00442437,0.00413601,0.00210355,0.00300179,0.00572776,0.00466527,0.00381679,0.00605286,0.0118981,0.00577724,0.00398922,0.00276014,0.00231026,0.00440824,0.00338385,0.00307253,0.00118893,0.00235334,0.00242847,0.00198422,0.00228457,0.00314219,0.00296566,0.00256693,0.0023038,0.00225765,0.00147707,0.00185891,0.00211375,0.00217358,0.00229703,0.00347605,0.00243285,0.00196963,0.0016854,0.00234224,0.00243631,0.00271053,0.00163573,0.00160427,0.00228499,0.00216039,0.00231082,0.00246719,0.00294933,0.00229347,0.00312037,0.00268443,0.00272682,0.00217191,0.00168697,0.00227725,0.00264614,0.00238158,0.00254129,0.00196776,0.00130774,0.00148287,0.00266417,0.00179155,0.00159843,0.00157207,0.00211729,0.00170181,0.00209859,0.00156129,0.00251374,0.00525243,0.00571777,0.00258628,0.00153006,0.00388677,0.00258268,0.00122245,0.00156155,0.00132831,0.00182296,0.00151373,0.00116947,0.0019686,0.00152944,0.00108756,0.00103315,0.00107186,0.00129485,0.00153686,0.00151549,0.00103839,0.00165482,0.00248504,0.0024592,0.00174185,0.00174149,0.00162635,0.00207764,0.0018876,0.00174117,0.0039331,0.00414978,0.00268618,0.00251294,0.0018553,0.00307495,0.00269,0.00154007,0.00169291,0.0016119,0.00166025,0.00215013,0.00192329,0.00209929,0.000397607,0.000541806,0.000739342,0.000804486,0.00070325,0.000988929,0.000890231,0.000459763
34,0.00141791,0.00178616,0.0015626,0.00139588,0.000738645,0.000809227,0.00192626,0.0036772,0.00469478,0.00325304,0.00321194,0.00497005,0.0236653,0.0256596,0.00370696,0.00158821,0.0021279,0.00378516,0.00246859,0.00255328,0.00309408,0.002553,0.00150313,0.00434543,0.0106527,0.0286255,0.0431828,0.0195153,0.0108347,0.0265748,0.0386697,0.025687,0.0408186,0.0476521,0.0708408,0.0507666,0.0322334,0.0188144,0.0249696,0.00839918,0.00364208,0.00320408,0.00475506,0.00433974,0.00312401,0.00184967,0.00183123,0.00275442,0.00284213,0.00255004,0.00215606,0.00516672,0.0047797,0.00252726,0.00294214,0.0073916,0.00619906,0.00490117,0.00528721,0.0118957,0.0559611,0.0466071,0.00549396,0.00575547,0.00583371,0.00396829,0.00299742,0.00173419,0.00232809,0.00183302,0.00208914,0.00236073,0.00227013,0.00213162,0.00188091,0.0018774,0.00213092,0.00177511,0.00152171,0.00236764,0.00238489,0.00309556,0.0031512,0.00192327,0.00153302,0.0013429,0.00222041,0.00241903,0.00255914,0.00203947,0.0018357,0.00175175,0.00188022,0.00203698,0.00305529,0.00358214,0.00253064,0.00223108,0.00208391,0.00237274,0.00174305,0.00235594,0.00223108,0.00216948,0.00187608,0.00167849,0.00195593,0.00117943,0.00140494,0.00212028,0.00174856,0.00169334,0.00157602,0.00226589,0.00154894,0.00164117,0.00173587,0.00218618,0.00189329,0.00192083,0.00172625,0.000987941,0.00206109,0.00190921,0.00121741,0.0011866,0.00146488,0.00179814,0.00172258,0.0013799,0.00147157,0.00143136,0.000919977,0.00121319,0.00125974,0.00129054,0.00156317,0.00143089,0.0015146,0.00186244,0.00225623,0.00229094,0.00151928,0.00162601,0.001851,0.00178299,0.00192686,0.00279587,0.00191831,0.00214651,0.00208558,0.00197651,0.00183764,0.00198436,0.00237625,0.00140117,0.00159862,0.00140491,0.00165646,0.00298562,0.00136447,0.00196484,0.000249777,0.000295723,0.000369987,0.000397768,0.000411643,0.000563486,0.000527004,0.000280488
35,0.00130036,0.00184867,0.00175559,0.00196685,0.00167,0.00151372,0.00255933,0.00336448,0.00430578,0.00292357,0.00271648,0.00609852,0.0244807,0.0132186,0.00323327,0.00324185,0.00377062,0.00488624,0.00289642,0.00378187,0.00455188,0.00309189,0.00360113,0.0120294,0.011447,0.01945,0.0164218,0.0134947,0.0160992,0.0243491,0.0243414,0.0105699,0.015703,0.013993,0.0507666,0.0688088,0.084845,0.0381442,0.00617667,0.00774514,0.00437835,0.00403566,0.00622754,0.00497161,0.00401623,0.00246759,0.00221582,0.00300862,0.00346517,0.00273484,0.00217752,0.00494254,0.00459069,0.00276161,0.00297711,0.00507978,0.00677313,0.00539338,0.00768033,0.0162854,0.0442577,0.0311202,0.00612069,0.00680786,0.00646964,0.0035019,0.00420998,0.00167227,0.00242985,0.00249312,0.00230711,0.00299899,0.00284062,0.00392309,0.00384568,0.00320697,0.0023387,0.00176493,0.00140198,0.00238609,0.00286849,0.00403622,0.00261143,0.00173258,0.00295388,0.00221472,0.00249423,0.00227034,0.00294086,0.00249177,0.00215126,0.00165539,0.00199517,0.00209711,0.00347666,0.00516497,0.00386831,0.00347851,0.00302117,0.00278358,0.00187897,0.00223087,0.00250204,0.00255432,0.00273011,0.00276377,0.00173974,0.00117975,0.00147113,0.00267446,0.00238686,0.00171657,0.00169575,0.00282176,0.00170881,0.00140964,0.00161849,0.00187744,0.00720171,0.00856396,0.00173014,0.000833756,0.00548757,0.0033529,0.00194771,0.00251997,0.00321106,0.00518873,0.00549934,0.00349528,0.00326142,0.0020631,0.00153166,0.00162853,0.00137322,0.00226711,0.00317041,0.00366514,0.00325353,0.00281971,0.00334651,0.00283891,0.00261998,0.00203577,0.00133714,0.0027941,0.00216794,0.00261759,0.00662259,0.00541881,0.00226588,0.00254376,0.00215021,0.00488885,0.00378656,0.00157816,0.00180177,0.00191454,0.00193226,0.00245663,0.00179251,0.00190271,0.000268911,0.000263421,0.000244216,0.000262667,0.000312829,0.000418781,0.000414271,0.000225522
36,0.00121799,0.00152701,0.00133714,0.00147641,0.00107211,0.000925047,0.00196164,0.00190177,0.00349581,0.00260593,0.00255189,0.00436524,0.0222713,0.0120889,0.00280547,0.00165785,0.00245702,0.00344883,0.00247903,0.00275133,0.00415055,0.00175923,0.00224342,0.00419681,0.00298904,0.00187685,0.00266414,0.00405466,0.00809589,0.0107682,0.00642491,0.00497928,0.012959,0.023783,0.0322334,0.084845,0.241244,0.0913077,0.00965447,0.00876461,0.00557876,0.00342515,0.00489199,0.00394762,0.00288556,0.00289081,0.00221898,0.00327831,0.00279612,0.00431021,0.00389101,0.00471619,0.00436468,0.00256999,0.00249352,0.00492267,0.00593359,0.00612812,0.00466352,0.022415,0.0112452,0.00747327,0.0188627,0.0141794,0.00502142,0.00225297,0.0026373,0.00168563,0.00275376,0.00253033,0.00247744,0.00242416,0.00277661,0.00380538,0.00413293,0.00287337,0.00251818,0.00195743,0.00176952,0.00171458,0.00272092,0.00315664,0.002449,0.00214063,0.00344005,0.00178968,0.00301006,0.00247409,0.00298123,0.00237537,0.00238945,0.00190483,0.00190688,0.00184174,0.00213443,0.00203261,0.00213939,0.00219519,0.00210621,0.00181199,0.00166008,0.00229714,0.00204971,0.00189887,0.00266676,0.00246763,0.00177487,0.00107635,0.00146346,0.00260916,0.00203321,0.00191701,0.00190149,0.00256218,0.00211013,0.00194829,0.00176416,0.00189392,0.00194102,0.00171834,0.000890973,0.000693179,0.0018624,0.00222829,0.00172773,0.00181435,0.00185023,0.0029203,0.00312143,0.00224612,0.00312735,0.00176396,0.0013434,0.00138409,0.00172588,0.00214424,0.00209179,0.00227196,0.0025296,0.00245384,0.00241811,0.00233963,0.00231077,0.00175581,0.00138132,0.00238148,0.00225162,0.00183106,0.00187519,0.00191351,0.00171295,0.00210319,0.00220748,0.00267186,0.00247083,0.00166454,0.00184832,0.00191558,0.00176711,0.00110822,0.00176741,0.00162224,0.000277285,0.000286777,0.000292072,0.000341744,0.000418178,0.000524371,0.000513196,0.000277727
37,0.00178075,0.00150841,0.000937549,0.00118335,0.0011381,0.000948114,0.00208441,0.00293984,0.00646331,0.00606724,0.00675418,0.00618475,0.0189493,0.0146515,0.00480392,0.00249435,0.0042917,0.00496386,0.00453157,0.00395362,0.00438169,0.00596696,0.00354001,0.0099879,0.00893484,0.0114015,0.0081698,0.00989929,0.0115926,0.0128031,0.00965099,0.0044345,0.00717556,0.00829887,0.0188144,0.0381442,0.0913077,0.0478934,0.0262897,0.0127194,0.00561417,0.00421345,0.00418786,0.00379478,0.00514845,0.00368396,0.00334166,0.00321974,0.00424773,0.00310522,0.00409674,0.0066992,0.00593463,0.00447252,0.00418176,0.0120861,0.00981929,0.00687356,0.00793271,0.014104,0.0103426,0.00950729,0.0147819,0.0101522,0.00503696,0.003929,0.00498331,0.00309245,0.00417044,0.00316969,0.00365108,0.00384757,0.00485606,0.00399259,0.00359895,0.00403888,0.00485342,0.00401535,0.00324607,0.00432448,0.00354643,0.00477044,0.00357057,0.0037788,0.00422484,0.00327336,0.0043495,0.0037167,0.00295355,0.00291942,0.00325127,0.00294517,0.00456914,0.00411409,0.00370805,0.00426628,0.00404504,0.00382281,0.0042626,0.00422566,0.00320712,0.00431695,0.00387006,0.00355579,0.00372915,0.00257314,0.00212643,0.00150296,0.00175253,0.00346748,0.00331685,0.00317963,0.00362336,0.00349283,0.00345821,0.00371788,0.00312177,0.00413297,0.00793826,0.00900124,0.00259599,0.00151162,0.00559147,0.00331366,0.00310015,0.00355318,0.00390105,0.00670579,0.00683232,0.0046454,0.00405206,0.00380192,0.00218589,0.00287834,0.00318838,0.00359754,0.00409499,0.00506318,0.00422448,0.00347842,0.00315187,0.00352384,0.00333335,0.00345382,0.00377342,0.0036851,0.0049232,0.00322059,0.00724432,0.00603396,0.00368747,0.00362057,0.00376578,0.00607158,0.00506259,0.00344473,0.00348925,0.00342248,0.00341765,0.00475323,0.0027242,0.00349992,0.000539888,0.000646045,0.000682838,0.000808431,0.000903581,0.00122215,0.00116915,0.000626883
38,0.00135677,0.00101421,0.00103723,0.00256849,0.00147387,0.00122696,0.00529954,0.0110525,0.00480947,0.00438201,0.00587546,0.00670657,0.0555772,0.0765791,0.00700284,0.0030139,0.0027684,0.00227934,0.00251696,0.00204611,0.00279146,0.00309049,0.00190029,0.00426334,0.0143563,0.015501,0.02052,0.0253258,0.0224147,0.0459773,0.0156366,0.00749632,0.00454347,0.00443822,0.0249696,0.00617667,0.00965447,0.0262897,0.138055,0.0370381,0.00280336,0.00404895,0.00336635,0.00316987,0.00294515,0.00300516,0.00230186,0.00261494,0.00262687,0.00309969,0.00348551,0.00178091,0.00385838,0.00351214,0.00318704,0.00724448,0.00521885,0.00353068,0.00475012,0.0164735,0.011301,0.0162375,0.0191311,0.0130424,0.00611295,0.00218743,0.00311343,0.00175444,0.00266477,0.00212115,0.00204238,0.00279168,0.00189836,0.00439005,0.00582939,0.00310752,0.0030999,0.00247979,0.00240206,0.0035538,0.00215448,0.00367056,0.00300805,0.00267804,0.00302026,0.00237026,0.00202783,0.00183465,0.00202344,0.00189914,0.00185445,0.00200259,0.00197385,0.00166591,0.00170619,0.00105355,0.00153447,0.00110389,0.00163254,0.0015398,0.00207748,0.00228895,0.00201488,0.00212076,0.00338668,0.00320957,0.00245015,0.00120809,0.00221566,0.00255745,0.0023762,0.00208008,0.00225583,0.00205777,0.00250345,0.00258205,0.00247849,0.00320007,0.00166861,0.00124687,0.00141398,0.000839512,0.00172187,0.0019173,0.00201646,0.00205059,0.00151632,0.00179211,0.00212956,0.00144682,0.00209723,0.00185562,0.00103276,0.00129388,0.00118401,0.00124403,0.00178836,0.0014732,0.00168225,0.00204767,0.00208934,0.00218632,0.00184888,0.00200758,0.00287103,0.00330744,0.0027089,0.00427241,0.00207152,0.00258121,0.00244596,0.00206918,0.00337044,0.00212705,0.00210053,0.00225475,0.00204845,0.00225578,0.00176334,0.00354145,0.00184485,0.00244202,0.000454809,0.000522738,0.000567744,0.000631132,0.000770652,0.000914043,0.000873749,0.000469616
39,0.0021118,0.00193492,0.00131759,0.00133309,0.0011958,0.00106923,0.00187983,0.00291148,0.00657875,0.00703253,0.00757257,0.00746381,0.0160941,0.023138,0.00772925,0.00666365,0.00570028,0.0098207,0.00467635,0.00435395,0.0106172,0.00414469,0.00772763,0.0141349,0.00684641,0.00643439,0.00667289,0.00841439,0.0129149,0.0140636,0.00684778,0.00389435,0.0053943,0.00512379,0.00839918,0.00774514,0.00876461,0.0127194,0.0370381,0.0257078,0.0145518,0.0085621,0.00943333,0.00823197,0.00562011,0.0100262,0.00728215,0.00660154,0.00627212,0.0147588,0.0131975,0.00538972,0.00542933,0.00528798,0.00542121,0.00587435,0.00714104,0.00559478,0.00807482,0.00864131,0.00481565,0.00608466,0.0075393,0.00557351,0.00667713,0.00589153,0.00772519,0.0030747,0.00453187,0.00545648,0.00464577,0.00397025,0.00374249,0.00587428,0.00508615,0.00419898,0.00456463,0.00400079,0.00340715,0.0054595,0.00390731,0.00464818,0.00434193,0.00428774,0.00521021,0.00488991,0.00316776,0.00360507,0.00985893,0.00361886,0.00345606,0.00687076,0.003635,0.00355602,0.00818288,0.00715731,0.0067317,0.00643485,0.00636152,0.00561029,0.00598999,0.00422442,0.00421893,0.00559337,0.00592766,0.00331513,0.00292307,0.00178222,0.00181302,0.00542059,0.00360641,0.0044484,0.00349927,0.00305368,0.00428513,0.00406354,0.00417024,0.00424884,0.00849798,0.00815473,0.00196761,0.00109659,0.00526128,0.00622928,0.0036881,0.00362121,0.00376298,0.00515267,0.00470816,0.00357031,0.00344111,0.00286929,0.00259709,0.00223701,0.00246144,0.00229423,0.00368413,0.00410479,0.00407317,0.00332277,0.00489947,0.00467481,0.00389243,0.00400635,0.00448571,0.00405392,0.00422616,0.00553376,0.00672244,0.00708958,0.00414315,0.00458361,0.00575248,0.01349,0.0117225,0.00420529,0.00617165,0.00846049,0.00656008,0.00398778,0.00515569,0.00479517,0.000991105,0.00106042,0.000965329,0.00101808,0.0011246,0.00136675,0.00133448,0.000719551
40,0.00329478,0.00333913,0.00216796,0.00130484,0.00113548,0.00127665,0.00149475,0.00131893,0.00694094,0.00763535,0.00857277,0.00779333,0.00361747,0.00366387,0.00510009,0.00628834,0.00790235,0.00980995,0.0055382,0.00736909,0.0147802,0.0047134,0.00827997,0.00946486,0.00460849,0.00418475,0.00239713,0.00420468,0.00547528,0.00318983,0.00340895,0.00301712,0.00366096,0.00365441,0.00364208,0.00437835,0.00557876,0.00561417,0.00280336,0.0145518,0.0246733,0.0133614,0.00833443,0.00851685,0.0115477,0.0163101,0.0103611,0.0086922,0.00713601,0.019719,0.0200791,0.0107882,0.00607543,0.00885549,0.00838325,0.00821781,0.00780639,0.00679046,0.00678299,0.00475641,0.00345666,0.00352395,0.00264563,0.00274658,0.00548732,0.00647765,0.00573552,0.00438766,0.00569808,0.006915,0.00597733,0.00460357,0.00808628,0.00523747,0.0026925,0.00472608,0.00606341,0.00759073,0.0053693,0.00577242,0.00422884,0.00587358,0.00647685,0.00400146,0.00555774,0.00352166,0.00503129,0.0061934,0.0161951,0.00530453,0.00613959,0.0120998,0.00574186,0.00526479,0.00718291,0.0053408,0.00686495,0.00627362,0.00527372,0.00678198,0.00622086,0.00571517,0.00684808,0.00643708,0.00470992,0.00239435,0.00235545,0.00156548,0.00155325,0.00402454,0.00515164,0.00451136,0.00550834,0.00380831,0.00514942,0.00695961,0.00730128,0.00396742,0.00591488,0.00469982,0.00197127,0.00140998,0.00382476,0.00833679,0.00520425,0.00427652,0.0028063,0.00347322,0.00323425,0.00260106,0.00335758,0.00302859,0.00310994,0.00290696,0.00423785,0.00316477,0.00404817,0.0029894,0.00278244,0.00426742,0.00616452,0.00588992,0.00850782,0.0070884,0.00684169,0.0044726,0.00587925,0.00667373,0.00686275,0.00678165,0.00578662,0.00559294,0.00854887,0.0130972,0.0135732,0.00808542,0.010169,0.012728,0.00730617,0.00461545,0.00696511,0.00563638,0.000980798,0.0010516,0.00102039,0.0011992,0.00128791,0.00176664,0.00174908,0.00094806
41,0.00291049,0.00340821,0.00259456,0.00307819,0.00470729,0.00438106,0.00434627,0.0019076,0.0062753,0.00685858,0.00733414,0.00693591,0.00455205,0.00409835,0.00703415,0.00541877,0.00823707,0.00798375,0.0046747,0.00860879,0.0102461,0.00560869,0.00655072,0.00734251,0.00336704,0.00324227,0.00256092,0.00367169,0.00689705,0.004575,0.00415512,0.00289835,0.00237114,0.00249955,0.00320408,0.00403566,0.00342515,0.00421345,0.00404895,0.0085621,0.0133614,0.0239462,0.0158273,0.0178784,0.0208991,0.0184176,0.0124499,0.00540177,0.0110874,0.012611,0.0123233,0.00887743,0.0066403,0.00609214,0.0068063,0.00653558,0.00912902,0.00724571,0.00815462,0.00501048,0.00275037,0.00349402,0.00313233,0.0023893,0.0045404,0.00485829,0.00612762,0.00346857,0.00498001,0.00665403,0.00682656,0.00430085,0.00552505,0.00705552,0.00400712,0.0060528,0.00524953,0.00397335,0.00369191,0.00676051,0.00469807,0.0060018,0.00624027,0.00385541,0.00503161,0.00757961,0.00498032,0.005249,0.0129152,0.00489231,0.00607252,0.0129595,0.00701252,0.00454225,0.0100634,0.00609428,0.00759359,0.00572984,0.00647557,0.00737157,0.0069685,0.00502468,0.00690178,0.00603103,0.00621208,0.00504728,0.00319118,0.00221285,0.00221421,0.0089339,0.00542137,0.00419342,0.00467895,0.00349854,0.00320253,0.00638255,0.00592674,0.00367173,0.00501923,0.00357426,0.00161387,0.00132479,0.00312326,0.00608244,0.0041828,0.00491493,0.00479054,0.0032263,0.00462258,0.00354547,0.00253309,0.0049741,0.00290188,0.00432286,0.00368149,0.00319369,0.00540715,0.00286421,0.00468497,0.0053338,0.0057884,0.00570257,0.0107998,0.00489452,0.00489667,0.00548792,0.00577149,0.0059705,0.00623085,0.00562362,0.00559784,0.00473835,0.00885192,0.00862928,0.0102924,0.00810314,0.0144192,0.0166719,0.00588426,0.00334587,0.00684426,0.0057464,0.000940619,0.000677382,0.000339678,0.000374586,0.000537306,0.000876682,0.00102747,0.000591472
42,0.00467494,0.00482983,0.00364577,0.00296047,0.00274845,0.00213718,0.0029956,0.00212421,0.00439902,0.00480921,0.00344249,0.00727657,0.00294825,0.00354319,0.00376064,0.00241781,0.00295666,0.0067842,0.00390544,0.00476242,0.00704781,0.00344895,0.00353572,0.0177204,0.0177209,0.00976792,0.00562133,0.00724982,0.0149009,0.00421813,0.0048917,0.00346097,0.00178493,0.00352708,0.00475506,0.00622754,0.00489199,0.00418786,0.00336635,0.00943333,0.00833443,0.0158273,0.0414381,0.024826,0.0139544,0.0143785,0.0115937,0.00540338,0.0129247,0.0242327,0.0114593,0.01234,0.00633319,0.00598123,0.00660044,0.00587009,0.00568499,0.0057322,0.00620925,0.00658445,0.00462191,0.00469083,0.00422114,0.00397397,0.00503195,0.00627866,0.012018,0.00523991,0.00316306,0.00870569,0.00533444,0.00394509,0.00505616,0.00911065,0.00926064,0.00412997,0.00338753,0.00383281,0.00311831,0.00333589,0.00387434,0.00467439,0.00384608,0.00284702,0.00423561,0.00288649,0.00351843,0.00317342,0.0062574,0.00361477,0.00376975,0.00742208,0.00380587,0.00495617,0.0188899,0.00703868,0.00536414,0.00707074,0.00878657,0.00733848,0.0108828,0.00379829,0.00407888,0.00683073,0.0130013,0.00447083,0.00582438,0.00344025,0.00239516,0.0162547,0.00566995,0.00350633,0.00401608,0.00320455,0.00421461,0.00218748,0.00280691,0.00328133,0.00252437,0.00219083,0.000940138,0.000840906,0.00197246,0.0029191,0.00258868,0.00488614,0.00994809,0.00405984,0.0103693,0.00538259,0.00266851,0.00722039,0.00299519,0.00580795,0.00320046,0.00295074,0.008804,0.00318004,0.0128342,0.00694778,0.00447557,0.0057195,0.0033796,0.00398407,0.00359592,0.00430465,0.00288053,0.00658198,0.00520212,0.00339222,0.00280541,0.00287296,0.00423768,0.0095149,0.00814599,0.00418098,0.00546898,0.0123286,0.00512746,0.00376056,0.00258782,0.00311739,0.000814984,0.000966906,0.000428058,0.000378673,0.000466532,0.000619228,0.000731206,0.000416712
43,0.00308258,0.00383172,0.00323843,0.00323611,0.00309571,0.00247748,0.00282603,0.00173789,0.00712549,0.0078703,0.00672207,0.00687179,0.00351732,0.00353239,0.00661423,0.00568254,0.00498856,0.00475822,0.00349897,0.00558082,0.00582943,0.0030296,0.00381148,0.00818349,0.00538455,0.00386939,0.00260487,0.00258906,0.00762118,0.0032942,0.00382435,0.00307066,0.00255891,0.00396863,0.00433974,0.00497161,0.00394762,0.00379478,0.00316987,0.00823197,0.00851685,0.0178784,0.024826,0.0378021,0.0477822,0.0218592,0.015458,0.00670675,0.0204837,0.0116308,0.00821858,0.0116677,0.00787089,0.00582459,0.00725964,0.00573958,0.00743907,0.00466458,0.0075786,0.00546758,0.00445765,0.00405019,0.00345838,0.00274126,0.00391774,0.00919785,0.0108974,0.00528459,0.00400514,0.00756818,0.00707231,0.0050828,0.00557342,0.00786311,0.00484647,0.00399529,0.00425825,0.00400405,0.00483422,0.00848212,0.00358825,0.00379849,0.00485954,0.0035972,0.00332554,0.0072361,0.00431182,0.00343704,0.00612163,0.00408736,0.00387524,0.00720622,0.00431309,0.00436037,0.0132363,0.00439915,0.00432318,0.00430617,0.00777253,0.00643829,0.00879946,0.00332946,0.00498716,0.00726147,0.00836949,0.00318944,0.00465827,0.00288187,0.00249542,0.0116063,0.00569179,0.00541204,0.00327021,0.00328609,0.0034747,0.00265832,0.00346513,0.00411416,0.00589458,0.00443991,0.00151562,0.00122039,0.00249575,0.00373757,0.00358803,0.00380167,0.00439531,0.00317135,0.00452547,0.00330767,0.00392233,0.004222,0.00275961,0.00348118,0.00343238,0.00279887,0.00422414,0.00229265,0.00549566,0.00395871,0.00438914,0.00527777,0.00503173,0.00415196,0.00401292,0.00424497,0.00497113,0.0125322,0.0134862,0.00667823,0.00434286,0.00461981,0.00723912,0.00828839,0.00836934,0.00722842,0.00715389,0.0127238,0.00433761,0.00486042,0.0046759,0.00466775,0.00140876,0.00167042,0.00116643,0.00100395,0.00101136,0.00127158,0.00147859,0.000830883
44,0.00310879,0.00365472,0.00296674,0.00374194,0.00490095,0.00424147,0.00435607,0.00178797,0.00417323,0.00556646,0.00463517,0.0106718,0.00386275,0.00445326,0.0027666,0.00257622,0.00283525,0.00420326,0.0025236,0.00321173,0.00590471,0.00158944,0.0023641,0.00561726,0.00256252,0.00145901,0.00129747,0.00226594,0.00502931,0.00251982,0.00256186,0.00265056,0.002383,0.00302105,0.00312401,0.00401623,0.00288556,0.00514845,0.00294515,0.00562011,0.0115477,0.0208991,0.0139544,0.0477822,0.106675,0.0361007,0.0210674,0.00592041,0.0348891,0.0131996,0.00934257,0.010396,0.0058086,0.00685172,0.00702468,0.00699732,0.00572085,0.0031204,0.00567701,0.00564849,0.00455252,0.00357179,0.00260963,0.00190903,0.00417343,0.0130564,0.0114233,0.00305989,0.00291389,0.00503377,0.00590793,0.00395398,0.00328769,0.00399615,0.00306089,0.00250619,0.00385639,0.0034584,0.00330108,0.00284285,0.00312235,0.0052783,0.00647143,0.00435702,0.00679744,0.00259092,0.00396456,0.00360672,0.00541716,0.00454485,0.00608696,0.00368538,0.0035624,0.00297928,0.00492602,0.0032974,0.00269416,0.00365127,0.00717352,0.00501761,0.00396287,0.00262973,0.00372243,0.00822441,0.00528273,0.00349927,0.00278564,0.00250046,0.00283266,0.00661188,0.00371905,0.00278742,0.00256664,0.00267915,0.00474158,0.00490461,0.00707618,0.00355344,0.00790732,0.00775305,0.00178054,0.00150013,0.00420982,0.00487585,0.00377659,0.00349689,0.00404049,0.00266522,0.00537711,0.00228221,0.00182247,0.0033843,0.00229743,0.00295905,0.00193583,0.00171588,0.00458596,0.00236711,0.00611492,0.00412994,0.00356841,0.00346442,0.00449124,0.00323922,0.0056902,0.0056996,0.00595582,0.0142541,0.0202543,0.00736293,0.00394034,0.004232,0.00590883,0.0055962,0.00791082,0.0028436,0.00403728,0.0120807,0.00345976,0.00377436,0.00231791,0.00283222,0.0010767,0.0013165,0.00127063,0.00127351,0.00132486,0.00162739,0.00168844,0.000922813
45,0.00283863,0.00227904,0.00152466,0.00221744,0.0031141,0.00273217,0.00282152,0.00141512,0.0054848,0.00536652,0.00558163,0.00718888,0.00235269,0.00234348,0.00322739,0.0047192,0.00585956,0.00962528,0.00432972,0.00411347,0.0137611,0.00394702,0.00634692,0.00714508,0.00350387,0.00255101,0.00210738,0.00329558,0.00426274,0.00161345,0.00166585,0.00151246,0.00173604,0.00172358,0.00184967,0.00246759,0.00289081,0.00368396,0.00300516,0.0100262,0.0163101,0.0184176,0.0143785,0.0218592,0.0361007,0.0335552,0.0200138,0.0109272,0.0201035,0.0279234,0.0223361,0.0113866,0.00696402,0.00624315,0.00626681,0.00558182,0.00549552,0.00452101,0.00510816,0.00475278,0.00221634,0.00171225,0.00224832,0.00160248,0.00424913,0.00892307,0.00791338,0.00417948,0.00414315,0.00553175,0.00736526,0.00455304,0.00420896,0.00425246,0.00258993,0.00519557,0.00424512,0.0030014,0.0045997,0.00610672,0.00508389,0.00539278,0.00388485,0.00335723,0.00574214,0.00483093,0.00509922,0.00517509,0.0139895,0.00537135,0.00677102,0.00986923,0.00645175,0.00492183,0.00847086,0.00654349,0.00656834,0.00699691,0.00672317,0.00705129,0.00609158,0.00399516,0.00611453,0.00617296,0.00488472,0.00345956,0.00251767,0.00165626,0.00150815,0.00591229,0.00406195,0.00388155,0.0028897,0.00304939,0.00431668,0.00306087,0.00496264,0.00368237,0.00471837,0.00338875,0.000849042,0.000889523,0.00296538,0.00575234,0.00412794,0.00490014,0.0051795,0.00209525,0.00642504,0.00343523,0.00281778,0.00520889,0.00238799,0.00303741,0.00241968,0.00381828,0.00508082,0.00245477,0.00498642,0.00465266,0.00479169,0.00435606,0.00347021,0.00365806,0.00577188,0.00659705,0.00476532,0.00906675,0.00915672,0.00758364,0.00593612,0.00668348,0.00832205,0.00945775,0.011413,0.00716098,0.0152966,0.0222974,0.00585622,0.00492364,0.00441158,0.00386624,0.00135058,0.00138462,0.000713563,0.000560448,0.000601235,0.000976855,0.00135646,0.000796258
46,0.00285017,0.00223388,0.00143349,0.00154276,0.00142764,0.00118688,0.00155439,0.00129059,0.00363929,0.00658226,0.00657916,0.00371643,0.0021194,0.00199781,0.00399869,0.00378562,0.00600636,0.00508758,0.00333171,0.00531906,0.00755545,0.00352444,0.00577901,0.00357482,0.0038324,0.00238992,0.00217119,0.00277794,0.00462872,0.00137058,0.00147075,0.0016831,0.00148874,0.00156344,0.00183123,0.00221582,0.00221898,0.00334166,0.00230186,0.00728215,0.0103611,0.0124499,0.0115937,0.015458,0.0210674,0.0200138,0.042156,0.0641622,0.0486487,0.0267991,0.0192955,0.00674949,0.00628424,0.00653621,0.00501728,0.00428562,0.00700025,0.00539527,0.00594426,0.00404442,0.00115946,0.00127753,0.00193801,0.00165315,0.0027429,0.00614463,0.00643422,0.00374576,0.00544842,0.00471399,0.00548147,0.00528055,0.00709092,0.00560651,0.00285423,0.00435143,0.00358851,0.00334451,0.00347219,0.0036801,0.00510718,0.00564232,0.00329185,0.00403526,0.00447897,0.00484917,0.00359881,0.00317197,0.00621476,0.00507668,0.00813152,0.00633974,0.0058479,0.00490029,0.0067081,0.00451877,0.00443167,0.00528197,0.00591,0.00546399,0.0062864,0.00519071,0.00459763,0.00461861,0.00457756,0.00252241,0.00261452,0.00122074,0.000752306,0.00725411,0.00649536,0.00308085,0.00362161,0.00357302,0.00638311,0.00300971,0.00459901,0.00350676,0.00347781,0.00222103,0.000645379,0.000564147,0.00156551,0.00272825,0.00282544,0.00372664,0.00408253,0.0025577,0.00509243,0.00369043,0.00421885,0.00483325,0.00205798,0.0031942,0.00364518,0.00381956,0.00375718,0.00254742,0.00353789,0.003361,0.00485964,0.00427537,0.00458444,0.00430719,0.0052046,0.00492468,0.00501951,0.00520366,0.00381142,0.00513595,0.00452127,0.00530088,0.00572966,0.00708272,0.00872305,0.00520066,0.00983036,0.0194847,0.00637448,0.0060314,0.00681943,0.013185,0.0124352,0.0172183,0.00612581,0.00195312,0.000654338,0.00260677,0.0099611,0.00642379
47,0.00141017,0.00148051,0.00124071,0.00185499,0.000974449,0.000952232,0.00185783,0.00191628,0.00421379,0.00470121,0.0036684,0.00361915,0.00231448,0.00191267,0.00382678,0.00258496,0.00337285,0.00440925,0.00333721,0.00337104,0.00701345,0.00270657,0.00277585,0.00429201,0.00307044,0.00183091,0.0018803,0.00274468,0.0033118,0.00209607,0.00228417,0.0025454,0.00258247,0.00275982,0.00275442,0.00300862,0.00327831,0.00321974,0.00261494,0.00660154,0.0086922,0.00540177,0.00540338,0.00670675,0.00592041,0.0109272,0.0641622,0.155216,0.088622,0.0182669,0.018592,0.00702391,0.00724898,0.00617271,0.00535181,0.00507897,0.00516275,0.00427495,0.00448969,0.00368069,0.00196492,0.00157629,0.00215602,0.0020608,0.00346152,0.0026292,0.00260084,0.00156689,0.00243129,0.00246685,0.00201339,0.00243729,0.00251404,0.00271753,0.00235841,0.00253779,0.00343938,0.00347932,0.00346792,0.00337902,0.00308146,0.00557117,0.00416512,0.00326469,0.00510054,0.00312427,0.00330827,0.00296767,0.00391749,0.00405296,0.00525913,0.00341933,0.00336123,0.00257156,0.00263579,0.00175359,0.00164595,0.0023362,0.00198583,0.00217108,0.00282867,0.00283326,0.00244489,0.00272354,0.00266504,0.00239435,0.0022598,0.00120821,0.0012182,0.00548556,0.00909273,0.00248881,0.003614,0.00373217,0.00397856,0.00315076,0.00347814,0.00295238,0.00205914,0.00166686,0.00130445,0.00101787,0.00169382,0.00257486,0.0027033,0.00316633,0.00183082,0.00174181,0.00210101,0.00138803,0.00187844,0.00155309,0.00117635,0.0016885,0.00205191,0.00149914,0.00189749,0.00141404,0.00176366,0.00235332,0.00228618,0.00253522,0.0026286,0.00290301,0.00371522,0.00479833,0.00423493,0.00206719,0.00205112,0.00278262,0.0035616,0.00328918,0.00579905,0.00478786,0.00533524,0.00409296,0.00425673,0.0104049,0.00419157,0.00523427,0.00590642,0.0210464,0.0259843,0.036405,0.0134172,0.00466455,0.00179167,0.00590922,0.0213799,0.0137281
48,0.00192909,0.00149033,0.00101831,0.00163677,0.00143595,0.0011619,0.00186556,0.00171089,0.00388335,0.00439319,0.00513316,0.00483616,0.00275304,0.00285345,0.0044498,0.00337912,0.00430136,0.00426077,0.00287967,0.00435795,0.00497367,0.00270183,0.00307499,0.00509931,0.0057118,0.00222964,0.00252134,0.00281051,0.00620827,0.00212366,0.00219435,0.00270206,0.00257358,0.0027825,0.00284213,0.00346517,0.00279612,0.00424773,0.00262687,0.00627212,0.00713601,0.0110874,0.0129247,0.0204837,0.0348891,0.0201035,0.0486487,0.088622,0.0713034,0.0248545,0.0108946,0.00648772,0.00578078,0.00452437,0.00478338,0.00532542,0.00611247,0.00457938,0.0057347,0.00465351,0.00192292,0.00154565,0.00205028,0.00199144,0.0032331,0.00776014,0.0085053,0.00297687,0.00312687,0.00367841,0.00428532,0.00382202,0.00457239,0.00478226,0.00338382,0.00364593,0.00300118,0.00312441,0.00295161,0.00341808,0.0031093,0.0035871,0.00308177,0.00269759,0.00375761,0.00377258,0.0031686,0.00264874,0.00363983,0.00323266,0.00403436,0.00468213,0.00380915,0.00337802,0.00607573,0.00385822,0.00376266,0.00532239,0.00628738,0.00452423,0.00495163,0.00362702,0.00361997,0.00512263,0.00512879,0.00266131,0.00303014,0.0017707,0.00121932,0.00787444,0.00685952,0.00244261,0.00288423,0.0027639,0.0028416,0.00268493,0.00316884,0.00343874,0.00419534,0.00356714,0.00111096,0.000883606,0.0023605,0.00328578,0.00306146,0.00383381,0.00458314,0.00290558,0.00721052,0.00411339,0.00240247,0.00389748,0.00151982,0.00307785,0.00241973,0.00247055,0.00478088,0.00220632,0.00485351,0.00338318,0.00298433,0.00350115,0.00378242,0.00305705,0.0035378,0.00493226,0.00390831,0.00441982,0.00516861,0.00451769,0.00383705,0.00389994,0.00494049,0.00746778,0.0055674,0.00385503,0.00412955,0.0135971,0.00495097,0.00399089,0.00543327,0.0129217,0.014213,0.0194517,0.00726585,0.00261911,0.00108309,0.00326985,0.0113727,0.00728594
49,0.00449308,0.00302196,0.00192811,0.00201239,0.00158955,0.00141103,0.00171104,0.00137962,0.00316972,0.00517213,0.0037692,0.00649948,0.00178121,0.00168205,0.00230059,0.00227034,0.00276119,0.0109024,0.00385807,0.00266361,0.0150738,0.00293,0.0042423,0.00799794,0.00556785,0.00238829,0.00269053,0.00371647,0.00666147,0.00137244,0.00153097,0.00206655,0.00158362,0.00169777,0.00255004,0.00273484,0.00431021,0.00310522,0.00309969,0.0147588,0.019719,0.012611,0.0242327,0.0116308,0.0131996,0.0279234,0.0267991,0.0182669,0.0248545,0.0656175,0.0375895,0.00592893,0.00644489,0.00863784,0.00564485,0.0048638,0.00581605,0.00409415,0.00537602,0.00624924,0.00175255,0.00158344,0.00295544,0.00181771,0.00436213,0.00962757,0.0109508,0.00284374,0.00348364,0.00536209,0.00472137,0.00293641,0.00282651,0.00363849,0.00286085,0.00303391,0.00203113,0.00291669,0.0037371,0.00233773,0.00487215,0.00740938,0.00395453,0.00446675,0.0058876,0.00368036,0.00346496,0.00367025,0.00861242,0.00636075,0.0105313,0.00563652,0.00477982,0.00522944,0.00894783,0.00693038,0.00461778,0.00912735,0.00702544,0.00504075,0.00675258,0.00419432,0.0029053,0.00547189,0.0064865,0.00204557,0.0030204,0.00173373,0.000885859,0.00776163,0.00262177,0.0025165,0.00284479,0.003823,0.00842163,0.0035184,0.00567964,0.00311095,0.0021493,0.002188,0.000625547,0.0005306,0.00176554,0.00372612,0.00278898,0.00519232,0.0096211,0.00243962,0.0136887,0.00640401,0.00357563,0.00750734,0.001993,0.00523594,0.00246468,0.00385893,0.00928712,0.00261609,0.0102733,0.00557656,0.00342116,0.00365842,0.00257692,0.00390002,0.00641829,0.00539255,0.00472736,0.00346532,0.00263916,0.00389067,0.00408287,0.00277559,0.00602232,0.0117303,0.0112058,0.00379057,0.00741581,0.0203352,0.00791327,0.00667937,0.00288589,0.00396108,0.00173037,0.00191523,0.000691319,0.000350583,0.000404967,0.000706449,0.00125759,0.000772285
50,0.00545545,0.0051258,0.00294051,0.00249732,0.00153472,0.00116638,0.00156812,0.0015399,0.00615113,0.00937466,0.00589631,0.00633118,0.00263007,0.00177235,0.00460801,0.00366157,0.00603744,0.00972802,0.0056181,0.0056607,0.0157198,0.00427958,0.00624106,0.00562064,0.00293755,0.00241876,0.00220992,0.00419005,0.00440367,0.00192453,0.00221759,0.00219108,0.00181573,0.00172059,0.00215606,0.00217752,0.00389101,0.00409674,0.00348551,0.0131975,0.0200791,0.0123233,0.0114593,0.00821858,0.00934257,0.0223361,0.0192955,0.018592,0.0108946,0.0375895,0.0386931,0.0195212,0.0126023,0.0107006,0.00780756,0.00669306,0.00849254,0.00639431,0.00644014,0.00495323,0.00225534,0.00234686,0.0032722,0.00222421,0.00483088,0.00548087,0.00581845,0.00354272,0.00582823,0.00521189,0.00432929,0.00445558,0.00444737,0.0038818,0.00213078,0.00358145,0.0043976,0.00498167,0.0061646,0.00543129,0.00604508,0.0100362,0.00646839,0.00536451,0.00837483,0.00560178,0.00581416,0.00543198,0.00908985,0.00777611,0.010841,0.00613359,0.00676741,0.00527674,0.00498812,0.00380585,0.00361347,0.00565297,0.0040894,0.00447387,0.00541064,0.00503247,0.00433548,0.00440078,0.00419645,0.00197693,0.00205164,0.0013035,0.00117357,0.00366319,0.00344598,0.00529789,0.00745683,0.0056658,0.00858113,0.00435254,0.00584356,0.00360798,0.00254486,0.00189883,0.00127902,0.00108591,0.0020176,0.00347671,0.00381945,0.0060226,0.00430088,0.00205134,0.00473798,0.00280917,0.00422429,0.00527646,0.00254439,0.00417942,0.00470274,0.00404806,0.00409371,0.00227784,0.00399918,0.00427178,0.00503727,0.00481282,0.00416895,0.00480677,0.00670415,0.00629879,0.00796991,0.00440883,0.00302551,0.00516366,0.00566241,0.00564546,0.00972833,0.00879276,0.0119929,0.00752001,0.0109161,0.0181863,0.00668843,0.00800458,0.00437871,0.00495792,0.00157435,0.00186759,0.00111859,0.00108893,0.00125821,0.00198819,0.0024764,0.00141894
51,0.0111814,0.0103454,0.00550759,0.00421278,0.00280077,0.00356545,0.0048899,0.00434977,0.0125867,0.0154277,0.00515682,0.00590288,0.00387069,0.00282035,0.00819526,0.00242643,0.0060036,0.00292057,0.0085322,0.0086137,0.00447212,0.00478693,0.00602694,0.00331203,0.00426969,0.00241597,0.00169269,0.00296968,0.00643651,0.00506636,0.00555737,0.00410632,0.00341775,0.00442437,0.00516672,0.00494254,0.00471619,0.0066992,0.00178091,0.00538972,0.0107882,0.00887743,0.01234,0.0116677,0.010396,0.0113866,0.00674949,0.00702391,0.00648772,0.00592893,0.0195212,0.0727031,0.0212582,0.0139322,0.0139056,0.0141853,0.0139356,0.0101508,0.00603353,0.00326539,0.0032904,0.00353537,0.00356789,0.00260835,0.00381054,0.00364133,0.00513559,0.00690961,0.00501711,0.00387854,0.00356211,0.00609475,0.00394618,0.00432826,0.00260954,0.00328111,0.00608198,0.0100459,0.0104196,0.0088822,0.00741412,0.00686109,0.00459858,0.00475609,0.00425594,0.00508699,0.00569768,0.00549542,0.00368115,0.00676059,0.00489894,0.00307473,0.00719109,0.00693572,0.00279288,0.00188745,0.0018092,0.00198655,0.00246177,0.00357671,0.00297845,0.00538834,0.00520141,0.00230139,0.00318105,0.00270079,0.00165142,0.00137196,0.002041,0.0032778,0.00519344,0.0142594,0.0149095,0.00494541,0.00786502,0.00296356,0.0039956,0.00361802,0.00330306,0.00270158,0.00221775,0.00161402,0.00191093,0.00285217,0.00642772,0.00733934,0.00318387,0.00273071,0.00375825,0.00358315,0.00475669,0.00793935,0.00315698,0.0072056,0.00787638,0.00579257,0.00436427,0.00284281,0.0026704,0.00519595,0.00812416,0.00718048,0.00457867,0.00845728,0.00589131,0.00415837,0.00709963,0.00460485,0.00343896,0.00658299,0.00407438,0.00728146,0.00656942,0.00475215,0.00489411,0.0105226,0.00458864,0.00300202,0.00339235,0.00576115,0.00360504,0.00354881,0.00107622,0.000892951,0.000767282,0.000764828,0.000799274,0.00115682,0.00116378,0.000637077
52,0.00851043,0.00694033,0.00438947,0.00441464,0.00257362,0.00339192,0.00626083,0.00694296,0.0102281,0.00958337,0.00608685,0.0042545,0.0040649,0.00258303,0.00663167,0.00432435,0.00789435,0.00412467,0.0112056,0.00628813,0.00545927,0.00622712,0.00436772,0.00402498,0.00436034,0.00270654,0.00191492,0.00356944,0.00405206,0.00247264,0.00336512,0.00388441,0.00358372,0.00413601,0.0047797,0.00459069,0.00436468,0.00593463,0.00385838,0.00542933,0.00607543,0.0066403,0.00633319,0.00787089,0.0058086,0.00696402,0.00628424,0.00724898,0.00578078,0.00644489,0.0126023,0.0212582,0.0274307,0.0160456,0.0158302,0.0121004,0.0105243,0.0123544,0.00690265,0.00410481,0.00279421,0.00288304,0.00339307,0.00336244,0.00455651,0.00471883,0.00501881,0.00908403,0.00948126,0.00525355,0.00841255,0.00675671,0.00496399,0.00641336,0.00368353,0.00688471,0.00593447,0.00880358,0.00958866,0.0101647,0.00842985,0.0108274,0.00680471,0.00626771,0.00817632,0.00741957,0.00656455,0.00512386,0.00340341,0.00741444,0.00837699,0.00414145,0.00612331,0.00704411,0.00308509,0.00279229,0.00282757,0.0023347,0.0028613,0.00427987,0.00487776,0.00926067,0.00617343,0.00322043,0.00395137,0.00298072,0.00234491,0.00177938,0.00213189,0.00293008,0.00618271,0.00728865,0.0114626,0.00929692,0.00876898,0.0059072,0.00709166,0.00621759,0.00330508,0.00269905,0.00167151,0.00128152,0.00229742,0.00318667,0.00599468,0.00557037,0.0024877,0.00424446,0.00323281,0.00618156,0.00653822,0.00742669,0.00328786,0.00542709,0.014079,0.00676234,0.00520452,0.00413774,0.00235441,0.00369565,0.00556507,0.00619956,0.00513658,0.00726065,0.00677566,0.00953941,0.00804946,0.00386945,0.00359283,0.00551681,0.00536864,0.00646031,0.0106467,0.00552594,0.00548296,0.0105561,0.00677611,0.00398443,0.00474807,0.0100704,0.00520264,0.00578947,0.00155648,0.00107713,0.000857674,0.000966659,0.00123255,0.00177148,0.00171039,0.000946095
53,0.00753349,0.00664251,0.00455195,0.00356185,0.00434102,0.00355505,0.0038396,0.00234388,0.00777172,0.00679249,0.00524812,0.00397108,0.00257543,0.00219866,0.00585441,0.00524659,0.00464694,0.0034806,0.0106074,0.00478235,0.00667168,0.00431855,0.00324378,0.00344957,0.004021,0.00285628,0.00191601,0.00364179,0.00475482,0.0020414,0.00227004,0.00269344,0.0022883,0.00210355,0.00252726,0.00276161,0.00256999,0.00447252,0.00351214,0.00528798,0.00885549,0.00609214,0.00598123,0.00582459,0.00685172,0.00624315,0.00653621,0.00617271,0.00452437,0.00863784,0.0107006,0.0139322,0.0160456,0.0343164,0.0244911,0.00635618,0.00823527,0.00733306,0.00723312,0.00467873,0.00429508,0.00415223,0.00314757,0.00428963,0.00592546,0.00472573,0.00475151,0.00570836,0.00849675,0.00430486,0.00656203,0.005325,0.00424144,0.00538979,0.00480689,0.00705422,0.00718902,0.0155969,0.00744832,0.00669693,0.00569831,0.0122652,0.0105309,0.00952969,0.00824826,0.0042029,0.00809421,0.00655435,0.00445514,0.00817123,0.0115973,0.00363735,0.00613117,0.00626903,0.00299863,0.00315342,0.00266407,0.00290714,0.00295144,0.0041031,0.00539654,0.00637947,0.00666639,0.00360432,0.00386438,0.00524439,0.00275264,0.00253251,0.00351399,0.00534067,0.00589917,0.00722444,0.00703965,0.00772016,0.015382,0.0078619,0.0081369,0.00928047,0.00339123,0.00301876,0.00184968,0.00156282,0.00238671,0.00311124,0.00523406,0.00542919,0.00291874,0.00481795,0.0041248,0.00524556,0.00885144,0.00649449,0.00331669,0.00502721,0.0112253,0.00595943,0.00527591,0.00416594,0.00316503,0.00511626,0.00567497,0.00487659,0.00515129,0.0140163,0.0116854,0.0100481,0.00680848,0.00275948,0.00276521,0.00380411,0.00430405,0.00591316,0.00699708,0.0047073,0.00557522,0.0106833,0.0095536,0.00448535,0.00706502,0.0167626,0.003836,0.00773181,0.00100078,0.00133315,0.00192519,0.00245973,0.00286416,0.00383642,0.00365225,0.00193654
54,0.00634839,0.00559964,0.00385881,0.00431873,0.00533473,0.00528147,0.00590381,0.00400956,0.0106382,0.00756287,0.00488169,0.00291232,0.00310106,0.00253186,0.00568497,0.00440081,0.0056392,0.00429152,0.010396,0.00650294,0.00589293,0.00489965,0.00421252,0.00371588,0.00442777,0.00286144,0.00174107,0.00366748,0.00539072,0.00318721,0.0039152,0.00429975,0.00392715,0.00300179,0.00294214,0.00297711,0.00249352,0.00418176,0.00318704,0.00542121,0.00838325,0.0068063,0.00660044,0.00725964,0.00702468,0.00626681,0.00501728,0.00535181,0.00478338,0.00564485,0.00780756,0.0139056,0.0158302,0.0244911,0.0314039,0.0100732,0.00772609,0.0114227,0.00950447,0.00383879,0.00340633,0.0042663,0.00268725,0.00394388,0.00463683,0.004566,0.00452659,0.0039611,0.00749353,0.00423436,0.00716827,0.00570416,0.00416706,0.0056157,0.00500509,0.00777791,0.00927471,0.0186045,0.0097627,0.00995933,0.00676275,0.00911542,0.00953374,0.00668177,0.00698599,0.00715054,0.00906965,0.00791496,0.00372309,0.0095414,0.00940684,0.00460383,0.00705792,0.00642608,0.0034401,0.00392985,0.0027068,0.00408524,0.00391011,0.00669164,0.00669642,0.00984807,0.00905768,0.00507318,0.00488888,0.0070563,0.0032197,0.0028334,0.00426235,0.0069223,0.00775293,0.00631724,0.00552376,0.00693614,0.0092969,0.00516902,0.00553179,0.00904606,0.00522501,0.00435534,0.00287463,0.00199589,0.00264769,0.00346777,0.00628721,0.0049428,0.00226443,0.00466347,0.00309469,0.00506404,0.00597732,0.00462857,0.00343984,0.00406369,0.0121889,0.0053358,0.0053187,0.00352066,0.00247936,0.00475259,0.00505914,0.00512802,0.00408041,0.011434,0.0102498,0.00752882,0.0057164,0.00328233,0.00264255,0.00335234,0.00497227,0.00598194,0.00720496,0.00419439,0.00450409,0.00825159,0.00751239,0.00457611,0.00589109,0.010724,0.00466511,0.00587115,0.0011061,0.00130123,0.00139896,0.00158143,0.00172691,0.00235874,0.00227829,0.00122153
55,0.00566024,0.00476028,0.00326848,0.00480316,0.00402744,0.00193479,0.00699528,0.00752776,0.0116754,0.00761476,0.00865358,0.00516454,0.00386971,0.00349018,0.00621098,0.00528545,0.00677655,0.00457997,0.0093982,0.0135853,0.00546088,0.00827027,0.00532422,0.00401717,0.00387659,0.00424895,0.00239995,0.00318657,0.00670359,0.00390678,0.00387161,0.00401339,0.00444126,0.00572776,0.0073916,0.00507978,0.00492267,0.0120861,0.00724448,0.00587435,0.00821781,0.00653558,0.00587009,0.00573958,0.00699732,0.00558182,0.00428562,0.00507897,0.00532542,0.0048638,0.00669306,0.0141853,0.0121004,0.00635618,0.0100732,0.0431821,0.0287618,0.0153883,0.00751032,0.00383318,0.00311842,0.00356698,0.00304254,0.00211173,0.00392741,0.0033436,0.00431068,0.00367848,0.00517777,0.00303608,0.00334569,0.00509981,0.0032046,0.00445536,0.00305929,0.00489975,0.00843488,0.0100941,0.00991542,0.0115785,0.00809374,0.0101521,0.00625043,0.00772034,0.00625179,0.00517153,0.00832365,0.00712414,0.00308379,0.0085372,0.00757478,0.00392905,0.0058352,0.00623793,0.00478357,0.00240349,0.00336503,0.00318409,0.00345428,0.00627031,0.00373189,0.0129103,0.0062126,0.00560527,0.00520558,0.0030041,0.00332084,0.00271682,0.0029109,0.00372234,0.00620095,0.00529181,0.00788964,0.00685822,0.00699118,0.00813606,0.00556407,0.00742191,0.00376321,0.00317848,0.0023852,0.00206194,0.00297274,0.00282232,0.00662452,0.00718057,0.00173652,0.00285712,0.00293434,0.00231549,0.00372314,0.00414674,0.00258257,0.00385835,0.00641067,0.00436761,0.00437248,0.00317192,0.00199383,0.00366878,0.00415228,0.00796485,0.00475192,0.00910205,0.0127825,0.00812509,0.0133359,0.00670076,0.00746645,0.00545458,0.00907637,0.0072889,0.00829899,0.0044867,0.00417515,0.00706102,0.00477371,0.00473536,0.00594996,0.00646113,0.00434199,0.00547946,0.000876941,0.000893264,0.000779959,0.000843837,0.00108774,0.00139275,0.00148028,0.000799689
56,0.00422014,0.00389368,0.0027153,0.00341667,0.00261093,0.0016058,0.00499897,0.00579651,0.01097,0.0105107,0.0101857,0.00464261,0.00457564,0.00337166,0.0122279,0.00771427,0.00739052,0.00570881,0.00974345,0.0116487,0.00754904,0.0106667,0.00582949,0.00403028,0.00369595,0.00464897,0.00316013,0.00427357,0.00816523,0.0042189,0.00359634,0.00318895,0.00312133,0.00466527,0.00619906,0.00677313,0.00593359,0.00981929,0.00521885,0.00714104,0.00780639,0.00912902,0.00568499,0.00743907,0.00572085,0.00549552,0.00700025,0.00516275,0.00611247,0.00581605,0.00849254,0.0139356,0.0105243,0.00823527,0.00772609,0.0287618,0.0352132,0.0126437,0.0097624,0.0047672,0.00277724,0.0026083,0.00317742,0.00272658,0.00416705,0.00417571,0.00439345,0.00465652,0.00621805,0.0032469,0.00386205,0.00578926,0.00597756,0.00729759,0.00333665,0.00433318,0.00618201,0.00879612,0.00598757,0.0101795,0.00933117,0.00846341,0.00608402,0.00505696,0.00525219,0.00902425,0.00790982,0.00571896,0.00337719,0.00992512,0.00692409,0.00365029,0.0068676,0.00728075,0.00448206,0.00294555,0.00306951,0.00340372,0.00437469,0.00543135,0.00547532,0.00813792,0.00607731,0.00466089,0.00462616,0.00360203,0.00278842,0.00161163,0.00181341,0.00395054,0.00555689,0.00666906,0.00812178,0.00845195,0.00770362,0.00731718,0.00701743,0.00783948,0.00426232,0.00291504,0.00157752,0.00127419,0.00210013,0.0035285,0.00537462,0.00681879,0.00276411,0.00394135,0.00425531,0.00364188,0.00657823,0.00608843,0.00260236,0.0048104,0.00619993,0.00501502,0.00363173,0.00311267,0.00291131,0.00426595,0.00557729,0.00546009,0.00579286,0.00616023,0.00770421,0.00730074,0.0138692,0.00609611,0.00685017,0.00602687,0.00636254,0.00626218,0.00846361,0.00347525,0.00362132,0.00531955,0.00507207,0.00503015,0.00665666,0.00770653,0.00545621,0.00558944,0.000817136,0.000798589,0.000632972,0.000713346,0.000914662,0.00132463,0.00136884,0.000751874
57,0.00593618,0.00514192,0.00279999,0.00112667,0.00107509,0.00095724,0.00149346,0.00238149,0.00761124,0.0119956,0.0071046,0.0054659,0.0061719,0.00368261,0.00950673,0.0119862,0.015087,0.00954332,0.00910868,0.0133447,0.00890062,0.00611268,0.00614852,0.00539321,0.00434073,0.00331578,0.00263113,0.00529087,0.00642283,0.00365899,0.00458069,0.00459073,0.00476965,0.00381679,0.00490117,0.00539338,0.00612812,0.00687356,0.00353068,0.00559478,0.00679046,0.00724571,0.0057322,0.00466458,0.0031204,0.00452101,0.00539527,0.00427495,0.00457938,0.00409415,0.00639431,0.0101508,0.0123544,0.00733306,0.0114227,0.0153883,0.0126437,0.0368719,0.010027,0.00502623,0.0032893,0.00312079,0.00248258,0.00296858,0.00406187,0.00416138,0.00475472,0.00394882,0.00712517,0.00446858,0.0072627,0.00730991,0.00694356,0.00672671,0.00242668,0.00565867,0.00763866,0.00683869,0.00597723,0.00609416,0.0080521,0.00726233,0.00828258,0.00681458,0.00910903,0.0104675,0.0118719,0.00653398,0.00528649,0.00842221,0.00872723,0.00634132,0.00733472,0.00499452,0.00526062,0.00431633,0.00575237,0.00409542,0.00595957,0.00732309,0.0080308,0.0200673,0.0107394,0.00770331,0.00469906,0.00324115,0.00263255,0.00125585,0.00171125,0.00334986,0.00569786,0.00545567,0.00366416,0.00765926,0.00771447,0.00506641,0.00361024,0.00812247,0.00530991,0.00299349,0.00184862,0.00152314,0.00262169,0.00334204,0.00559863,0.007771,0.00267518,0.00382775,0.00536198,0.00300417,0.00718852,0.00396483,0.00229801,0.00374824,0.00629582,0.00546273,0.00339433,0.00301212,0.00268849,0.00429515,0.00619606,0.00608643,0.0072127,0.00565476,0.00693548,0.00682958,0.0104762,0.00486157,0.00482296,0.00540557,0.00701832,0.0067601,0.00675229,0.00400132,0.00431657,0.00914588,0.00510291,0.00363843,0.00679338,0.00526614,0.0066522,0.00733469,0.000659949,0.000524177,0.000459875,0.000592842,0.000879731,0.00135939,0.00140929,0.000791525
58,0.00214967,0.00225655,0.00161905,0.00152597,0.00174134,0.00157825,0.00221214,0.00247477,0.00847417,0.00958598,0.00892301,0.00400748,0.00371547,0.00422077,0.00953364,0.0108588,0.00815044,0.0127129,0.00562044,0.00870691,0.00841721,0.00639193,0.00778512,0.00734023,0.00407463,0.00453683,0.00412377,0.00459292,0.00651694,0.00580519,0.00630714,0.00386558,0.00608325,0.00605286,0.00528721,0.00768033,0.00466352,0.00793271,0.00475012,0.00807482,0.00678299,0.00815462,0.00620925,0.0075786,0.00567701,0.00510816,0.00594426,0.00448969,0.0057347,0.00537602,0.00644014,0.00603353,0.00690265,0.00723312,0.00950447,0.00751032,0.0097624,0.010027,0.0238308,0.0127672,0.00622475,0.00616336,0.00518777,0.00390526,0.0112782,0.0088909,0.00612118,0.00310825,0.0107833,0.00707561,0.00482872,0.00643351,0.0107099,0.00998974,0.00456299,0.0066489,0.00885662,0.00773772,0.00370505,0.00641757,0.00531391,0.00560082,0.00650303,0.00480763,0.00597929,0.0115032,0.00701072,0.00448769,0.00619386,0.00471399,0.00461212,0.00602413,0.0059992,0.00651925,0.00573361,0.00503892,0.00434362,0.00786974,0.00568742,0.0104657,0.00694811,0.00650847,0.0070647,0.00774519,0.00493991,0.00348982,0.00245492,0.00155495,0.00173251,0.00494491,0.00610562,0.00597248,0.00528843,0.00436586,0.00462351,0.00371162,0.00270298,0.00440308,0.0084623,0.00799455,0.00295313,0.00190036,0.00517782,0.00483179,0.00704548,0.00735156,0.00502923,0.00681621,0.00761283,0.00609201,0.00941908,0.00581439,0.00251877,0.00421962,0.00439957,0.00651086,0.00445657,0.00543681,0.00468687,0.00474056,0.0070153,0.00530246,0.00513976,0.00532317,0.00378701,0.00445239,0.00614643,0.00341012,0.00572277,0.00909632,0.00892998,0.00628474,0.00512414,0.00611513,0.00626565,0.00468877,0.00617416,0.00522698,0.00480509,0.00686618,0.00594422,0.00598354,0.000509549,0.000800263,0.00106073,0.00132088,0.00133103,0.00193137,0.00180675,0.000953348
59,0.00132627,0.00119921,0.000983016,0.00174366,0.00128738,0.00134169,0.00316589,0.00437786,0.00520354,0.00493535,0.0054611,0.0108282,0.0164851,0.0128995,0.00480769,0.00376753,0.00542263,0.0157689,0.00424714,0.00270537,0.00608566,0.00375922,0.00784238,0.00865926,0.00997005,0.00397321,0.00769012,0.00895869,0.0113029,0.0152376,0.00871822,0.00499593,0.00793522,0.0118981,0.0118957,0.0162854,0.022415,0.014104,0.0164735,0.00864131,0.00475641,0.00501048,0.00658445,0.00546758,0.00564849,0.00475278,0.00404442,0.00368069,0.00465351,0.00624924,0.00495323,0.00326539,0.00410481,0.00467873,0.00383879,0.00383318,0.0047672,0.00502623,0.0127672,0.0346634,0.0179727,0.0102153,0.0179656,0.0258965,0.0280686,0.0126548,0.00951329,0.00271154,0.00784985,0.00894298,0.00479003,0.00609342,0.00551875,0.0161197,0.0269615,0.00601913,0.00355778,0.00317269,0.00266868,0.002546,0.00310876,0.00350613,0.00514006,0.00254625,0.00263334,0.00244909,0.00337109,0.00375764,0.00400636,0.00282971,0.00278042,0.00391416,0.00570729,0.00304062,0.0034278,0.00514639,0.00467761,0.00800606,0.007067,0.00443466,0.00465057,0.00341322,0.00402093,0.00661115,0.0132079,0.0105763,0.00290965,0.00179098,0.00283605,0.0047093,0.00247751,0.00231416,0.00367322,0.00293579,0.00261706,0.00280149,0.00289314,0.00313325,0.00502859,0.00466738,0.0022322,0.00161216,0.00406015,0.00417816,0.00172203,0.00241974,0.00494575,0.00522807,0.00569553,0.00376658,0.00339874,0.0037495,0.00170857,0.00184577,0.00185812,0.00298652,0.00404297,0.00386414,0.00512466,0.00459169,0.00468171,0.00362097,0.00304447,0.00295261,0.00210545,0.00248603,0.00306434,0.00346952,0.00342834,0.0073959,0.0078656,0.00547028,0.0034829,0.00406541,0.00582067,0.00347101,0.00426317,0.00463172,0.00298068,0.00349676,0.00282347,0.00272427,0.000498643,0.000715986,0.000968455,0.00111944,0.00112387,0.00148713,0.00138216,0.000726154
60,0.00151297,0.00167089,0.00143351,0.00175334,0.00126144,0.0018079,0.0030394,0.00486452,0.00402772,0.00379989,0.00343705,0.00934658,0.0188326,0.0137538,0.0037015,0.00298174,0.00240457,0.00380566,0.00305952,0.00213443,0.00252955,0.00201689,0.00248413,0.00758813,0.0105085,0.013529,0.040543,0.025299,0.00823623,0.0311527,0.0312463,0.00672138,0.0121025,0.00577724,0.0559611,0.0442577,0.0112452,0.0103426,0.011301,0.00481565,0.00345666,0.00275037,0.00462191,0.00445765,0.00455252,0.00221634,0.00115946,0.00196492,0.00192292,0.00175255,0.00225534,0.0032904,0.00279421,0.00429508,0.00340633,0.00311842,0.00277724,0.0032893,0.00622475,0.0179727,0.077034,0.0563634,0.015729,0.0233604,0.017495,0.00672979,0.00874489,0.00322319,0.0053739,0.00569383,0.00400923,0.00249282,0.00303216,0.0106454,0.0175556,0.00482881,0.00448687,0.0041657,0.00223933,0.00175913,0.00304401,0.00367239,0.00577702,0.00280938,0.00267725,0.00151777,0.0029355,0.00306553,0.00230167,0.0026756,0.00214851,0.00140996,0.00210272,0.00186593,0.00332091,0.00464613,0.0022377,0.0025371,0.00210567,0.00291863,0.00307473,0.0017441,0.00241128,0.00320311,0.0078352,0.00683121,0.00204767,0.00177006,0.0031256,0.0039448,0.00354152,0.00404033,0.00273046,0.00348604,0.00238858,0.00388874,0.00376448,0.00274678,0.00220884,0.00283414,0.00247929,0.00147046,0.00322613,0.00242565,0.00207837,0.0020235,0.00164576,0.0023143,0.00230512,0.0016745,0.00229133,0.0014372,0.000992343,0.00143242,0.00164657,0.00187916,0.00207737,0.00177223,0.00160936,0.00262546,0.00295803,0.00291054,0.00260802,0.00231231,0.00188438,0.00163341,0.00301685,0.00314349,0.00237926,0.00232896,0.00232967,0.00231496,0.00288537,0.00261386,0.00165648,0.00242359,0.00135433,0.00110603,0.00172208,0.00233961,0.00193611,0.00187778,0.000325677,0.000514028,0.00093561,0.00115449,0.00135133,0.00153373,0.00139553,0.00073257
61,0.00169831,0.00200799,0.00170039,0.00185232,0.00120622,0.00157047,0.00301496,0.00478534,0.00505121,0.00443997,0.00372452,0.00505817,0.0166891,0.0189958,0.00352696,0.00247803,0.00217216,0.00242271,0.00274783,0.00243904,0.00229376,0.00345295,0.00219989,0.00543397,0.0105221,0.0245817,0.0507089,0.026763,0.00805412,0.0312521,0.0243398,0.00667037,0.00908752,0.00398922,0.0466071,0.0311202,0.00747327,0.00950729,0.0162375,0.00608466,0.00352395,0.00349402,0.00469083,0.00405019,0.00357179,0.00171225,0.00127753,0.00157629,0.00154565,0.00158344,0.00234686,0.00353537,0.00288304,0.00415223,0.0042663,0.00356698,0.0026083,0.00312079,0.00616336,0.0102153,0.0563634,0.0569369,0.0455198,0.0344874,0.0120659,0.00453183,0.00641288,0.00480618,0.00630484,0.00531735,0.00384345,0.00330085,0.00355801,0.00536624,0.00673811,0.00547147,0.00677409,0.00572497,0.00290061,0.00288313,0.00324129,0.00436246,0.00604369,0.00440022,0.00347748,0.00423027,0.0035431,0.00371227,0.00248533,0.00258037,0.00262325,0.00157564,0.00212257,0.00251206,0.00201698,0.00173986,0.00168063,0.00180198,0.00206604,0.002285,0.00350729,0.00261781,0.00323563,0.00326396,0.00422647,0.00342181,0.00190131,0.00180841,0.00310012,0.00494504,0.00607859,0.00613829,0.00438115,0.00339189,0.00339141,0.00456463,0.00341926,0.00229198,0.00178706,0.00240956,0.00219983,0.00114172,0.0028012,0.00226049,0.00356704,0.00292671,0.00170377,0.00210247,0.00221005,0.00155549,0.00222131,0.00227365,0.00119528,0.00231556,0.00236383,0.00230148,0.00248507,0.00206237,0.00179068,0.00262063,0.00417922,0.00447976,0.00383821,0.00315149,0.00311514,0.00241449,0.00271097,0.00285004,0.00207164,0.00273558,0.00218138,0.00200691,0.00341995,0.00244807,0.00178596,0.0023976,0.0016552,0.0016498,0.00223368,0.0026516,0.00256766,0.00218099,0.000307383,0.00037619,0.000597493,0.000754363,0.000995509,0.00106891,0.00100559,0.000535579
62,0.00130235,0.00141832,0.00124862,0.0021286,0.00177607,0.00152305,0.00319854,0.00326827,0.00376313,0.00307569,0.00355376,0.00637783,0.00408928,0.00766798,0.00356346,0.00250876,0.00296431,0.00594722,0.00253095,0.0021309,0.00290424,0.00247707,0.00380333,0.00392546,0.00345778,0.00456793,0.00510547,0.00356736,0.00404881,0.00390361,0.00282885,0.00117271,0.00204284,0.00276014,0.00549396,0.00612069,0.0188627,0.0147819,0.0191311,0.0075393,0.00264563,0.00313233,0.00422114,0.00345838,0.00260963,0.00224832,0.00193801,0.00215602,0.00205028,0.00295544,0.0032722,0.00356789,0.00339307,0.00314757,0.00268725,0.00304254,0.00317742,0.00248258,0.00518777,0.0179656,0.015729,0.0455198,0.200591,0.127138,0.0176224,0.00711171,0.0082674,0.006897,0.0104556,0.0062642,0.0054165,0.00546761,0.00467136,0.00476633,0.0044095,0.00738062,0.00601194,0.00350337,0.00328618,0.00287771,0.00320927,0.00354077,0.00405228,0.00383127,0.00367694,0.00203016,0.00218739,0.00313855,0.00268118,0.002132,0.00216154,0.00181599,0.00302876,0.00305457,0.00483864,0.00685151,0.00420514,0.00386075,0.00331551,0.00382217,0.00416704,0.00340365,0.00385369,0.00384149,0.00371026,0.00278008,0.00208088,0.00177116,0.00307424,0.00598517,0.00587791,0.00545104,0.0045063,0.00272304,0.00357885,0.00241108,0.00199773,0.00218367,0.00225755,0.00267104,0.000971506,0.000665143,0.00205837,0.00233792,0.00190275,0.0021825,0.00251041,0.00273029,0.00245397,0.00195047,0.0022204,0.00257705,0.00184956,0.00225854,0.00258025,0.00224634,0.00297418,0.00263849,0.00257098,0.00253405,0.00380894,0.00488455,0.00374923,0.00298835,0.00272059,0.00301384,0.00275833,0.00250912,0.00319689,0.00406286,0.00358758,0.00262234,0.00318735,0.00258466,0.00280925,0.00247594,0.00230883,0.00250875,0.00231968,0.00290369,0.00255522,0.00227551,0.000393785,0.000384304,0.00029665,0.000298642,0.000442024,0.000440917,0.000439157,0.000240106
63,0.00130018,0.00121237,0.000876898,0.00148436,0.00136088,0.00183977,0.00315104,0.00348987,0.00425583,0.00345754,0.0038265,0.00961916,0.00462672,0.00758927,0.00394697,0.00326171,0.00267275,0.00227645,0.00302253,0.00257743,0.00267574,0.00306092,0.00211416,0.00745563,0.00899659,0.00359534,0.00631109,0.00462454,0.00601482,0.00468727,0.00362733,0.00163264,0.00254604,0.00231026,0.00575547,0.00680786,0.0141794,0.0101522,0.0130424,0.00557351,0.00274658,0.0023893,0.00397397,0.00274126,0.00190903,0.00160248,0.00165315,0.0020608,0.00199144,0.00181771,0.00222421,0.00260835,0.00336244,0.00428963,0.00394388,0.00211173,0.00272658,0.00296858,0.00390526,0.0258965,0.0233604,0.0344874,0.127138,0.102453,0.0295222,0.00515244,0.0106171,0.00663876,0.00936102,0.0113596,0.00671011,0.00532432,0.0057092,0.0204939,0.0349203,0.00981568,0.00703839,0.00585488,0.00389363,0.00252247,0.00320725,0.00342329,0.00534536,0.00421852,0.00308045,0.00381634,0.00318823,0.00337471,0.00295071,0.00331275,0.00260586,0.0018792,0.00287075,0.00305034,0.00297935,0.00340125,0.00238877,0.00448042,0.00356774,0.00316603,0.00543311,0.00304825,0.00413788,0.00458652,0.015717,0.0132885,0.00238926,0.00203059,0.00443383,0.00643011,0.00610968,0.00594261,0.0048087,0.00472997,0.00326853,0.00401923,0.00401563,0.00265098,0.00170267,0.0018509,0.000898018,0.000826543,0.0020813,0.00267221,0.0031883,0.00262039,0.00175009,0.00233787,0.00220254,0.00198197,0.00244073,0.00200415,0.00174423,0.00207358,0.00427318,0.00257458,0.00256149,0.00206795,0.00172174,0.00206503,0.0028189,0.00373865,0.00396834,0.00356435,0.00353078,0.00308992,0.00351581,0.00278301,0.00242034,0.00227231,0.00234747,0.00228773,0.0034129,0.00340104,0.00227391,0.00303771,0.0023208,0.00191212,0.00272861,0.00261745,0.00277742,0.00258211,0.000425932,0.000512033,0.000552857,0.000659946,0.000814888,0.000945315,0.000907667,0.00048475
64,0.00151103,0.00142683,0.000894755,0.00115765,0.00139677,0.00179096,0.00260604,0.00278234,0.00584934,0.00403584,0.00486956,0.0104268,0.00460905,0.00831137,0.00604765,0.00445522,0.00527653,0.0153984,0.00474714,0.00352589,0.00577012,0.00483172,0.00823345,0.0110268,0.0120883,0.00505078,0.0071597,0.00567493,0.00759302,0.00455612,0.00427838,0.00235423,0.00339595,0.00440824,0.00583371,0.00646964,0.00502142,0.00503696,0.00611295,0.00667713,0.00548732,0.0045404,0.00503195,0.00391774,0.00417343,0.00424913,0.0027429,0.00346152,0.0032331,0.00436213,0.00483088,0.00381054,0.00455651,0.00592546,0.00463683,0.00392741,0.00416705,0.00406187,0.0112782,0.0280686,0.017495,0.0120659,0.0176224,0.0295222,0.035975,0.0154265,0.0126816,0.00999772,0.0117141,0.0102867,0.00746556,0.00677974,0.00643789,0.0205617,0.0328095,0.00769636,0.00701001,0.0080324,0.00434887,0.00383276,0.00480242,0.00537855,0.00740541,0.00409223,0.00378782,0.0046037,0.00438044,0.00443867,0.00419768,0.0036323,0.00373895,0.00361385,0.00559785,0.00364561,0.00504706,0.00747206,0.0061048,0.0057702,0.00575281,0.00499069,0.0073444,0.00588942,0.00579592,0.00714858,0.0149555,0.0136665,0.0028862,0.00190174,0.00379136,0.00486738,0.00551578,0.00588741,0.00674907,0.00560713,0.00383405,0.00647414,0.00546422,0.00340225,0.00399009,0.00342294,0.0013462,0.00127673,0.00381664,0.00482738,0.00420069,0.00404425,0.00331457,0.00293166,0.00313278,0.0025691,0.00310773,0.00379638,0.00261313,0.00330534,0.00410865,0.00411949,0.00391063,0.00310758,0.00260344,0.00378211,0.00484013,0.00408703,0.00470049,0.00380289,0.00320016,0.00468572,0.00500517,0.00378679,0.0044022,0.00906103,0.0083317,0.00578118,0.00450113,0.00454078,0.00554084,0.00403944,0.0037118,0.00309714,0.0037688,0.00419087,0.00398244,0.00288413,0.000524224,0.000672445,0.000820615,0.00106833,0.00127366,0.00155373,0.00147948,0.000786178
65,0.00225492,0.00180727,0.000948618,0.000894531,0.00132601,0.00150991,0.00153552,0.000988855,0.0049717,0.00528317,0.00769781,0.0184391,0.00589333,0.00833208,0.00641069,0.00573202,0.00542989,0.0157712,0.00539773,0.00311769,0.007808,0.00512335,0.00569001,0.0044142,0.0036212,0.00248492,0.00299473,0.00318786,0.00372008,0.00282721,0.00186179,0.0012908,0.00147393,0.00338385,0.00396829,0.0035019,0.00225297,0.003929,0.00218743,0.00589153,0.00647765,0.00485829,0.00627866,0.00919785,0.0130564,0.00892307,0.00614463,0.0026292,0.00776014,0.00962757,0.00548087,0.00364133,0.00471883,0.00472573,0.004566,0.0033436,0.00417571,0.00416138,0.0088909,0.0126548,0.00672979,0.00453183,0.00711171,0.00515244,0.0154265,0.0480406,0.0320643,0.0217188,0.0106629,0.0136574,0.019399,0.0148566,0.00952429,0.00685221,0.00563403,0.00742909,0.00731229,0.0057726,0.00415415,0.00380013,0.00548294,0.00401086,0.0025474,0.00394564,0.00284222,0.00518504,0.00344561,0.00394749,0.0061724,0.00449906,0.00364522,0.00347062,0.00746304,0.00503988,0.0096714,0.0141301,0.01212,0.0115229,0.0165643,0.00982328,0.0113088,0.00766302,0.0101556,0.0171604,0.00937215,0.0047025,0.00239454,0.00141486,0.00151894,0.00579777,0.00508586,0.00447858,0.00595853,0.00453687,0.00304069,0.00373738,0.00214828,0.00370272,0.00420319,0.00288992,0.000867434,0.000706436,0.00204367,0.00375804,0.00452473,0.00451889,0.00652207,0.00499102,0.00474628,0.00410747,0.00450408,0.00585099,0.00328755,0.00566691,0.00717065,0.00480752,0.00443908,0.00383053,0.00687089,0.00450155,0.00420396,0.00419114,0.00341426,0.00289985,0.003289,0.00361515,0.00328138,0.00867801,0.00872709,0.00715385,0.00679092,0.00437092,0.00293377,0.00713891,0.00566211,0.00344051,0.00383388,0.00675816,0.00454332,0.00395767,0.00408429,0.00305655,0.00051876,0.00045058,0.000232313,0.000252754,0.000338094,0.000443675,0.000465408,0.000259486
66,0.00245018,0.00234738,0.0015189,0.00126378,0.00163907,0.00208772,0.00258971,0.00180997,0.00513939,0.00542504,0.00554327,0.0215209,0.00596414,0.0091066,0.00450592,0.00434634,0.0039915,0.00687692,0.00341273,0.00388929,0.0052629,0.00459826,0.00255171,0.00839562,0.00714924,0.00259229,0.00279524,0.00319897,0.00698123,0.0025842,0.00231219,0.00140517,0.00173921,0.00307253,0.00299742,0.00420998,0.0026373,0.00498331,0.00311343,0.00772519,0.00573552,0.00612762,0.012018,0.0108974,0.0114233,0.00791338,0.00643422,0.00260084,0.0085053,0.0109508,0.00581845,0.00513559,0.00501881,0.00475151,0.00452659,0.00431068,0.00439345,0.00475472,0.00612118,0.00951329,0.00874489,0.00641288,0.0082674,0.0106171,0.0126816,0.0320643,0.0351721,0.00986266,0.00820226,0.0120096,0.0141912,0.00725804,0.00641327,0.0105893,0.0140477,0.00669344,0.00743303,0.00456641,0.00387299,0.00348076,0.00503874,0.0043176,0.00379653,0.00447808,0.00439876,0.00498498,0.00366811,0.00412579,0.00592151,0.00504698,0.00349844,0.00382608,0.00539153,0.0052968,0.0171858,0.025021,0.012952,0.013594,0.0144523,0.0124912,0.0101256,0.00556904,0.00695933,0.0130908,0.0129821,0.00600473,0.00317792,0.00229703,0.00284399,0.00924278,0.00569554,0.00624435,0.00582291,0.00408458,0.00423159,0.00294807,0.00269053,0.00352102,0.00461679,0.00428721,0.00111285,0.000778816,0.00273984,0.00363426,0.0049782,0.00499355,0.00629965,0.00501326,0.00538522,0.00374156,0.00433051,0.00491444,0.00354475,0.004518,0.0044534,0.00495515,0.00508558,0.00464947,0.0080211,0.00445434,0.00427671,0.00540226,0.00363474,0.00385985,0.00391603,0.00343928,0.00393738,0.00622928,0.00697013,0.00354495,0.00307998,0.00258422,0.00452407,0.00844611,0.00385364,0.00381491,0.00304597,0.0070285,0.00503383,0.0040813,0.00331642,0.00327071,0.000517913,0.000461171,0.000298422,0.0003585,0.000534094,0.000672437,0.000691845,0.000383303
67,0.00738538,0.00583612,0.00255374,0.000666095,0.000784258,0.000957511,0.000988447,0.00083558,0.00381424,0.00381386,0.00705314,0.00366571,0.00195261,0.00214072,0.00392331,0.00414574,0.00520947,0.00323694,0.00611325,0.00703277,0.00434102,0.00404979,0.00411684,0.00232115,0.00242102,0.00198542,0.00158695,0.0018706,0.00244199,0.00169475,0.00133125,0.00102722,0.00106088,0.00118893,0.00173419,0.00167227,0.00168563,0.00309245,0.00175444,0.0030747,0.00438766,0.00346857,0.00523991,0.00528459,0.00305989,0.00417948,0.00374576,0.00156689,0.00297687,0.00284374,0.00354272,0.00690961,0.00908403,0.00570836,0.0039611,0.00367848,0.00465652,0.00394882,0.00310825,0.00271154,0.00322319,0.00480618,0.006897,0.00663876,0.00999772,0.0217188,0.00986266,0.0966134,0.0109887,0.0255362,0.0190344,0.0113578,0.00990769,0.00856127,0.00444177,0.0119394,0.0125455,0.0114304,0.00539823,0.00837409,0.0134853,0.00785795,0.00286873,0.00461894,0.00319218,0.00293705,0.00443739,0.00696747,0.00568425,0.00374586,0.00355662,0.00601235,0.00708004,0.011282,0.0116058,0.00541321,0.0192269,0.00417095,0.0114246,0.00606573,0.0293517,0.0187662,0.0192428,0.0132482,0.0184515,0.0103943,0.00359524,0.0015872,0.0034684,0.00618213,0.00697785,0.00739058,0.0117746,0.0102172,0.00543629,0.00382215,0.00455932,0.00308644,0.00281222,0.00187467,0.000718478,0.000660559,0.00177459,0.00327251,0.00698904,0.00312821,0.00402886,0.00411013,0.0030005,0.00408969,0.00497494,0.00631778,0.00391486,0.00681372,0.00938378,0.0050723,0.00373709,0.00400384,0.00370349,0.00266478,0.00436706,0.0047253,0.00491292,0.00673747,0.00392925,0.00324032,0.00388231,0.00366492,0.00244528,0.00386961,0.00241825,0.00246572,0.00360162,0.00453402,0.00216316,0.00631108,0.00367894,0.00401795,0.00352839,0.00364555,0.00748303,0.00511615,0.000580103,0.000443376,0.0001824,0.000194199,0.00035817,0.000503484,0.000555037,0.000317345
68,0.00308876,0.00265234,0.00138862,0.000566745,0.000812781,0.000928205,0.00109316,0.00124764,0.00616047,0.0068517,0.00668376,0.00312787,0.00274567,0.00249856,0.00606435,0.00756533,0.00714672,0.00902744,0.00713732,0.00760676,0.00772758,0.00616927,0.00735391,0.00305392,0.00374572,0.00258171,0.0028861,0.00380211,0.00273813,0.00239324,0.00215143,0.00120024,0.00194549,0.00235334,0.00232809,0.00242985,0.00275376,0.00417044,0.00266477,0.00453187,0.00569808,0.00498001,0.00316306,0.00400514,0.00291389,0.00414315,0.00544842,0.00243129,0.00312687,0.00348364,0.00582823,0.00501711,0.00948126,0.00849675,0.00749353,0.00517777,0.00621805,0.00712517,0.0107833,0.00784985,0.0053739,0.00630484,0.0104556,0.00936102,0.0117141,0.0106629,0.00820226,0.0109887,0.0306429,0.00979791,0.0201277,0.0111979,0.0172875,0.0141806,0.00525226,0.010422,0.00753407,0.00808026,0.00813561,0.00536724,0.00804303,0.00520347,0.00677182,0.00705522,0.00449237,0.00443951,0.00497122,0.00454912,0.00434647,0.00542656,0.00577082,0.00423738,0.00616149,0.00987678,0.00492116,0.00532505,0.00540292,0.0062372,0.00751577,0.00851603,0.0104105,0.00848294,0.00988084,0.00796292,0.00470812,0.00467522,0.00280959,0.0016719,0.00228077,0.00483722,0.00739774,0.00744951,0.0077864,0.0113257,0.0055885,0.00690778,0.00481578,0.00368586,0.00357137,0.00172606,0.000825227,0.000985315,0.00245134,0.00323086,0.00748244,0.00759609,0.00321145,0.00777269,0.00452955,0.0106837,0.016242,0.00771265,0.00615559,0.00995079,0.0182915,0.0131555,0.00499137,0.00571009,0.00291084,0.0054657,0.00737564,0.00627715,0.00723564,0.00640118,0.00642622,0.0055906,0.00654164,0.00479311,0.0023719,0.00627905,0.00530369,0.00659133,0.00710329,0.00374286,0.00466305,0.00589877,0.00702669,0.00523987,0.00743498,0.00550581,0.00737761,0.00536472,0.000479355,0.000463389,0.000405945,0.000580983,0.000794182,0.00109653,0.00110621,0.000606676
69,0.00292487,0.00222159,0.00110063,0.0011393,0.00145373,0.00169352,0.00220353,0.00169303,0.00435707,0.00544837,0.00639622,0.00996196,0.00389811,0.00426249,0.0047417,0.00808095,0.00535898,0.00529339,0.00458353,0.00607343,0.00513995,0.0047445,0.00557783,0.00971042,0.00718132,0.00289794,0.00294436,0.00301199,0.00601193,0.00165793,0.00191212,0.00123784,0.00145052,0.00242847,0.00183302,0.00249312,0.00253033,0.00316969,0.00212115,0.00545648,0.006915,0.00665403,0.00870569,0.00756818,0.00503377,0.00553175,0.00471399,0.00246685,0.00367841,0.00536209,0.00521189,0.00387854,0.00525355,0.00430486,0.00423436,0.00303608,0.0032469,0.00446858,0.00707561,0.00894298,0.00569383,0.00531735,0.0062642,0.0113596,0.0102867,0.0136574,0.0120096,0.0255362,0.00979791,0.0365026,0.0115631,0.00878245,0.0125374,0.0115246,0.0131709,0.0122127,0.00794162,0.00636065,0.00370813,0.00493414,0.00508062,0.0043449,0.00403158,0.00392367,0.00261599,0.00672742,0.00438829,0.0063121,0.01157,0.0040833,0.00304966,0.00870007,0.00502537,0.00795343,0.00801542,0.00730007,0.00786932,0.0262648,0.0183302,0.00666862,0.0140343,0.00866413,0.00932992,0.0210236,0.0224874,0.00660926,0.00364384,0.00284182,0.00290937,0.00977482,0.0072853,0.00638654,0.00553137,0.00497516,0.00345116,0.0034557,0.00335414,0.00245381,0.00400467,0.00181324,0.000869133,0.000927177,0.0027822,0.00693759,0.00672955,0.00517614,0.00474868,0.00485509,0.0037132,0.00602501,0.00665758,0.0046235,0.00478719,0.00625183,0.00779679,0.00569209,0.00413981,0.00314905,0.00416632,0.00386948,0.00427885,0.0055107,0.00751539,0.00578614,0.00304596,0.00269558,0.00417598,0.00627339,0.00498548,0.00388244,0.00368439,0.00306913,0.00437468,0.00929147,0.00841997,0.00579524,0.00548985,0.00534141,0.0057803,0.00394166,0.00456123,0.00515543,0.000602846,0.000671766,0.000417528,0.000447597,0.000583712,0.000816897,0.000885507,0.00049593
70,0.00298924,0.00238852,0.00127219,0.00121758,0.00194113,0.00202565,0.00172592,0.0013463,0.00469237,0.00489731,0.00789021,0.0081699,0.00331897,0.00403861,0.0047512,0.00919082,0.00925947,0.00529181,0.00636975,0.00639753,0.00812942,0.00488087,0.00489216,0.00341629,0.00284456,0.00221764,0.00188552,0.0028374,0.0031208,0.00154751,0.00149716,0.00108067,0.00141156,0.00198422,0.00208914,0.00230711,0.00247744,0.00365108,0.00204238,0.00464577,0.00597733,0.00682656,0.00533444,0.00707231,0.00590793,0.00736526,0.00548147,0.00201339,0.00428532,0.00472137,0.00432929,0.00356211,0.00841255,0.00656203,0.00716827,0.00334569,0.00386205,0.0072627,0.00482872,0.00479003,0.00400923,0.00384345,0.0054165,0.00671011,0.00746556,0.019399,0.0141912,0.0190344,0.0201277,0.0115631,0.0290532,0.0180638,0.0147909,0.0103014,0.00776578,0.0158218,0.0107608,0.00787852,0.00743164,0.00531999,0.00842434,0.00333726,0.00361346,0.00587891,0.0027297,0.00273913,0.00342069,0.00482354,0.00939487,0.00544953,0.00469701,0.00870553,0.00657772,0.00821236,0.0112868,0.00976877,0.0124897,0.00836051,0.0115376,0.00704668,0.0140904,0.00859749,0.0116784,0.0125325,0.00783898,0.00918992,0.00346539,0.00234928,0.00344997,0.00875104,0.00856557,0.00655883,0.00790589,0.00961397,0.00464632,0.00497977,0.0028025,0.0031487,0.0038757,0.00186231,0.0010062,0.000984722,0.00257604,0.00535178,0.00416708,0.0030232,0.00440908,0.00559129,0.00354988,0.00789384,0.00839314,0.00699505,0.00631518,0.00541501,0.0156682,0.00901207,0.0048757,0.00477493,0.00431599,0.00439493,0.00590894,0.00515379,0.00578322,0.00417855,0.00536869,0.00427197,0.00463002,0.00637108,0.00510069,0.00372223,0.00332786,0.00399519,0.00589523,0.00491625,0.0042027,0.00428787,0.00729649,0.00797811,0.00667712,0.00403709,0.00798148,0.00537137,0.000756901,0.000738669,0.00034362,0.000334945,0.000460702,0.000586011,0.000653851,0.00036888
71,0.00237018,0.00207002,0.00138102,0.00172723,0.00196169,0.00129455,0.00261515,0.00362834,0.00564222,0.00808206,0.018202,0.0048725,0.00308378,0.00496483,0.00621853,0.0150614,0.00868355,0.00373323,0.00384214,0.00644329,0.00543667,0.00533818,0.00703527,0.00244444,0.00257202,0.00256253,0.00231264,0.0026963,0.00236985,0.00175314,0.00145675,0.00104121,0.00155606,0.00228457,0.00236073,0.00299899,0.00242416,0.00384757,0.00279168,0.00397025,0.00460357,0.00430085,0.00394509,0.0050828,0.00395398,0.00455304,0.00528055,0.00243729,0.00382202,0.00293641,0.00445558,0.00609475,0.00675671,0.005325,0.00570416,0.00509981,0.00578926,0.00730991,0.00643351,0.00609342,0.00249282,0.00330085,0.00546761,0.00532432,0.00677974,0.0148566,0.00725804,0.0113578,0.0111979,0.00878245,0.0180638,0.0472593,0.018778,0.0103484,0.0050817,0.0176607,0.0120572,0.00765083,0.00568777,0.00586378,0.00637166,0.00417484,0.00328287,0.00537836,0.00309773,0.00330848,0.00404791,0.00479364,0.00400297,0.00435723,0.00500463,0.00596845,0.00758784,0.00700859,0.00833824,0.00606268,0.00966327,0.00631363,0.00846368,0.00523854,0.00744343,0.00716115,0.0107172,0.015332,0.0056197,0.00628751,0.00264558,0.00142096,0.00213512,0.00734043,0.0105327,0.00587791,0.00841269,0.00682861,0.00596937,0.00648821,0.00425831,0.00294754,0.00265859,0.00169192,0.000963429,0.000871389,0.00173375,0.00284108,0.00642151,0.00678593,0.00290838,0.0102125,0.00540997,0.0109645,0.0164938,0.0128672,0.00353188,0.0198461,0.0153195,0.00930675,0.00522818,0.00592584,0.00313131,0.00702653,0.00597944,0.00877791,0.0101597,0.00484435,0.00423399,0.00482667,0.00468701,0.00507464,0.00346947,0.00511415,0.00561368,0.00417035,0.0050588,0.00354466,0.00381031,0.00554672,0.00489869,0.00760906,0.00445313,0.00540523,0.00960252,0.00587313,0.000668285,0.000579367,0.000354332,0.00045112,0.000586508,0.000834535,0.000883785,0.000486924
72,0.00178907,0.00177829,0.00122717,0.00136404,0.00218834,0.00148642,0.00232623,0.00298857,0.00444038,0.0108563,0.0129424,0.00414284,0.00374577,0.0042437,0.0071643,0.0113959,0.0113492,0.00609116,0.00336439,0.0074534,0.00702196,0.0058659,0.00743986,0.00295901,0.00294774,0.00272469,0.00235898,0.00283511,0.00218804,0.00211971,0.0020273,0.00111644,0.00184111,0.00314219,0.00227013,0.00284062,0.00277661,0.00485606,0.00189836,0.00374249,0.00808628,0.00552505,0.00505616,0.00557342,0.00328769,0.00420896,0.00709092,0.00251404,0.00457239,0.00282651,0.00444737,0.00394618,0.00496399,0.00424144,0.00416706,0.0032046,0.00597756,0.00694356,0.0107099,0.00551875,0.00303216,0.00355801,0.00467136,0.0057092,0.00643789,0.00952429,0.00641327,0.00990769,0.0172875,0.0125374,0.0147909,0.018778,0.037391,0.0136313,0.00752758,0.0127159,0.0115584,0.00906006,0.00569209,0.00390544,0.00599093,0.00383329,0.00393436,0.00474442,0.00366476,0.00324366,0.00343054,0.00483172,0.00656417,0.00411539,0.00568267,0.00967169,0.00908241,0.0112149,0.00805744,0.00617866,0.00715254,0.0129381,0.00992125,0.0163464,0.0146057,0.00865839,0.0126551,0.011665,0.00725218,0.0062748,0.00291229,0.00142697,0.00187366,0.0102674,0.0100144,0.00628103,0.0094558,0.00847183,0.00490131,0.0063153,0.00498051,0.00303461,0.00304856,0.00209696,0.000843338,0.000836283,0.00223175,0.00336939,0.00449494,0.00423589,0.0031533,0.00569759,0.00351342,0.00604289,0.00999586,0.00662809,0.00329177,0.00872814,0.00940021,0.00706996,0.00479088,0.00457928,0.00290164,0.00488087,0.00658254,0.00802546,0.00759311,0.00441346,0.00494119,0.00498195,0.00590182,0.00495437,0.00318703,0.00598539,0.00466116,0.00455661,0.00574762,0.00436746,0.00570803,0.00768682,0.00971812,0.00809856,0.00587817,0.00490491,0.0113231,0.00869123,0.000544024,0.000711588,0.000301865,0.000431769,0.000508818,0.00070206,0.000718831,0.000394895
73,0.00254836,0.00206938,0.00136061,0.00237471,0.00390095,0.00453331,0.00524371,0.0036758,0.00524614,0.00606803,0.00796664,0.00743675,0.00312438,0.00502975,0.00732197,0.0104772,0.00678473,0.0035685,0.00332425,0.00841727,0.00526139,0.0035635,0.00376796,0.0109336,0.014685,0.00381655,0.00498304,0.00451854,0.00754282,0.00244145,0.00245504,0.00125603,0.00260041,0.00296566,0.00213162,0.00392309,0.00380538,0.00399259,0.00439005,0.00587428,0.00523747,0.00705552,0.00911065,0.00786311,0.00399615,0.00425246,0.00560651,0.00271753,0.00478226,0.00363849,0.0038818,0.00432826,0.00641336,0.00538979,0.0056157,0.00445536,0.00729759,0.00672671,0.00998974,0.0161197,0.0106454,0.00536624,0.00476633,0.0204939,0.0205617,0.00685221,0.0105893,0.00856127,0.0141806,0.0115246,0.0103014,0.0103484,0.0136313,0.0309458,0.0334427,0.0106354,0.00713092,0.00622218,0.00498609,0.00494843,0.00498688,0.00377196,0.0045354,0.0034183,0.00302097,0.00516714,0.00461096,0.00487242,0.00620597,0.00456184,0.003947,0.00756647,0.00488753,0.00760875,0.00769789,0.00336746,0.00555838,0.00408341,0.00564932,0.00867466,0.00848437,0.00692717,0.00756044,0.00754681,0.0160691,0.0148579,0.00295894,0.00196753,0.00389251,0.00873642,0.00619035,0.00535864,0.00517973,0.00579721,0.00530246,0.0051947,0.00274333,0.00282832,0.00349715,0.00183246,0.000973486,0.000837615,0.00219868,0.0053428,0.00482492,0.00637351,0.00288766,0.0068084,0.00402352,0.00926921,0.0124339,0.00570403,0.00456656,0.00781615,0.00940256,0.00757777,0.00472018,0.0046273,0.00305101,0.00455008,0.00584616,0.00593763,0.00704136,0.0043187,0.00300241,0.00361936,0.00522319,0.0048153,0.00433231,0.00302518,0.00333346,0.00282066,0.00389288,0.00398316,0.00297462,0.00476752,0.00449498,0.00588837,0.00347614,0.00319593,0.00479667,0.00393245,0.000744622,0.00067327,0.000319984,0.000329348,0.000427459,0.000609552,0.000690419,0.000386546
74,0.00454898,0.00230132,0.00305585,0.0137371,0.0144255,0.0142753,0.0183361,0.0165433,0.00314186,0.00287582,0.00409034,0.0128525,0.00263876,0.00740984,0.00275902,0.00277352,0.00254387,0.00240254,0.00175063,0.0027403,0.00216112,0.0024185,0.00280182,0.0160228,0.0205744,0.00351369,0.00561912,0.00493186,0.009624,0.00141359,0.00211031,0.00130311,0.00206973,0.00256693,0.00188091,0.00384568,0.00413293,0.00359895,0.00582939,0.00508615,0.0026925,0.00400712,0.00926064,0.00484647,0.00306089,0.00258993,0.00285423,0.00235841,0.00338382,0.00286085,0.00213078,0.00260954,0.00368353,0.00480689,0.00500509,0.00305929,0.00333665,0.00242668,0.00456299,0.0269615,0.0175556,0.00673811,0.0044095,0.0349203,0.0328095,0.00563403,0.0140477,0.00444177,0.00525226,0.0131709,0.00776578,0.0050817,0.00752758,0.0334427,0.0813887,0.0174895,0.00731025,0.0045554,0.00303107,0.00192288,0.00219438,0.00281623,0.00336057,0.00192674,0.00216583,0.00265265,0.00203232,0.00250473,0.00240927,0.00251717,0.00188203,0.00242958,0.0026822,0.00335033,0.00620087,0.00803032,0.00455696,0.0079924,0.00537083,0.00519008,0.00564997,0.00261107,0.00491439,0.00519545,0.0319286,0.0516457,0.00540872,0.00619611,0.0123476,0.0237726,0.0039536,0.00384188,0.00258866,0.00291842,0.00246551,0.00263489,0.00163792,0.00144199,0.00169902,0.00155705,0.000597346,0.00053245,0.00144189,0.00169517,0.00177752,0.00195461,0.00276253,0.00319901,0.00264776,0.00239427,0.00282646,0.00199812,0.00145647,0.00185467,0.0025795,0.002297,0.00270839,0.0029295,0.00397005,0.00236615,0.00196221,0.00269759,0.00299981,0.00293981,0.00202922,0.0022434,0.00254031,0.00298799,0.00293417,0.00220416,0.00189346,0.00162334,0.00219679,0.0042769,0.00260602,0.00239917,0.00241657,0.00325282,0.00234278,0.00244269,0.00292795,0.0038254,0.00230258,0.00271064,0.000821232,0.000615295,0.000681064,0.000822367,0.00123572,0.000704596
75,0.00361665,0.00224026,0.00209825,0.00772195,0.0081906,0.00555402,0.0106157,0.00970934,0.00542316,0.00457438,0.0085286,0.00464818,0.00255783,0.00310778,0.00478371,0.0109333,0.00942792,0.00599865,0.00651978,0.00702721,0.00726405,0.00535811,0.0082376,0.00352891,0.00354506,0.0033123,0.00266226,0.00332319,0.00364568,0.00234891,0.00186675,0.00111908,0.0020076,0.0023038,0.0018774,0.00320697,0.00287337,0.00403888,0.00310752,0.00419898,0.00472608,0.0060528,0.00412997,0.00399529,0.00250619,0.00519557,0.00435143,0.00253779,0.00364593,0.00303391,0.00358145,0.00328111,0.00688471,0.00705422,0.00777791,0.00489975,0.00433318,0.00565867,0.0066489,0.00601913,0.00482881,0.00547147,0.00738062,0.00981568,0.00769636,0.00742909,0.00669344,0.0119394,0.010422,0.0122127,0.0158218,0.0176607,0.0127159,0.0106354,0.0174895,0.0243879,0.0150039,0.00927484,0.00636619,0.00589975,0.00796963,0.00611599,0.00557204,0.00436016,0.00425912,0.00317306,0.00352014,0.00644978,0.00903261,0.00469817,0.0035682,0.00679621,0.006193,0.00724866,0.00769206,0.00777196,0.00833563,0.0112236,0.00783109,0.00630803,0.00798882,0.00716545,0.00902347,0.010688,0.0101942,0.0150028,0.0041176,0.00410536,0.00632867,0.0137192,0.0113511,0.00791341,0.00636,0.00608509,0.00551056,0.00509322,0.00359841,0.00326252,0.00324435,0.00241057,0.0010867,0.00115656,0.00294966,0.00404951,0.0043766,0.00446336,0.00304814,0.00578688,0.00340889,0.0063407,0.00607753,0.00411946,0.0035686,0.00417554,0.01043,0.00511017,0.00419224,0.00397881,0.00320818,0.00333042,0.00487414,0.00730549,0.00884673,0.00654224,0.00425513,0.00352115,0.0051003,0.00658666,0.00395135,0.00518257,0.00512996,0.00576506,0.00650258,0.00505106,0.00421974,0.00546998,0.00576788,0.00718225,0.00562074,0.00391072,0.00935397,0.00699833,0.00116427,0.00118087,0.000832437,0.000884123,0.00109717,0.00108777,0.00125662,0.000655806
76,0.00250804,0.00233366,0.00192847,0.00279663,0.00476561,0.00622445,0.00464788,0.00238022,0.0107063,0.00801228,0.0078837,0.00311029,0.00228144,0.00251356,0.00654615,0.0106872,0.00952509,0.00636804,0.00605243,0.00814141,0.00632019,0.0076772,0.00721882,0.00325668,0.00288717,0.00321491,0.00242079,0.00325124,0.00423236,0.00268276,0.0023724,0.00176655,0.00210614,0.00225765,0.00213092,0.0023387,0.00251818,0.00485342,0.0030999,0.00456463,0.00606341,0.00524953,0.00338753,0.00425825,0.00385639,0.00424512,0.00358851,0.00343938,0.00300118,0.00203113,0.0043976,0.00608198,0.00593447,0.00718902,0.00927471,0.00843488,0.00618201,0.00763866,0.00885662,0.00355778,0.00448687,0.00677409,0.00601194,0.00703839,0.00701001,0.00731229,0.00743303,0.0125455,0.00753407,0.00794162,0.0107608,0.0120572,0.0115584,0.00713092,0.00731025,0.0150039,0.0242328,0.0146116,0.00710671,0.00752622,0.0105434,0.00792816,0.00776653,0.00889086,0.00507812,0.00851329,0.00745026,0.00838342,0.00562019,0.00633624,0.00578646,0.00603931,0.00689208,0.00632923,0.00835366,0.00450504,0.00782166,0.00589253,0.00582634,0.00789483,0.00841801,0.00892796,0.00770381,0.0102355,0.00679188,0.0107302,0.0034857,0.00290534,0.0052005,0.0108919,0.0109599,0.00937851,0.00826636,0.00658572,0.00838169,0.00790651,0.00653314,0.00458016,0.00387895,0.00348978,0.00137645,0.00130847,0.00296211,0.00347458,0.00951893,0.00683785,0.00272879,0.00349118,0.00378865,0.00250652,0.00457863,0.00338498,0.00272738,0.00352205,0.00474486,0.0062776,0.00365992,0.00403998,0.00273372,0.00330009,0.00550188,0.00743206,0.00690929,0.00684682,0.0066614,0.00412784,0.00756175,0.0082108,0.00577331,0.00631154,0.00541332,0.00688659,0.00791974,0.00461806,0.00397576,0.00720747,0.00517902,0.00608278,0.00618845,0.00497065,0.010597,0.00852088,0.00223583,0.00237762,0.00179976,0.00144847,0.0014094,0.00176934,0.00211619,0.00124288
77,0.00464371,0.00391823,0.0022071,0.0019301,0.00200152,0.00109861,0.00256372,0.00262135,0.0111598,0.00755403,0.00601369,0.00387613,0.00295477,0.00279882,0.00753849,0.00720066,0.0069774,0.00454594,0.00811824,0.0085065,0.00421352,0.00776404,0.00479595,0.00324134,0.00369018,0.00289299,0.00208168,0.003186,0.00454797,0.00174533,0.00195062,0.00197358,0.00160556,0.00147707,0.00177511,0.00176493,0.00195743,0.00401535,0.00247979,0.00400079,0.00759073,0.00397335,0.00383281,0.00400405,0.0034584,0.0030014,0.00334451,0.00347932,0.00312441,0.00291669,0.00498167,0.0100459,0.00880358,0.0155969,0.0186045,0.0100941,0.00879612,0.00683869,0.00773772,0.00317269,0.0041657,0.00572497,0.00350337,0.00585488,0.0080324,0.0057726,0.00456641,0.0114304,0.00808026,0.00636065,0.00787852,0.00765083,0.00906006,0.00622218,0.0045554,0.00927484,0.0146116,0.025791,0.0147798,0.0107714,0.00997241,0.00937003,0.00936353,0.00573158,0.00557712,0.00613718,0.00632831,0.0089479,0.00374871,0.00662193,0.00638626,0.00469373,0.00698829,0.00750528,0.00511464,0.00370925,0.00486738,0.00454748,0.00445361,0.00756773,0.00789683,0.0102525,0.00897216,0.00689386,0.00598379,0.00444773,0.00285756,0.00208963,0.00323637,0.00531914,0.0108199,0.0117642,0.0119424,0.0108848,0.00869743,0.00824561,0.00724759,0.00571456,0.00310224,0.00277296,0.00144394,0.00134928,0.00266831,0.00355668,0.00767715,0.00594056,0.00300782,0.00486297,0.00303998,0.0048699,0.00455359,0.00485742,0.0035826,0.00518019,0.0103868,0.00504916,0.00506926,0.00355523,0.00252327,0.0049806,0.00770651,0.0077478,0.00764485,0.0131832,0.00885651,0.00507999,0.00861272,0.00661585,0.00522677,0.00539648,0.00601921,0.00673896,0.00825884,0.00549859,0.00488628,0.0109027,0.00707513,0.00429539,0.00781702,0.0106737,0.00818502,0.00694077,0.00130077,0.00186043,0.00191413,0.0017927,0.00191142,0.00228202,0.00242431,0.00135054
78,0.00375831,0.00304208,0.00185754,0.0020201,0.00127017,0.00113277,0.00327315,0.0038658,0.0111039,0.00676953,0.00513301,0.00396425,0.00359974,0.00295938,0.00847407,0.00509989,0.00577779,0.00452664,0.00887079,0.0103239,0.0042523,0.00792691,0.00710832,0.00360419,0.00411107,0.00274871,0.00219147,0.00278144,0.00292699,0.0015994,0.00165242,0.00171709,0.00203267,0.00185891,0.00152171,0.00140198,0.00176952,0.00324607,0.00240206,0.00340715,0.0053693,0.00369191,0.00311831,0.00483422,0.00330108,0.0045997,0.00347219,0.00346792,0.00295161,0.0037371,0.0061646,0.0104196,0.00958866,0.00744832,0.0097627,0.00991542,0.00598757,0.00597723,0.00370505,0.00266868,0.00223933,0.00290061,0.00328618,0.00389363,0.00434887,0.00415415,0.00387299,0.00539823,0.00813561,0.00370813,0.00743164,0.00568777,0.00569209,0.00498609,0.00303107,0.00636619,0.00710671,0.0147798,0.0343547,0.0191564,0.0103143,0.00778248,0.0121633,0.00954742,0.00683352,0.00600635,0.00757,0.00833791,0.00402913,0.00680791,0.00844174,0.00351947,0.00621542,0.00872626,0.00396453,0.00346751,0.00340409,0.00377019,0.00466409,0.00560836,0.00715363,0.00803961,0.00625016,0.00479698,0.00457645,0.00391554,0.00301206,0.00182929,0.00247212,0.00384416,0.00818712,0.0157126,0.01047,0.0173107,0.00953702,0.0135481,0.00755457,0.00868724,0.0039857,0.00339476,0.00156072,0.0012624,0.00286826,0.00396039,0.00707785,0.0073402,0.00302866,0.00640953,0.00395137,0.00537404,0.00700041,0.00431871,0.00563515,0.00418534,0.00982977,0.00478289,0.00664491,0.00405668,0.00367493,0.00709723,0.00728273,0.0094549,0.00695445,0.0110809,0.0129359,0.0065141,0.0101025,0.00728231,0.00454181,0.0063345,0.00838756,0.00786292,0.0112635,0.00857959,0.00724712,0.0142222,0.0100328,0.00411151,0.00964732,0.0177972,0.00788789,0.00513933,0.0011614,0.00121541,0.00121513,0.00130826,0.00149847,0.00219041,0.0022165,0.00122548
79,0.00319756,0.00281049,0.00159624,0.00117436,0.00118374,0.000776986,0.00166896,0.00184651,0.0137557,0.0110129,0.00925228,0.00467187,0.00437855,0.00296577,0.0090581,0.00592494,0.00570434,0.00513358,0.0100755,0.00876171,0.00478584,0.0100719,0.00824182,0.00374695,0.00394659,0.00265809,0.00194092,0.00306625,0.00371223,0.00235074,0.0025015,0.00261713,0.00240154,0.00211375,0.00236764,0.00238609,0.00171458,0.00432448,0.0035538,0.0054595,0.00577242,0.00676051,0.00333589,0.00848212,0.00284285,0.00610672,0.0036801,0.00337902,0.00341808,0.00233773,0.00543129,0.0088822,0.0101647,0.00669693,0.00995933,0.0115785,0.0101795,0.00609416,0.00641757,0.002546,0.00175913,0.00288313,0.00287771,0.00252247,0.00383276,0.00380013,0.00348076,0.00837409,0.00536724,0.00493414,0.00531999,0.00586378,0.00390544,0.00494843,0.00192288,0.00589975,0.00752622,0.0107714,0.0191564,0.0290894,0.0102178,0.00999269,0.00901534,0.00670272,0.00527204,0.00751718,0.00816808,0.00933781,0.00564411,0.00768583,0.00708145,0.00458822,0.00711975,0.0069373,0.00546149,0.00378391,0.00495902,0.0044762,0.00530133,0.0057293,0.00596102,0.00845483,0.0062634,0.00652983,0.00454401,0.00403213,0.00291503,0.00200157,0.00256929,0.00350443,0.0100519,0.0154306,0.0089098,0.0116388,0.00747204,0.0080906,0.00529814,0.00732053,0.0043875,0.00311184,0.00182744,0.00151743,0.00288083,0.00397933,0.00747249,0.00712053,0.00277829,0.00470131,0.00352077,0.0047291,0.00478207,0.0066896,0.00369701,0.00551397,0.00661072,0.0044466,0.00493199,0.00291259,0.00293751,0.00550372,0.00734732,0.00864324,0.00732948,0.00923393,0.00981685,0.00503367,0.00888669,0.00765617,0.00359331,0.00976314,0.0102757,0.0072588,0.0129134,0.0136199,0.0106081,0.0163742,0.0100134,0.00543195,0.0065253,0.0149797,0.00799908,0.00699045,0.00106719,0.00114962,0.00111491,0.00114928,0.00123286,0.00185974,0.00187412,0.00101428
80,0.00439549,0.00383175,0.00217641,0.00104674,0.000901714,0.000713144,0.00124353,0.00158651,0.0083957,0.00654996,0.00778917,0.00471201,0.00387774,0.00267259,0.00924587,0.00615957,0.00699811,0.00653563,0.00974087,0.00893697,0.00727211,0.0121369,0.00701839,0.00380193,0.00315701,0.00328729,0.00281147,0.00434349,0.00578427,0.00335162,0.00277461,0.00251161,0.00227853,0.00217358,0.00238489,0.00286849,0.00272092,0.00354643,0.00215448,0.00390731,0.00422884,0.00469807,0.00387434,0.00358825,0.00312235,0.00508389,0.00510718,0.00308146,0.0031093,0.00487215,0.00604508,0.00741412,0.00842985,0.00569831,0.00676275,0.00809374,0.00933117,0.0080521,0.00531391,0.00310876,0.00304401,0.00324129,0.00320927,0.00320725,0.00480242,0.00548294,0.00503874,0.0134853,0.00804303,0.00508062,0.00842434,0.00637166,0.00599093,0.00498688,0.00219438,0.00796963,0.0105434,0.00997241,0.0103143,0.0102178,0.0230221,0.012316,0.00878626,0.00868496,0.0074397,0.0068654,0.00884307,0.0102363,0.00652127,0.0108202,0.0116067,0.00651991,0.00959081,0.0119832,0.00594226,0.00631521,0.00693281,0.00625087,0.00616704,0.00508645,0.00754097,0.0090965,0.00666242,0.00687743,0.00503811,0.00484635,0.00230586,0.00139611,0.00233406,0.00417038,0.00825399,0.0110169,0.0107115,0.0108874,0.0104941,0.00764783,0.00828651,0.00963365,0.00429704,0.00250637,0.00149657,0.00158217,0.0032516,0.00440368,0.00784923,0.00443126,0.00302276,0.00349761,0.00247992,0.00395446,0.00631869,0.00633931,0.00360306,0.00448655,0.00632162,0.00597456,0.00374592,0.00407662,0.00253398,0.00451234,0.00779727,0.006294,0.00549892,0.00911977,0.00806587,0.0128433,0.00887539,0.00581443,0.00420458,0.00646081,0.00691838,0.00981409,0.0098851,0.0052677,0.00443545,0.00671828,0.00760649,0.00608509,0.0150157,0.0102936,0.011639,0.00734826,0.000992966,0.000949269,0.000735997,0.000749357,0.000892505,0.00132372,0.00135919,0.00074864
81,0.00445307,0.00418709,0.00253938,0.000981544,0.00083673,0.000731738,0.000804094,0.0012138,0.00719561,0.00778161,0.00692539,0.00646386,0.00460918,0.00276458,0.00660376,0.00599883,0.00915965,0.00596576,0.00761715,0.00712444,0.00533274,0.00552777,0.00337814,0.00462824,0.00342225,0.00332654,0.00316776,0.00548042,0.0060598,0.00308411,0.00350671,0.00424077,0.00287296,0.00229703,0.00309556,0.00403622,0.00315664,0.00477044,0.00367056,0.00464818,0.00587358,0.0060018,0.00467439,0.00379849,0.0052783,0.00539278,0.00564232,0.00557117,0.0035871,0.00740938,0.0100362,0.00686109,0.0108274,0.0122652,0.00911542,0.0101521,0.00846341,0.00726233,0.00560082,0.00350613,0.00367239,0.00436246,0.00354077,0.00342329,0.00537855,0.00401086,0.0043176,0.00785795,0.00520347,0.0043449,0.00333726,0.00417484,0.00383329,0.00377196,0.00281623,0.00611599,0.00792816,0.00937003,0.00778248,0.00999269,0.012316,0.0296423,0.0149273,0.0126124,0.0137492,0.00549164,0.00859649,0.0106893,0.0055622,0.012613,0.0155072,0.00419991,0.00784722,0.00745503,0.00359686,0.00373394,0.00330403,0.0029758,0.00408093,0.00359186,0.00608994,0.00826152,0.00529419,0.00623269,0.0047971,0.00296891,0.00322245,0.00270045,0.00264887,0.00362984,0.00921241,0.00746584,0.0115639,0.0119967,0.012492,0.00857802,0.00990369,0.0112051,0.00281635,0.00302544,0.00147354,0.00164418,0.00355043,0.00442438,0.00672631,0.00590558,0.00325921,0.00359213,0.00344475,0.00305434,0.0048785,0.00521861,0.00254169,0.00439074,0.00503986,0.00322888,0.00431357,0.0032581,0.00293845,0.00435541,0.00628906,0.00489058,0.00742898,0.00891786,0.0117123,0.0209585,0.00997253,0.00588234,0.00460949,0.00488937,0.00577519,0.00727478,0.00970143,0.00430352,0.00680292,0.00762487,0.00757979,0.00531817,0.00775835,0.0151561,0.00521297,0.00863501,0.000944889,0.000893265,0.0011686,0.00148653,0.00190379,0.00272885,0.0026749,0.00145378
82,0.0025878,0.00301176,0.00206688,0.00127723,0.00122636,0.00114378,0.000939253,0.000940523,0.00680561,0.00673708,0.00639004,0.00505737,0.00441955,0.0038698,0.00653752,0.00777347,0.00520545,0.00460732,0.00747058,0.00486101,0.00565133,0.0047292,0.00341455,0.00387156,0.00379269,0.00306053,0.00269364,0.00396057,0.00561345,0.00252382,0.00300986,0.00439151,0.00415293,0.00347605,0.0031512,0.00261143,0.002449,0.00357057,0.00300805,0.00434193,0.00647685,0.00624027,0.00384608,0.00485954,0.00647143,0.00388485,0.00329185,0.00416512,0.00308177,0.00395453,0.00646839,0.00459858,0.00680471,0.0105309,0.00953374,0.00625043,0.00608402,0.00828258,0.00650303,0.00514006,0.00577702,0.00604369,0.00405228,0.00534536,0.00740541,0.0025474,0.00379653,0.00286873,0.00677182,0.00403158,0.00361346,0.00328287,0.00393436,0.0045354,0.00336057,0.00557204,0.00776653,0.00936353,0.0121633,0.00901534,0.00878626,0.0149273,0.0337838,0.0145605,0.0144372,0.00731395,0.0130343,0.0158983,0.00665797,0.0119485,0.015835,0.00459123,0.00702203,0.00734433,0.00484851,0.00432537,0.00302037,0.00315448,0.00378223,0.00551287,0.00693639,0.00562879,0.00470482,0.00489119,0.00395225,0.0040476,0.00579103,0.00445947,0.00475826,0.00506673,0.00748953,0.00862896,0.0073445,0.0107129,0.010803,0.0197112,0.0135228,0.0104238,0.00428229,0.00382943,0.00320079,0.00299368,0.00472727,0.00508566,0.00679184,0.00781943,0.00398273,0.00382894,0.00407266,0.00203254,0.0041562,0.00402398,0.00291917,0.00456992,0.00439614,0.00273749,0.0042456,0.00284446,0.00345922,0.00622945,0.00599102,0.00572632,0.00862908,0.00834223,0.0125535,0.0148709,0.00966673,0.00631678,0.0055522,0.00483239,0.00635971,0.00725528,0.00932501,0.00466735,0.00462144,0.00714762,0.0064426,0.00489788,0.00690325,0.0103736,0.00455473,0.00647922,0.0010463,0.00144587,0.0024317,0.003085,0.00320188,0.0046359,0.00434496,0.00229471
83,0.00264051,0.00276954,0.00179886,0.000777339,0.000844891,0.000862237,0.000918717,0.00103525,0.00729043,0.00678008,0.00681661,0.00538972,0.00505492,0.00417956,0.00878502,0.00551674,0.00586745,0.0043227,0.00711891,0.00651392,0.00642548,0.00596949,0.00363249,0.00336874,0.00281091,0.00352162,0.00262497,0.00273559,0.00406746,0.00319928,0.00303188,0.00398985,0.00434975,0.00243285,0.00192327,0.00173258,0.00214063,0.0037788,0.00267804,0.00428774,0.00400146,0.00385541,0.00284702,0.0035972,0.00435702,0.00335723,0.00403526,0.00326469,0.00269759,0.00446675,0.00536451,0.00475609,0.00626771,0.00952969,0.00668177,0.00772034,0.00505696,0.00681458,0.00480763,0.00254625,0.00280938,0.00440022,0.00383127,0.00421852,0.00409223,0.00394564,0.00447808,0.00461894,0.00705522,0.00392367,0.00587891,0.00537836,0.00474442,0.0034183,0.00192674,0.00436016,0.00889086,0.00573158,0.00954742,0.00670272,0.00868496,0.0126124,0.0145605,0.0383068,0.0155704,0.0105384,0.0131781,0.00895946,0.00473514,0.0116477,0.0116253,0.00447656,0.00722722,0.00642357,0.00344394,0.00297105,0.00386401,0.00313916,0.00468152,0.00395211,0.00645496,0.00570169,0.00448484,0.00421147,0.00358224,0.00343762,0.00279006,0.00206004,0.00299244,0.00463021,0.00571969,0.00793401,0.00902036,0.0105757,0.0173239,0.019864,0.0202005,0.0162675,0.00567589,0.00512459,0.0033096,0.00287862,0.00420105,0.0058297,0.0079335,0.0082455,0.00471388,0.00360843,0.0054509,0.00229826,0.0084243,0.00665713,0.00486515,0.0050662,0.00743599,0.00540742,0.00488534,0.00371874,0.00412158,0.00592313,0.00591808,0.00546724,0.00841095,0.00963294,0.0191233,0.0200575,0.0102946,0.00599409,0.00486477,0.006043,0.00772428,0.00841219,0.0051485,0.00513667,0.0054879,0.00697254,0.0100669,0.00582401,0.00649135,0.00701677,0.00518845,0.00996695,0.00157776,0.00161433,0.00185467,0.00196677,0.00245997,0.00310896,0.00297356,0.00161416
84,0.00258783,0.00291787,0.00196731,0.000912896,0.000726161,0.000939261,0.0009249,0.0010345,0.0050191,0.00724624,0.00670466,0.00517839,0.00477728,0.00354791,0.00596706,0.00518469,0.00742613,0.00325947,0.00891566,0.00522967,0.00714475,0.00554328,0.00266901,0.00431964,0.00437488,0.00268739,0.00254202,0.00510976,0.00580634,0.00163645,0.00250365,0.00543473,0.00519195,0.00196963,0.00153302,0.00295388,0.00344005,0.00422484,0.00302026,0.00521021,0.00555774,0.00503161,0.00423561,0.00332554,0.00679744,0.00574214,0.00447897,0.00510054,0.00375761,0.0058876,0.00837483,0.00425594,0.00817632,0.00824826,0.00698599,0.00625179,0.00525219,0.00910903,0.00597929,0.00263334,0.00267725,0.00347748,0.00367694,0.00308045,0.00378782,0.00284222,0.00439876,0.00319218,0.00449237,0.00261599,0.0027297,0.00309773,0.00366476,0.00302097,0.00216583,0.00425912,0.00507812,0.00557712,0.00683352,0.00527204,0.0074397,0.0137492,0.0144372,0.0155704,0.0396973,0.010924,0.0131849,0.00709166,0.00571863,0.0123971,0.0131998,0.00448843,0.00672947,0.00659664,0.00441412,0.00424203,0.0043818,0.00329277,0.00352946,0.00389575,0.00560582,0.00799977,0.00429321,0.00501146,0.00518377,0.00442639,0.00315294,0.00224066,0.0025546,0.00380005,0.00558264,0.00793039,0.00862419,0.00763428,0.0130405,0.0134454,0.0252257,0.0197745,0.00617604,0.0048713,0.00337284,0.00301514,0.00547552,0.00650483,0.0098955,0.010479,0.00506077,0.00504119,0.00598408,0.00345879,0.00625644,0.00414099,0.00373487,0.0046324,0.00583115,0.00374351,0.00647501,0.00407958,0.00501938,0.00715774,0.00495832,0.00586454,0.00847709,0.00767434,0.0167407,0.0235844,0.0119165,0.00509327,0.00617299,0.00489695,0.0089157,0.00907085,0.0096242,0.0042873,0.00412347,0.00821893,0.00578374,0.00400149,0.0051804,0.0100229,0.00456776,0.00620264,0.000716291,0.000817408,0.00122977,0.00183219,0.00227285,0.0032331,0.00305766,0.00164463
85,0.00150841,0.00139896,0.000859389,0.000550048,0.000706945,0.000567017,0.000736399,0.000546097,0.00789482,0.0184993,0.00941308,0.00425523,0.00385203,0.00162787,0.0113164,0.0065789,0.00635045,0.00575089,0.0074443,0.00417867,0.00447085,0.0100508,0.00282655,0.00366042,0.00208793,0.00159903,0.00129211,0.00201821,0.00252329,0.00127109,0.0013203,0.00185714,0.00224678,0.0016854,0.0013429,0.00221472,0.00178968,0.00327336,0.00237026,0.00488991,0.00352166,0.00757961,0.00288649,0.0072361,0.00259092,0.00483093,0.00484917,0.00312427,0.00377258,0.00368036,0.00560178,0.00508699,0.00741957,0.0042029,0.00715054,0.00517153,0.00902425,0.0104675,0.0115032,0.00244909,0.00151777,0.00423027,0.00203016,0.00381634,0.0046037,0.00518504,0.00498498,0.00293705,0.00443951,0.00672742,0.00273913,0.00330848,0.00324366,0.00516714,0.00265265,0.00317306,0.00851329,0.00613718,0.00600635,0.00751718,0.0068654,0.00549164,0.00731395,0.0105384,0.010924,0.0841775,0.0289113,0.00776172,0.0070371,0.0152883,0.00803148,0.0072493,0.00832354,0.00778403,0.00428188,0.00366941,0.00450445,0.00342533,0.00407299,0.00447847,0.00445214,0.00609186,0.00441993,0.00685163,0.00472205,0.00343962,0.00222786,0.0011445,0.00126324,0.00260164,0.00659677,0.00831074,0.0053391,0.00559313,0.00719472,0.0107461,0.00833303,0.0196344,0.0117907,0.00737652,0.00484156,0.00351491,0.00611491,0.0140047,0.0100215,0.0109935,0.00907238,0.00798952,0.00732833,0.00447301,0.00801587,0.00619178,0.00375076,0.00434368,0.0061967,0.00598084,0.00597856,0.0055073,0.00760702,0.00690693,0.00674754,0.00449065,0.00658455,0.00502574,0.00549401,0.00742161,0.00953093,0.00350489,0.00293127,0.00970115,0.00652661,0.00856553,0.00614826,0.00419656,0.0035224,0.005476,0.0057405,0.00490305,0.00656231,0.00782068,0.0102877,0.00555534,0.000715273,0.000701958,0.000614011,0.000719433,0.000688192,0.001116,0.00111273,0.000595631
86,0.00143724,0.00150202,0.00102003,0.000702741,0.000863406,0.000638364,0.000563668,0.000682271,0.00991894,0.00921399,0.00668167,0.0048461,0.00420436,0.00260801,0.00776139,0.00578784,0.00529589,0.00456585,0.007064,0.00609908,0.00520759,0.00642023,0.00389809,0.00361915,0.00367273,0.00298387,0.00192312,0.00331468,0.00430602,0.00176805,0.00212053,0.00313295,0.00341825,0.00234224,0.00222041,0.00249423,0.00301006,0.0043495,0.00202783,0.00316776,0.00503129,0.00498032,0.00351843,0.00431182,0.00396456,0.00509922,0.00359881,0.00330827,0.0031686,0.00346496,0.00581416,0.00569768,0.00656455,0.00809421,0.00906965,0.00832365,0.00790982,0.0118719,0.00701072,0.00337109,0.0029355,0.0035431,0.00218739,0.00318823,0.00438044,0.00344561,0.00366811,0.00443739,0.00497122,0.00438829,0.00342069,0.00404791,0.00343054,0.00461096,0.00203232,0.00352014,0.00745026,0.00632831,0.00757,0.00816808,0.00884307,0.00859649,0.0130343,0.0131781,0.0131849,0.0289113,0.0315364,0.0156652,0.00729573,0.0175481,0.015674,0.00740192,0.00974617,0.00809822,0.00480101,0.00324706,0.00517214,0.00538141,0.00516699,0.00557875,0.00563673,0.00729567,0.0065363,0.00412908,0.00488227,0.00368093,0.00358661,0.00217787,0.00222286,0.00292897,0.00601843,0.00498467,0.00652254,0.0109365,0.0140183,0.0124518,0.0102785,0.0158558,0.0092932,0.00569702,0.00304994,0.00276884,0.00615048,0.0104824,0.00907652,0.011013,0.00448067,0.0069594,0.00675289,0.00489611,0.0109116,0.00666058,0.00657668,0.00578042,0.00640004,0.00812451,0.0050191,0.00484533,0.00585327,0.0072614,0.00591926,0.004521,0.00612609,0.00684038,0.00991211,0.010345,0.0110115,0.00419278,0.00347567,0.00594078,0.0066791,0.00798198,0.00548419,0.00380621,0.00366425,0.00741422,0.00630361,0.00602148,0.00630179,0.00602087,0.00532237,0.00567244,0.000723623,0.000926736,0.00109652,0.00140882,0.00164841,0.00247158,0.00243814,0.00131827
87,0.00170949,0.00173267,0.00109862,0.000648214,0.000896039,0.000562555,0.000552219,0.000753563,0.00826492,0.00665892,0.00603945,0.00524475,0.00432506,0.00288442,0.00677547,0.00449119,0.00618849,0.00555358,0.00621252,0.00568478,0.00500775,0.00928023,0.00711809,0.00400176,0.00299808,0.00268597,0.0021112,0.00314518,0.0029653,0.00154862,0.00183224,0.00176871,0.00196642,0.00243631,0.00241903,0.00227034,0.00247409,0.0037167,0.00183465,0.00360507,0.0061934,0.005249,0.00317342,0.00343704,0.00360672,0.00517509,0.00317197,0.00296767,0.00264874,0.00367025,0.00543198,0.00549542,0.00512386,0.00655435,0.00791496,0.00712414,0.00571896,0.00653398,0.00448769,0.00375764,0.00306553,0.00371227,0.00313855,0.00337471,0.00443867,0.00394749,0.00412579,0.00696747,0.00454912,0.0063121,0.00482354,0.00479364,0.00483172,0.00487242,0.00250473,0.00644978,0.00838342,0.0089479,0.00833791,0.00933781,0.0102363,0.0106893,0.0158983,0.00895946,0.00709166,0.00776172,0.0156652,0.0279937,0.0161483,0.0160124,0.0192812,0.0134109,0.0150716,0.0125124,0.00640312,0.00685407,0.00920784,0.00836429,0.0080153,0.00735767,0.00607621,0.00740117,0.00780209,0.00553773,0.00570403,0.00451177,0.00453014,0.00279964,0.00322562,0.00448652,0.00677747,0.00730096,0.00699255,0.00751044,0.0120596,0.0111108,0.00552858,0.00902289,0.0062666,0.00286344,0.00249425,0.00237493,0.00560837,0.0120136,0.00920662,0.00672281,0.00418603,0.00417675,0.00402076,0.00784982,0.00486031,0.00807266,0.00847902,0.00604308,0.00557506,0.00812281,0.00498,0.00358058,0.00336348,0.00597696,0.00892108,0.00720106,0.00878966,0.00875829,0.00807742,0.00617258,0.00635403,0.00603202,0.00303059,0.00498627,0.00948818,0.00782832,0.00641536,0.00553494,0.00720353,0.00892005,0.00588417,0.00685736,0.0105524,0.00548331,0.00752386,0.00607128,0.000688174,0.000773774,0.00085587,0.00107324,0.00127104,0.00201747,0.00211317,0.00115698
88,0.00181536,0.00163079,0.00098715,0.000518838,0.000550233,0.000661598,0.000622842,0.000601339,0.00440937,0.00564561,0.00836172,0.00744477,0.00281827,0.00282136,0.00472415,0.00763182,0.00917938,0.0112336,0.00427366,0.00485086,0.0139303,0.00590198,0.00971686,0.00810595,0.00244411,0.00286409,0.00210743,0.00374575,0.0035431,0.00219331,0.00245132,0.00182926,0.00267216,0.00271053,0.00255914,0.00294086,0.00298123,0.00295355,0.00202344,0.00985893,0.0161951,0.0129152,0.0062574,0.00612163,0.00541716,0.0139895,0.00621476,0.00391749,0.00363983,0.00861242,0.00908985,0.00368115,0.00340341,0.00445514,0.00372309,0.00308379,0.00337719,0.00528649,0.00619386,0.00400636,0.00230167,0.00248533,0.00268118,0.00295071,0.00419768,0.0061724,0.00592151,0.00568425,0.00434647,0.01157,0.00939487,0.00400297,0.00656417,0.00620597,0.00240927,0.00903261,0.00562019,0.00374871,0.00402913,0.00564411,0.00652127,0.0055622,0.00665797,0.00473514,0.00571863,0.0070371,0.00729573,0.0161483,0.0418661,0.00980673,0.00978291,0.0244374,0.00941926,0.00974668,0.0117072,0.0148983,0.0160722,0.0137326,0.00960942,0.00800699,0.00601985,0.00537381,0.00825142,0.00735858,0.00623752,0.00418111,0.0038255,0.00198475,0.00197694,0.00504449,0.00487124,0.00478335,0.00495327,0.00359953,0.00631972,0.00511134,0.00474098,0.00552619,0.00732559,0.00280048,0.00267175,0.00241757,0.00676425,0.0199667,0.00723509,0.00389217,0.00434004,0.00312714,0.00214306,0.00345188,0.00267594,0.00585438,0.00526774,0.00301122,0.00230565,0.00455558,0.00322754,0.00308734,0.00237007,0.00513044,0.00930704,0.00712548,0.00581112,0.00519648,0.00543638,0.00425339,0.00427576,0.00621454,0.00359722,0.00572388,0.00806319,0.00876888,0.00630269,0.0118151,0.0146405,0.00667418,0.0120252,0.00970545,0.00813988,0.00518903,0.00614021,0.00535396,0.000641425,0.000629953,0.000489274,0.000480949,0.000524467,0.000764754,0.00083464,0.000471494
89,0.00397749,0.00332784,0.001814,0.000734672,0.000706516,0.000585963,0.000598899,0.000694853,0.00469533,0.00766341,0.00534543,0.00467911,0.00440708,0.00354122,0.00503393,0.00543086,0.0084193,0.00517711,0.00805477,0.00475061,0.00913371,0.00618649,0.0047612,0.00296591,0.0029283,0.00372366,0.00250375,0.00413645,0.00642103,0.00193073,0.00169161,0.00208175,0.00231751,0.00163573,0.00203947,0.00249177,0.00237537,0.00291942,0.00189914,0.00361886,0.00530453,0.00489231,0.00361477,0.00408736,0.00454485,0.00537135,0.00507668,0.00405296,0.00323266,0.00636075,0.00777611,0.00676059,0.00741444,0.00817123,0.0095414,0.0085372,0.00992512,0.00842221,0.00471399,0.00282971,0.0026756,0.00258037,0.002132,0.00331275,0.0036323,0.00449906,0.00504698,0.00374586,0.00542656,0.0040833,0.00544953,0.00435723,0.00411539,0.00456184,0.00251717,0.00469817,0.00633624,0.00662193,0.00680791,0.00768583,0.0108202,0.012613,0.0119485,0.0116477,0.0123971,0.0152883,0.0175481,0.0160124,0.00980673,0.0376222,0.0218799,0.00732947,0.0114006,0.00851008,0.00664339,0.00778811,0.00604153,0.00778504,0.00566334,0.00534072,0.00463868,0.00802161,0.00490324,0.00505438,0.00457293,0.00401266,0.00378526,0.00218476,0.00226282,0.00329814,0.00561992,0.00682592,0.00903529,0.0162455,0.0140843,0.00808276,0.0120902,0.0147202,0.00633799,0.00370505,0.00253369,0.00225524,0.00352753,0.00615475,0.00765437,0.00548656,0.0042525,0.0060831,0.00414778,0.00406118,0.00809454,0.00711652,0.00303162,0.00536716,0.00616654,0.00494132,0.006255,0.00322637,0.00491656,0.00757736,0.00676315,0.00458886,0.00617251,0.0066682,0.012407,0.0115423,0.00637916,0.00587487,0.00373083,0.0050479,0.00867647,0.00710792,0.00733703,0.0043617,0.00406472,0.00640512,0.00558715,0.00555033,0.0097249,0.00750295,0.00550499,0.0059559,0.000672006,0.000744247,0.000711661,0.000805045,0.001102,0.00163035,0.00169565,0.000950862
90,0.00402748,0.00367416,0.00227937,0.000974673,0.00093856,0.000546426,0.000553347,0.000812331,0.0056422,0.00709786,0.00835021,0.00353144,0.00384217,0.00281505,0.00415252,0.00456236,0.00813324,0.00496382,0.00592814,0.00559275,0.00603338,0.0060742,0.00476582,0.00338868,0.00298502,0.00206291,0.00214605,0.00462036,0.00403703,0.00150008,0.00183213,0.002832,0.00239122,0.00160427,0.0018357,0.00215126,0.00238945,0.00325127,0.00185445,0.00345606,0.00613959,0.00607252,0.00376975,0.00387524,0.00608696,0.00677102,0.00813152,0.00525913,0.00403436,0.0105313,0.010841,0.00489894,0.00837699,0.0115973,0.00940684,0.00757478,0.00692409,0.00872723,0.00461212,0.00278042,0.00214851,0.00262325,0.00216154,0.00260586,0.00373895,0.00364522,0.00349844,0.00355662,0.00577082,0.00304966,0.00469701,0.00500463,0.00568267,0.003947,0.00188203,0.0035682,0.00578646,0.00638626,0.00844174,0.00708145,0.0116067,0.0155072,0.015835,0.0116253,0.0131998,0.00803148,0.015674,0.0192812,0.00978291,0.0218799,0.0398093,0.00859821,0.0138924,0.00660125,0.00425024,0.00630774,0.0056325,0.00551477,0.00553169,0.00512367,0.00613728,0.00671686,0.00560977,0.00359802,0.00371835,0.00367698,0.00265229,0.00158678,0.00176683,0.00303591,0.00573555,0.00668018,0.00866833,0.0127143,0.0169614,0.0160297,0.0105682,0.00854608,0.00446553,0.00240443,0.00220113,0.00203957,0.00363155,0.00515321,0.0093533,0.00907872,0.00394337,0.00366364,0.00440183,0.00364981,0.00596575,0.00394069,0.00399854,0.0047654,0.0100405,0.00526929,0.0035568,0.00346791,0.00388098,0.00422531,0.00641094,0.00598201,0.00890438,0.00975801,0.0116109,0.0151929,0.00949578,0.00413389,0.00300706,0.00513822,0.00771667,0.00505937,0.00647251,0.00387461,0.00365668,0.0080316,0.00697963,0.00607283,0.0108884,0.00905075,0.005102,0.00633194,0.000651657,0.000763866,0.000623942,0.000824123,0.00103869,0.00179992,0.00188376,0.00104086
91,0.00112039,0.001004,0.000597783,0.000451601,0.000843344,0.000487251,0.000523508,0.000577886,0.00300796,0.00614242,0.0101286,0.00465325,0.00207707,0.00220394,0.00510374,0.00818111,0.00777426,0.00623538,0.00439612,0.00707932,0.00842988,0.00452258,0.00878646,0.00639401,0.0019599,0.00260835,0.00182606,0.00250455,0.00415708,0.00215969,0.00227945,0.00220323,0.00255232,0.00228499,0.00175175,0.00165539,0.00190483,0.00294517,0.00200259,0.00687076,0.0120998,0.0129595,0.00742208,0.00720622,0.00368538,0.00986923,0.00633974,0.00341933,0.00468213,0.00563652,0.00613359,0.00307473,0.00414145,0.00363735,0.00460383,0.00392905,0.00365029,0.00634132,0.00602413,0.00391416,0.00140996,0.00157564,0.00181599,0.0018792,0.00361385,0.00347062,0.00382608,0.00601235,0.00423738,0.00870007,0.00870553,0.00596845,0.00967169,0.00756647,0.00242958,0.00679621,0.00603931,0.00469373,0.00351947,0.00458822,0.00651991,0.00419991,0.00459123,0.00447656,0.00448843,0.0072493,0.00740192,0.0134109,0.0244374,0.00732947,0.00859821,0.0368063,0.0120764,0.0108279,0.0115133,0.0074149,0.0177017,0.00802524,0.0085273,0.0121961,0.00782514,0.00632193,0.0110623,0.00816021,0.00609194,0.00380378,0.00343336,0.00150694,0.00117779,0.00689998,0.0046654,0.00269134,0.00410805,0.00374972,0.00442817,0.00439999,0.004608,0.00512113,0.0129257,0.00277031,0.00380057,0.00331673,0.00917055,0.0286235,0.00842832,0.00514838,0.00425547,0.00380213,0.00216004,0.0149837,0.00357518,0.00520333,0.0204397,0.00526608,0.00262637,0.010581,0.00804722,0.00263873,0.00296425,0.00577776,0.00643328,0.00567065,0.0124243,0.00579968,0.00362433,0.00510116,0.00522222,0.00492233,0.0027967,0.00409857,0.00903073,0.0075654,0.00609754,0.00814736,0.00892123,0.00903142,0.0119781,0.00962821,0.00818781,0.00464068,0.0124129,0.00796423,0.000908636,0.000923382,0.000842836,0.000976436,0.000971801,0.0014454,0.00142735,0.00077515
92,0.0022806,0.00191115,0.00101857,0.00061999,0.000862378,0.000514566,0.000590173,0.000711243,0.00647969,0.0101815,0.00915068,0.00761727,0.00497581,0.00389453,0.00741397,0.00580944,0.012157,0.0107008,0.00633571,0.00718809,0.00945495,0.0112506,0.00611495,0.00374181,0.00249409,0.00263001,0.00241571,0.00385861,0.00272646,0.00236064,0.00255018,0.00217024,0.00277982,0.00216039,0.00188022,0.00199517,0.00190688,0.00456914,0.00197385,0.003635,0.00574186,0.00701252,0.00380587,0.00431309,0.0035624,0.00645175,0.0058479,0.00336123,0.00380915,0.00477982,0.00676741,0.00719109,0.00612331,0.00613117,0.00705792,0.0058352,0.0068676,0.00733472,0.0059992,0.00570729,0.00210272,0.00212257,0.00302876,0.00287075,0.00559785,0.00746304,0.00539153,0.00708004,0.00616149,0.00502537,0.00657772,0.00758784,0.00908241,0.00488753,0.0026822,0.006193,0.00689208,0.00698829,0.00621542,0.00711975,0.00959081,0.00784722,0.00702203,0.00722722,0.00672947,0.00832354,0.00974617,0.0150716,0.00941926,0.0114006,0.0138924,0.0120764,0.0207302,0.0137366,0.00874081,0.0132179,0.0120405,0.00868621,0.0109444,0.00904472,0.00737143,0.00893087,0.00853433,0.0055807,0.0048679,0.00399322,0.00293974,0.0015147,0.00186126,0.00417943,0.00591932,0.0059498,0.00812133,0.00736865,0.00819502,0.00691891,0.00633099,0.00896767,0.00657778,0.00306049,0.00267218,0.00239057,0.00454756,0.00799385,0.00700047,0.00639474,0.00465469,0.0038252,0.00367082,0.00609004,0.00439465,0.00854423,0.00627316,0.0054772,0.00648784,0.00691697,0.00492631,0.0034702,0.00312163,0.00524598,0.00922913,0.00675728,0.00830093,0.00797172,0.00695642,0.00804027,0.0066082,0.00462642,0.00315242,0.00627791,0.00936818,0.00797126,0.00581875,0.00494428,0.00659294,0.00847996,0.00898205,0.007866,0.0078631,0.00612165,0.00849497,0.00674816,0.000880074,0.00091518,0.000867515,0.000946682,0.000998783,0.00142938,0.00140854,0.000759493
93,0.00369274,0.00299797,0.00149701,0.000590332,0.000866736,0.000578699,0.00075178,0.000843981,0.0057654,0.0075483,0.00809446,0.00642227,0.00388289,0.00304431,0.00724647,0.00610607,0.00636679,0.00473592,0.00793121,0.00554277,0.00594044,0.0106867,0.00747471,0.00377233,0.00267413,0.00248569,0.0017911,0.00248209,0.00328023,0.00185713,0.00198894,0.00165527,0.00219996,0.00231082,0.00203698,0.00209711,0.00184174,0.00411409,0.00166591,0.00355602,0.00526479,0.00454225,0.00495617,0.00436037,0.00297928,0.00492183,0.00490029,0.00257156,0.00337802,0.00522944,0.00527674,0.00693572,0.00704411,0.00626903,0.00642608,0.00623793,0.00728075,0.00499452,0.00651925,0.00304062,0.00186593,0.00251206,0.00305457,0.00305034,0.00364561,0.00503988,0.0052968,0.011282,0.00987678,0.00795343,0.00821236,0.00700859,0.0112149,0.00760875,0.00335033,0.00724866,0.00632923,0.00750528,0.00872626,0.0069373,0.0119832,0.00745503,0.00734433,0.00642357,0.00659664,0.00778403,0.00809822,0.0125124,0.00974668,0.00851008,0.00660125,0.0108279,0.0137366,0.0227242,0.0103156,0.0115771,0.00873571,0.0101504,0.0097581,0.0143089,0.0096398,0.00937193,0.0097347,0.00795359,0.00771777,0.00468542,0.00399643,0.00247461,0.00283126,0.00646025,0.00832119,0.0080588,0.00871998,0.00699481,0.00797506,0.00522621,0.00522386,0.00711718,0.00523955,0.00284049,0.00190564,0.0018062,0.00390282,0.00614228,0.00750693,0.006144,0.00414672,0.00546199,0.00433958,0.00662968,0.00998645,0.0102057,0.00451839,0.00872237,0.00814658,0.00807393,0.0047533,0.00501755,0.00382996,0.00500004,0.00747411,0.00618907,0.00809213,0.0098712,0.00808646,0.00586911,0.00762013,0.0050267,0.0034201,0.00548671,0.00723469,0.00810951,0.00777518,0.00523687,0.00507263,0.00665127,0.00895482,0.0058447,0.0125874,0.00681143,0.0124357,0.00667435,0.000913185,0.000890272,0.000785825,0.000731132,0.000690552,0.00089368,0.000845289,0.000447563
94,0.00122967,0.000968233,0.000551779,0.000886383,0.00187955,0.00154046,0.00221299,0.00135613,0.00549092,0.00634793,0.00770871,0.0197023,0.00484868,0.00884264,0.0049716,0.0104339,0.00841649,0.00720151,0.00418093,0.00631611,0.00794788,0.00613089,0.00489804,0.00619169,0.00225053,0.00300985,0.00186092,0.00199484,0.0058535,0.00153327,0.00190148,0.00197794,0.00202767,0.00246719,0.00305529,0.00347666,0.00213443,0.00370805,0.00170619,0.00818288,0.00718291,0.0100634,0.0188899,0.0132363,0.00492602,0.00847086,0.0067081,0.00263579,0.00607573,0.00894783,0.00498812,0.00279288,0.00308509,0.00299863,0.0034401,0.00478357,0.00448206,0.00526062,0.00573361,0.0034278,0.00332091,0.00201698,0.00483864,0.00297935,0.00504706,0.0096714,0.0171858,0.0116058,0.00492116,0.00801542,0.0112868,0.00833824,0.00805744,0.00769789,0.00620087,0.00769206,0.00835366,0.00511464,0.00396453,0.00546149,0.00594226,0.00359686,0.00484851,0.00344394,0.00441412,0.00428188,0.00480101,0.00640312,0.0117072,0.00664339,0.00425024,0.0115133,0.00874081,0.0103156,0.0394037,0.0426753,0.0225191,0.0143665,0.0115217,0.0170207,0.0172085,0.0081079,0.00676025,0.010144,0.0133685,0.00688099,0.00656117,0.00335964,0.0027745,0.0134589,0.0071673,0.00481336,0.00441027,0.00294688,0.00354204,0.00308713,0.00299878,0.00311054,0.00344549,0.00211797,0.00147626,0.00129016,0.00285198,0.00564153,0.00501912,0.00446793,0.00489835,0.00387361,0.00451465,0.0038522,0.00366985,0.00312116,0.00316286,0.00254322,0.00283964,0.00383817,0.00403833,0.00339464,0.00377218,0.00361797,0.00371131,0.0040359,0.00476461,0.004305,0.003847,0.00333403,0.00449238,0.00599971,0.00376404,0.00430773,0.00394751,0.00458625,0.00555118,0.00648975,0.00563907,0.00488895,0.00640495,0.0106856,0.00524681,0.00274175,0.00635897,0.0049455,0.000849914,0.000917343,0.000662497,0.000689964,0.000672654,0.000921123,0.000901985,0.000483844
95,0.00137623,0.00106106,0.000653677,0.00149203,0.00309747,0.00279467,0.00385982,0.00172147,0.00289956,0.00621233,0.0111577,0.0336637,0.00757329,0.0134835,0.00511627,0.00769277,0.00884881,0.0100815,0.00280082,0.00363093,0.00950193,0.00468142,0.00644215,0.00418152,0.00194677,0.00152837,0.0013714,0.00326827,0.00322842,0.00180545,0.00170937,0.00156759,0.00228665,0.00294933,0.00358214,0.00516497,0.00203261,0.00426628,0.00105355,0.00715731,0.0053408,0.00609428,0.00703868,0.00439915,0.0032974,0.00654349,0.00451877,0.00175359,0.00385822,0.00693038,0.00380585,0.00188745,0.00279229,0.00315342,0.00392985,0.00240349,0.00294555,0.00431633,0.00503892,0.00514639,0.00464613,0.00173986,0.00685151,0.00340125,0.00747206,0.0141301,0.025021,0.00541321,0.00532505,0.00730007,0.00976877,0.00606268,0.00617866,0.00336746,0.00803032,0.00777196,0.00450504,0.00370925,0.00346751,0.00378391,0.00631521,0.00373394,0.00432537,0.00297105,0.00424203,0.00366941,0.00324706,0.00685407,0.0148983,0.00778811,0.00630774,0.0074149,0.0132179,0.0115771,0.0426753,0.0862797,0.0377509,0.0328132,0.0177461,0.0177945,0.0136235,0.00840549,0.00601016,0.00595027,0.0114916,0.00682267,0.00421143,0.0020862,0.00225219,0.00627889,0.00466326,0.00311735,0.00251402,0.00269155,0.0026453,0.0033032,0.0031066,0.00313185,0.00354139,0.00255067,0.0016718,0.00161708,0.00376115,0.00551422,0.002621,0.00259335,0.00410446,0.00424152,0.00413884,0.00303761,0.00203381,0.00203935,0.00146189,0.00178598,0.00193771,0.00258667,0.00324093,0.00352528,0.00233047,0.00231224,0.00362153,0.00364001,0.00404216,0.00269845,0.00258259,0.00416975,0.00281716,0.00428098,0.00212563,0.00399916,0.004872,0.00585732,0.00313873,0.00582216,0.00405992,0.00317736,0.00524261,0.00572454,0.00413081,0.00351239,0.00466306,0.00385796,0.0004492,0.000486683,0.000328134,0.000363044,0.000376384,0.000519904,0.000507721,0.000274503
96,0.00148138,0.00115029,0.000572354,0.000655325,0.00144295,0.00109793,0.00159855,0.000871752,0.00392434,0.0055873,0.00823696,0.0135715,0.00342643,0.00500055,0.00374037,0.00701732,0.010564,0.010356,0.00327155,0.00510507,0.00980977,0.00564316,0.00538825,0.00451646,0.00218123,0.00181675,0.00138597,0.0027973,0.00345705,0.00194286,0.00186702,0.00138389,0.00257833,0.00229347,0.00253064,0.00386831,0.00213939,0.00404504,0.00153447,0.0067317,0.00686495,0.00759359,0.00536414,0.00432318,0.00269416,0.00656834,0.00443167,0.00164595,0.00376266,0.00461778,0.00361347,0.0018092,0.00282757,0.00266407,0.0027068,0.00336503,0.00306951,0.00575237,0.00434362,0.00467761,0.0022377,0.00168063,0.00420514,0.00238877,0.0061048,0.01212,0.012952,0.0192269,0.00540292,0.00786932,0.0124897,0.00966327,0.00715254,0.00555838,0.00455696,0.00833563,0.00782166,0.00486738,0.00340409,0.00495902,0.00693281,0.00330403,0.00302037,0.00386401,0.0043818,0.00450445,0.00517214,0.00920784,0.0160722,0.00604153,0.0056325,0.0177017,0.0120405,0.00873571,0.0225191,0.0377509,0.0383369,0.0210117,0.017784,0.0122234,0.01153,0.0110498,0.0114056,0.0107634,0.00957637,0.00739827,0.00465116,0.0021878,0.00263096,0.00639359,0.005844,0.00427735,0.00396388,0.00307467,0.0033013,0.00460219,0.00415381,0.0047742,0.00840591,0.00250235,0.00286448,0.00269431,0.00686242,0.0169269,0.00581331,0.0047157,0.0055789,0.00471296,0.00306229,0.00974491,0.00371727,0.00477515,0.011786,0.00443293,0.00359607,0.00752264,0.00609397,0.00335757,0.00566485,0.00543693,0.00531522,0.00560563,0.00643785,0.0045976,0.00300306,0.0042713,0.0031927,0.00351378,0.00232228,0.00471827,0.00587265,0.00465022,0.00335727,0.00714643,0.00802517,0.00578841,0.00734722,0.00760723,0.00457256,0.00416687,0.00827058,0.0057288,0.00059632,0.000548927,0.000345209,0.000381127,0.000476033,0.00067807,0.00070815,0.000396196
97,0.00133353,0.00095775,0.000508807,0.000704815,0.00133816,0.00122924,0.0018462,0.000831586,0.00426111,0.00472252,0.00672309,0.0135505,0.00452978,0.00503992,0.00456708,0.00703041,0.00640383,0.00948833,0.00347448,0.0035747,0.00803546,0.00467506,0.00753426,0.00615523,0.00322865,0.00218999,0.00178903,0.00328693,0.00449559,0.00213826,0.0019145,0.00175372,0.0023846,0.00312037,0.00223108,0.00347851,0.00219519,0.00382281,0.00110389,0.00643485,0.00627362,0.00572984,0.00707074,0.00430617,0.00365127,0.00699691,0.00528197,0.0023362,0.00532239,0.00912735,0.00565297,0.00198655,0.0023347,0.00290714,0.00408524,0.00318409,0.00340372,0.00409542,0.00786974,0.00800606,0.0025371,0.00180198,0.00386075,0.00448042,0.0057702,0.0115229,0.013594,0.00417095,0.0062372,0.0262648,0.00836051,0.00631363,0.0129381,0.00408341,0.0079924,0.0112236,0.00589253,0.00454748,0.00377019,0.0044762,0.00625087,0.0029758,0.00315448,0.00313916,0.00329277,0.00342533,0.00538141,0.00836429,0.0137326,0.00778504,0.00551477,0.00802524,0.00868621,0.0101504,0.0143665,0.0328132,0.0210117,0.0501649,0.0287336,0.0146408,0.0106958,0.00857792,0.00816625,0.0202531,0.0213819,0.00547566,0.00469611,0.00313348,0.00231203,0.00982068,0.00544604,0.0035017,0.00380994,0.00334538,0.00392168,0.0032939,0.00283783,0.00537932,0.0051735,0.00380643,0.00223528,0.00181805,0.00399224,0.00626998,0.00314083,0.00412968,0.00804652,0.00702544,0.00444672,0.00411081,0.00351224,0.0046166,0.00297491,0.0042436,0.00277249,0.00314113,0.00468876,0.00463213,0.0119137,0.00567628,0.00395734,0.00548453,0.00477681,0.00326492,0.00272068,0.00312169,0.00286917,0.00507526,0.00278321,0.00479086,0.00588634,0.00582493,0.0034539,0.0108367,0.00677914,0.00425054,0.00617053,0.00877606,0.00715776,0.00363156,0.00540479,0.0051628,0.000638049,0.000704743,0.000378213,0.000406787,0.000442177,0.000640064,0.000671271,0.000369924
98,0.00118734,0.000934808,0.000520382,0.000503647,0.000935345,0.000950568,0.00135561,0.000929082,0.00429823,0.00592749,0.0072702,0.0107376,0.00423013,0.00413578,0.00541541,0.00755865,0.00873741,0.00904064,0.00394529,0.00531543,0.00846646,0.00562686,0.00511779,0.00550139,0.00314569,0.00228065,0.00204139,0.0033846,0.00486127,0.00259165,0.00235327,0.00209952,0.00299372,0.00268443,0.00208391,0.00302117,0.00210621,0.0042626,0.00163254,0.00636152,0.00527372,0.00647557,0.00878657,0.00777253,0.00717352,0.00672317,0.00591,0.00198583,0.00628738,0.00702544,0.0040894,0.00246177,0.0028613,0.00295144,0.00391011,0.00345428,0.00437469,0.00595957,0.00568742,0.007067,0.00210567,0.00206604,0.00331551,0.00356774,0.00575281,0.0165643,0.0144523,0.0114246,0.00751577,0.0183302,0.0115376,0.00846368,0.00992125,0.00564932,0.00537083,0.00783109,0.00582634,0.00445361,0.00466409,0.00530133,0.00616704,0.00408093,0.00378223,0.00468152,0.00352946,0.00407299,0.00516699,0.0080153,0.00960942,0.00566334,0.00553169,0.0085273,0.0109444,0.0097581,0.0115217,0.0177461,0.017784,0.0287336,0.0280296,0.0115684,0.0126169,0.00947194,0.00949489,0.0182547,0.0160422,0.00596794,0.00517363,0.00311591,0.00245536,0.00953911,0.00598126,0.00468171,0.00534899,0.00400705,0.00447857,0.00329766,0.00205378,0.00473439,0.00719028,0.0042654,0.00279572,0.00225198,0.00462984,0.007923,0.00440044,0.00506977,0.00989814,0.0077171,0.00519903,0.00643695,0.00506069,0.00606255,0.00571731,0.0058698,0.0042902,0.00489118,0.00553506,0.0052133,0.0131632,0.00702408,0.00464607,0.00487637,0.00460255,0.00345985,0.00419542,0.00338643,0.00419184,0.00648052,0.00610153,0.00477766,0.00523964,0.00456577,0.00391659,0.00930453,0.00669378,0.00401047,0.00566692,0.00847661,0.00765622,0.00317976,0.00587906,0.0043803,0.000889585,0.000860162,0.000577592,0.000535303,0.000502595,0.000703306,0.000725424,0.000392724
99,0.00267798,0.00214676,0.00105136,0.000851213,0.00211803,0.00144154,0.00169209,0.00116379,0.00763168,0.00662793,0.0060436,0.010738,0.0035588,0.00465387,0.00395628,0.00701869,0.00548919,0.0060699,0.00538885,0.00703076,0.00570063,0.00573413,0.00928866,0.00549332,0.0034416,0.00253126,0.00168307,0.0021502,0.00372032,0.00243865,0.00221632,0.0022004,0.00279098,0.00272682,0.00237274,0.00278358,0.00181199,0.00422566,0.0015398,0.00561029,0.00678198,0.00737157,0.00733848,0.00643829,0.00501761,0.00705129,0.00546399,0.00217108,0.00452423,0.00504075,0.00447387,0.00357671,0.00427987,0.0041031,0.00669164,0.00627031,0.00543135,0.00732309,0.0104657,0.00443466,0.00291863,0.002285,0.00382217,0.00316603,0.00499069,0.00982328,0.0124912,0.00606573,0.00851603,0.00666862,0.00704668,0.00523854,0.0163464,0.00867466,0.00519008,0.00630803,0.00789483,0.00756773,0.00560836,0.0057293,0.00508645,0.00359186,0.00551287,0.00395211,0.00389575,0.00447847,0.00557875,0.00735767,0.00800699,0.00534072,0.00512367,0.0121961,0.00904472,0.0143089,0.0170207,0.0177945,0.0122234,0.0146408,0.0115684,0.0327534,0.0129544,0.0136603,0.0144724,0.00940908,0.00920861,0.00552151,0.00545342,0.00329108,0.00334672,0.0100279,0.00756422,0.00570948,0.0068936,0.00431511,0.00435436,0.00361356,0.00234417,0.00435577,0.00467731,0.00372675,0.00236883,0.0017746,0.00328112,0.00490716,0.0043011,0.00545878,0.00597153,0.00595821,0.00481365,0.00484838,0.00595179,0.00395598,0.00417356,0.00359971,0.00572131,0.00488221,0.0058425,0.00481824,0.00753925,0.00474934,0.00548669,0.00706394,0.011946,0.0103238,0.00573923,0.00268733,0.00522053,0.00705732,0.00432676,0.00602,0.00703966,0.00590882,0.00554395,0.00766719,0.0053908,0.00823524,0.0108129,0.00836436,0.00587746,0.00362054,0.0117389,0.00942318,0.000938098,0.00112208,0.00088698,0.000871221,0.000745083,0.000932067,0.000854132,0.000450132
100,0.00269705,0.00220572,0.0010926,0.000756856,0.00153531,0.00124872,0.00173963,0.00126302,0.00517662,0.00546888,0.00693248,0.00684982,0.00320677,0.00372593,0.00397312,0.00835167,0.0102818,0.00534663,0.00484704,0.00811573,0.00736382,0.00473596,0.00396802,0.00393802,0.00271915,0.00291679,0.00209303,0.00192337,0.00434065,0.00163187,0.00182605,0.00215841,0.00225739,0.00217191,0.00174305,0.00187897,0.00166008,0.00320712,0.00207748,0.00598999,0.00622086,0.0069685,0.0108828,0.00879946,0.00396287,0.00609158,0.0062864,0.00282867,0.00495163,0.00675258,0.00541064,0.00297845,0.00487776,0.00539654,0.00669642,0.00373189,0.00547532,0.0080308,0.00694811,0.00465057,0.00307473,0.00350729,0.00416704,0.00543311,0.0073444,0.0113088,0.0101256,0.0293517,0.0104105,0.0140343,0.0140904,0.00744343,0.0146057,0.00848437,0.00564997,0.00798882,0.00841801,0.00789683,0.00715363,0.00596102,0.00754097,0.00608994,0.00693639,0.00645496,0.00560582,0.00445214,0.00563673,0.00607621,0.00601985,0.00463868,0.00613728,0.00782514,0.00737143,0.0096398,0.0172085,0.0136235,0.01153,0.0106958,0.0126169,0.0129544,0.0287053,0.0151704,0.0164526,0.0106688,0.0135148,0.00855159,0.00610488,0.00296473,0.00288351,0.0108314,0.0080368,0.00550173,0.0112547,0.00952594,0.00490428,0.00752599,0.00540258,0.00675265,0.00369949,0.00274467,0.00153052,0.00138056,0.00274434,0.00353273,0.00454511,0.00406418,0.00390729,0.00407174,0.00337742,0.00277442,0.00420053,0.00351544,0.00264308,0.00288361,0.00821671,0.00261642,0.00435418,0.00280225,0.00398562,0.00419072,0.0050949,0.00374778,0.00611061,0.00535041,0.0082658,0.00705849,0.00798691,0.00407432,0.00302624,0.00303517,0.00405556,0.00406696,0.00507267,0.00450627,0.0039795,0.00544761,0.00645397,0.00868783,0.00561645,0.00503561,0.00727765,0.00618952,0.000936094,0.00104418,0.000869774,0.00100726,0.000975526,0.00144344,0.00142732,0.000759835
101,0.00584557,0.00466066,0.00214976,0.000527846,0.000959247,0.000608693,0.000789015,0.00097362,0.00839862,0.0085224,0.00683338,0.00455202,0.00329845,0.00153088,0.00569184,0.0111901,0.0137892,0.00643341,0.00659239,0.0125836,0.00701014,0.00611147,0.00610382,0.00319342,0.00273702,0.00264103,0.00170347,0.00284954,0.00348785,0.00140445,0.00191235,0.00181287,0.00199321,0.00168697,0.00235594,0.00223087,0.00229714,0.00431695,0.00228895,0.00422442,0.00571517,0.00502468,0.00379829,0.00332946,0.00262973,0.00399516,0.00519071,0.00283326,0.00362702,0.00419432,0.00503247,0.00538834,0.00926067,0.00637947,0.00984807,0.0129103,0.00813792,0.0200673,0.00650847,0.00341322,0.0017441,0.00261781,0.00340365,0.00304825,0.00588942,0.00766302,0.00556904,0.0187662,0.00848294,0.00866413,0.00859749,0.00716115,0.00865839,0.00692717,0.00261107,0.00716545,0.00892796,0.0102525,0.00803961,0.00845483,0.0090965,0.00826152,0.00562879,0.00570169,0.00799977,0.00609186,0.00729567,0.00740117,0.00537381,0.00802161,0.00671686,0.00632193,0.00893087,0.00937193,0.0081079,0.00840549,0.0110498,0.00857792,0.00947194,0.0136603,0.0151704,0.0307709,0.017281,0.00934275,0.0094654,0.00466403,0.00426685,0.00312799,0.00305326,0.00403859,0.00842584,0.00739296,0.00950434,0.00788381,0.00760343,0.008976,0.0071199,0.00611601,0.00326344,0.00198332,0.00128849,0.00119317,0.00240676,0.00352983,0.00528155,0.00512368,0.00311797,0.00443862,0.0033165,0.00420643,0.00682164,0.00501473,0.00415104,0.0044135,0.00944319,0.00503888,0.00452766,0.00369843,0.00254815,0.00427465,0.00633871,0.00853756,0.00621329,0.00991375,0.00944516,0.00652658,0.0078139,0.00450987,0.00370918,0.00362319,0.00575957,0.0055689,0.00610506,0.00473729,0.00383515,0.00960314,0.00509631,0.00538605,0.00624794,0.00897704,0.00645271,0.00767699,0.000664638,0.000475853,0.00034338,0.000389183,0.000750309,0.000862547,0.000930054,0.000513379
102,0.00349355,0.00286019,0.0014519,0.00136839,0.00254032,0.00220178,0.00196711,0.00111307,0.00642928,0.00593562,0.00723495,0.00392563,0.00259409,0.00201799,0.00558047,0.010778,0.00967387,0.00591257,0.00613415,0.0086537,0.00783746,0.00605733,0.00629311,0.00342139,0.00243158,0.00262216,0.00209259,0.00272565,0.00318986,0.00214646,0.00188006,0.00122775,0.00198449,0.00227725,0.00223108,0.00250204,0.00204971,0.00387006,0.00201488,0.00421893,0.00684808,0.00690178,0.00407888,0.00498716,0.00372243,0.00611453,0.00459763,0.00244489,0.00361997,0.0029053,0.00433548,0.00520141,0.00617343,0.00666639,0.00905768,0.0062126,0.00607731,0.0107394,0.0070647,0.00402093,0.00241128,0.00323563,0.00385369,0.00413788,0.00579592,0.0101556,0.00695933,0.0192428,0.00988084,0.00932992,0.0116784,0.0107172,0.0126551,0.00756044,0.00491439,0.00902347,0.00770381,0.00897216,0.00625016,0.0062634,0.00666242,0.00529419,0.00470482,0.00448484,0.00429321,0.00441993,0.0065363,0.00780209,0.00825142,0.00490324,0.00560977,0.0110623,0.00853433,0.0097347,0.00676025,0.00601016,0.0114056,0.00816625,0.00949489,0.0144724,0.0164526,0.017281,0.0209837,0.00903385,0.00872506,0.00781665,0.00413167,0.00313554,0.0036377,0.00769327,0.00785651,0.00702976,0.0106618,0.00743847,0.00532315,0.00678727,0.00493492,0.00573155,0.00545925,0.00240463,0.00163187,0.00151413,0.00354192,0.00738009,0.00662604,0.00582908,0.00349604,0.00632709,0.00380597,0.00809056,0.0074698,0.00578351,0.00630892,0.00761952,0.0116882,0.00631202,0.00516089,0.00349475,0.00371585,0.00472309,0.00571092,0.00760533,0.00935369,0.00848413,0.00704899,0.00553705,0.00582908,0.00477734,0.00342011,0.00427277,0.00586338,0.00445354,0.00597571,0.00525339,0.00432223,0.00938625,0.00815597,0.00808592,0.00577639,0.00797481,0.00856023,0.00755415,0.00076543,0.00084588,0.000716899,0.000850222,0.00103395,0.0012987,0.00129942,0.000695344
103,0.00146117,0.00133745,0.000824628,0.000629775,0.00100264,0.000952988,0.00125021,0.000885822,0.00481991,0.00548442,0.00677007,0.0101414,0.00421155,0.00434535,0.00642892,0.0113444,0.00725162,0.00770268,0.00463881,0.00676421,0.00617881,0.00535552,0.00423983,0.00617982,0.00249695,0.00240063,0.00208113,0.00269973,0.00459712,0.0021104,0.00183391,0.00165184,0.00186241,0.00264614,0.00216948,0.00255432,0.00189887,0.00355579,0.00212076,0.00559337,0.00643708,0.00603103,0.00683073,0.00726147,0.00822441,0.00617296,0.00461861,0.00272354,0.00512263,0.00547189,0.00440078,0.00230139,0.00322043,0.00360432,0.00507318,0.00560527,0.00466089,0.00770331,0.00774519,0.00661115,0.00320311,0.00326396,0.00384149,0.00458652,0.00714858,0.0171604,0.0130908,0.0132482,0.00796292,0.0210236,0.0125325,0.015332,0.011665,0.00754681,0.00519545,0.010688,0.0102355,0.00689386,0.00479698,0.00652983,0.00687743,0.00623269,0.00489119,0.00421147,0.00501146,0.00685163,0.00412908,0.00553773,0.00735858,0.00505438,0.00359802,0.00816021,0.0055807,0.00795359,0.010144,0.00595027,0.0107634,0.0202531,0.0182547,0.00940908,0.0106688,0.00934275,0.00903385,0.0257255,0.0151941,0.00595991,0.00441488,0.00301959,0.00335169,0.00904493,0.00924432,0.00627286,0.00527588,0.00440728,0.00414817,0.00504011,0.00354988,0.00362439,0.00477686,0.0030748,0.00137244,0.00128366,0.00313323,0.00594132,0.00651715,0.0069892,0.00600491,0.00778598,0.0049834,0.00728559,0.00839693,0.00656709,0.00417792,0.0102979,0.00746003,0.00494828,0.00456397,0.00414867,0.00751011,0.00587444,0.00385776,0.00644115,0.00796999,0.00457643,0.00388684,0.0034156,0.00561239,0.00756366,0.00775431,0.004639,0.00529232,0.00390792,0.0053213,0.00839167,0.00686665,0.00529718,0.0045649,0.00587284,0.00644745,0.00527955,0.00784467,0.00651212,0.000766343,0.000767028,0.000836112,0.000957958,0.00100059,0.00139643,0.00135767,0.000726056
104,0.00271487,0.00209424,0.00111002,0.00218265,0.00354032,0.00381385,0.00305403,0.00226945,0.00476363,0.00413813,0.00540527,0.0113801,0.0035171,0.00555696,0.00381592,0.00459619,0.00380138,0.00439002,0.00383896,0.00417485,0.0039801,0.00377239,0.00359617,0.0100565,0.0102079,0.00290747,0.00328283,0.00329093,0.00781247,0.0016784,0.00221728,0.00213949,0.00216945,0.00238158,0.00187608,0.00273011,0.00266676,0.00372915,0.00338668,0.00592766,0.00470992,0.00621208,0.0130013,0.00836949,0.00528273,0.00488472,0.00457756,0.00266504,0.00512879,0.0064865,0.00419645,0.00318105,0.00395137,0.00386438,0.00488888,0.00520558,0.00462616,0.00469906,0.00493991,0.0132079,0.0078352,0.00422647,0.00371026,0.015717,0.0149555,0.00937215,0.0129821,0.0184515,0.00470812,0.0224874,0.00783898,0.0056197,0.00725218,0.0160691,0.0319286,0.0101942,0.00679188,0.00598379,0.00457645,0.00454401,0.00503811,0.0047971,0.00395225,0.00358224,0.00518377,0.00472205,0.00488227,0.00570403,0.00623752,0.00457293,0.00371835,0.00609194,0.0048679,0.00771777,0.0133685,0.0114916,0.00957637,0.0213819,0.0160422,0.00920861,0.0135148,0.0094654,0.00872506,0.0151941,0.0294831,0.0215391,0.00728275,0.0068767,0.0077884,0.0163181,0.00552989,0.00583005,0.00620013,0.00399045,0.00514982,0.00500628,0.00379552,0.00377553,0.00400157,0.00300604,0.00180652,0.00137226,0.0026822,0.00484846,0.00389267,0.00408284,0.00539596,0.0045334,0.00314671,0.00330889,0.0029934,0.00364777,0.00422978,0.00334979,0.00365674,0.00299011,0.00360338,0.00384257,0.00679089,0.0037223,0.00299555,0.00360055,0.00423584,0.00422925,0.00352326,0.00348073,0.00387392,0.00539787,0.00491456,0.00335953,0.00335835,0.00335435,0.0044302,0.00627946,0.00459138,0.00485216,0.00372297,0.00715347,0.00549579,0.00421672,0.00361778,0.00410528,0.00102858,0.00128558,0.000696253,0.000712706,0.00112245,0.000898143,0.00110425,0.00056527
105,0.00343487,0.00221733,0.0014613,0.00975304,0.0184995,0.017986,0.010677,0.00344259,0.00385938,0.00340861,0.00367085,0.00439186,0.00150637,0.00319423,0.00241464,0.00322573,0.00331785,0.0029513,0.00290188,0.00239425,0.00284012,0.00348342,0.00233626,0.00607512,0.00734864,0.00198003,0.00237736,0.00220991,0.00453707,0.0017153,0.0020638,0.00195703,0.00270255,0.00254129,0.00167849,0.00276377,0.00246763,0.00257314,0.00320957,0.00331513,0.00239435,0.00504728,0.00447083,0.00318944,0.00349927,0.00345956,0.00252241,0.00239435,0.00266131,0.00204557,0.00197693,0.00270079,0.00298072,0.00524439,0.0070563,0.0030041,0.00360203,0.00324115,0.00348982,0.0105763,0.00683121,0.00342181,0.00278008,0.0132885,0.0136665,0.0047025,0.00600473,0.0103943,0.00467522,0.00660926,0.00918992,0.00628751,0.0062748,0.0148579,0.0516457,0.0150028,0.0107302,0.00444773,0.00391554,0.00403213,0.00484635,0.00296891,0.0040476,0.00343762,0.00442639,0.00343962,0.00368093,0.00451177,0.00418111,0.00401266,0.00367698,0.00380378,0.00399322,0.00468542,0.00688099,0.00682267,0.00739827,0.00547566,0.00596794,0.00552151,0.00855159,0.00466403,0.00781665,0.00595991,0.0215391,0.0717385,0.0614531,0.0172212,0.0479731,0.0381279,0.00534975,0.00463172,0.00448509,0.00410915,0.00366493,0.00408058,0.00371169,0.00481476,0.0043322,0.00438723,0.00212872,0.00158865,0.00354868,0.00344975,0.00313967,0.00311883,0.0028016,0.00308196,0.00273061,0.00181329,0.002976,0.00221743,0.00230253,0.00220222,0.00282292,0.00214194,0.00383606,0.00373211,0.00299195,0.00324242,0.00282717,0.00263178,0.00327189,0.00205797,0.00320357,0.00333756,0.00408319,0.00248035,0.00269433,0.00255783,0.00303755,0.00310244,0.00264711,0.00252427,0.00204482,0.00279319,0.00322698,0.00362454,0.00270843,0.00298181,0.00500232,0.00540577,0.00201197,0.00363382,0.00130639,0.00111024,0.0018029,0.0012675,0.00206642,0.00109738
106,0.0011717,0.000908982,0.00067265,0.00191934,0.00322545,0.00258809,0.00309546,0.00215567,0.00324977,0.00245074,0.00278928,0.00244003,0.00170083,0.00183859,0.00195404,0.00233398,0.00269324,0.00231349,0.00250359,0.00213545,0.00219414,0.0021801,0.00245887,0.0017039,0.00135324,0.00145258,0.00110372,0.00107088,0.00253574,0.00148383,0.00150285,0.00179392,0.00186701,0.00196776,0.00195593,0.00173974,0.00177487,0.00212643,0.00245015,0.00292307,0.00235545,0.00319118,0.00582438,0.00465827,0.00278564,0.00251767,0.00261452,0.0022598,0.00303014,0.0030204,0.00205164,0.00165142,0.00234491,0.00275264,0.0032197,0.00332084,0.00278842,0.00263255,0.00245492,0.00290965,0.00204767,0.00190131,0.00208088,0.00238926,0.0028862,0.00239454,0.00317792,0.00359524,0.00280959,0.00364384,0.00346539,0.00264558,0.00291229,0.00295894,0.00540872,0.0041176,0.0034857,0.00285756,0.00301206,0.00291503,0.00230586,0.00322245,0.00579103,0.00279006,0.00315294,0.00222786,0.00358661,0.00453014,0.0038255,0.00378526,0.00265229,0.00343336,0.00293974,0.00399643,0.00656117,0.00421143,0.00465116,0.00469611,0.00517363,0.00545342,0.00610488,0.00426685,0.00413167,0.00441488,0.00728275,0.0614531,0.235854,0.055896,0.150084,0.0320736,0.00575466,0.00407472,0.00313015,0.00302393,0.00240262,0.00316837,0.00267625,0.00453747,0.00286832,0.00266045,0.00231157,0.00193908,0.00327044,0.00356824,0.00277642,0.00241135,0.00179336,0.00209939,0.00203243,0.00126445,0.00212026,0.0015041,0.00136529,0.0016583,0.00197692,0.00181339,0.00222763,0.00174968,0.00220752,0.00235816,0.00208126,0.00220462,0.00323448,0.00364886,0.00279816,0.00186435,0.00366032,0.00243053,0.0017605,0.00216839,0.00281631,0.00277094,0.00265333,0.0022876,0.00194435,0.00221021,0.00232594,0.00371329,0.00243238,0.00243969,0.00287584,0.00367303,0.00232649,0.00305351,0.0023263,0.00233355,0.00763388,0.0017801,0.00314321,0.00124775
107,0.00224147,0.000938915,0.00198226,0.005329,0.02047,0.00838777,0.00276457,0.00103414,0.00212344,0.00148316,0.00216329,0.00220603,0.00124706,0.00106447,0.00145642,0.00169181,0.00143367,0.00125245,0.00158096,0.00125762,0.00128851,0.00113269,0.00152861,0.00108878,0.000856409,0.000851481,0.00069924,0.000855631,0.00176562,0.000912078,0.000996587,0.00105737,0.00113807,0.00130774,0.00117943,0.00117975,0.00107635,0.00150296,0.00120809,0.00178222,0.00156548,0.00221285,0.00344025,0.00288187,0.00250046,0.00165626,0.00122074,0.00120821,0.0017707,0.00173373,0.0013035,0.00137196,0.00177938,0.00253251,0.0028334,0.00271682,0.00161163,0.00125585,0.00155495,0.00179098,0.00177006,0.00180841,0.00177116,0.00203059,0.00190174,0.00141486,0.00229703,0.0015872,0.0016719,0.00284182,0.00234928,0.00142096,0.00142697,0.00196753,0.00619611,0.00410536,0.00290534,0.00208963,0.00182929,0.00200157,0.00139611,0.00270045,0.00445947,0.00206004,0.00224066,0.0011445,0.00217787,0.00279964,0.00198475,0.00218476,0.00158678,0.00150694,0.0015147,0.00247461,0.00335964,0.0020862,0.0021878,0.00313348,0.00311591,0.00329108,0.00296473,0.00312799,0.00313554,0.00301959,0.0068767,0.0172212,0.055896,0.280052,0.139916,0.0157625,0.00500231,0.00324422,0.00241894,0.00182399,0.00175911,0.00197746,0.00133244,0.00260479,0.00163946,0.00185255,0.00138604,0.00122555,0.00216004,0.00210947,0.00166254,0.00141917,0.00100743,0.00135677,0.00112816,0.000739144,0.000784535,0.000889033,0.000976402,0.00109117,0.00133723,0.000856561,0.00139389,0.0013236,0.00146513,0.00142559,0.00132317,0.00154795,0.00207053,0.00292257,0.00215104,0.00117509,0.00211379,0.0015875,0.00126509,0.00135149,0.0018001,0.00191664,0.00216733,0.0017985,0.00135715,0.00121979,0.00137262,0.00212354,0.0018335,0.00193575,0.00241659,0.00277496,0.0143297,0.0131827,0.0131262,0.0220867,0.0679604,0.00821188,0.0207136,0.00554848
108,0.00271819,0.00151152,0.00223259,0.00644208,0.0204581,0.0100896,0.00498482,0.00216002,0.00251434,0.00219368,0.00273766,0.0025247,0.00159306,0.00191691,0.00198064,0.00211658,0.00137679,0.00119675,0.00152429,0.00128335,0.001343,0.00102192,0.000915202,0.0014242,0.00146666,0.000796919,0.000776634,0.0010589,0.00209118,0.00136328,0.00123531,0.00109516,0.00123414,0.00148287,0.00140494,0.00147113,0.00146346,0.00175253,0.00221566,0.00181302,0.00155325,0.00221421,0.00239516,0.00249542,0.00283266,0.00150815,0.000752306,0.0012182,0.00121932,0.000885859,0.00117357,0.002041,0.00213189,0.00351399,0.00426235,0.0029109,0.00181341,0.00171125,0.00173251,0.00283605,0.0031256,0.00310012,0.00307424,0.00443383,0.00379136,0.00151894,0.00284399,0.0034684,0.00228077,0.00290937,0.00344997,0.00213512,0.00187366,0.00389251,0.0123476,0.00632867,0.0052005,0.00323637,0.00247212,0.00256929,0.00233406,0.00264887,0.00475826,0.00299244,0.0025546,0.00126324,0.00222286,0.00322562,0.00197694,0.00226282,0.00176683,0.00117779,0.00186126,0.00283126,0.0027745,0.00225219,0.00263096,0.00231203,0.00245536,0.00334672,0.00288351,0.00305326,0.0036377,0.00335169,0.0077884,0.0479731,0.150084,0.139916,0.140268,0.0276004,0.00518946,0.00426349,0.00303596,0.00200754,0.00253936,0.0020865,0.00166164,0.00309857,0.00170811,0.00211806,0.0013562,0.00118275,0.00222547,0.00228442,0.00178292,0.00136359,0.00105958,0.00135852,0.000974043,0.000693525,0.000722685,0.00102941,0.00122428,0.00125391,0.00141645,0.000791793,0.0016645,0.00166823,0.0012083,0.00164261,0.00185572,0.00219546,0.00227032,0.00351275,0.00296852,0.00137797,0.00197538,0.00163428,0.00142758,0.00114775,0.00188321,0.00225841,0.00227743,0.00167349,0.00124247,0.00167594,0.00159293,0.00162534,0.00171184,0.0025428,0.00281385,0.00329397,0.00856382,0.00728137,0.00959582,0.0176239,0.0401573,0.00823446,0.0129989,0.00353446
109,0.00327024,0.00248864,0.00173822,0.00770933,0.014968,0.0145243,0.0106658,0.00307103,0.00330483,0.00462233,0.00608542,0.0045092,0.00273995,0.00314862,0.00422385,0.00540511,0.00393664,0.00514667,0.00271838,0.00263515,0.00412946,0.0029752,0.00191881,0.00415645,0.00298496,0.00269591,0.00202745,0.00213061,0.00681861,0.00234243,0.00272782,0.00204959,0.00191866,0.00266417,0.00212028,0.00267446,0.00260916,0.00346748,0.00255745,0.00542059,0.00402454,0.0089339,0.0162547,0.0116063,0.00661188,0.00591229,0.00725411,0.00548556,0.00787444,0.00776163,0.00366319,0.0032778,0.00293008,0.00534067,0.0069223,0.00372234,0.00395054,0.00334986,0.00494491,0.0047093,0.0039448,0.00494504,0.00598517,0.00643011,0.00486738,0.00579777,0.00924278,0.00618213,0.00483722,0.00977482,0.00875104,0.00734043,0.0102674,0.00873642,0.0237726,0.0137192,0.0108919,0.00531914,0.00384416,0.00350443,0.00417038,0.00362984,0.00506673,0.00463021,0.00380005,0.00260164,0.00292897,0.00448652,0.00504449,0.00329814,0.00303591,0.00689998,0.00417943,0.00646025,0.0134589,0.00627889,0.00639359,0.00982068,0.00953911,0.0100279,0.0108314,0.00403859,0.00769327,0.00904493,0.0163181,0.0381279,0.0320736,0.0157625,0.0276004,0.0365879,0.00974578,0.00607104,0.00502655,0.00371276,0.00435928,0.00330203,0.00323611,0.00397696,0.00397456,0.00411721,0.0017153,0.00132272,0.00327373,0.00426784,0.0030709,0.00324076,0.00468092,0.00363894,0.00275224,0.00201705,0.00221978,0.00291846,0.00293852,0.00292972,0.00216503,0.00205014,0.00421959,0.00387708,0.00581884,0.00410488,0.00360418,0.00507892,0.006264,0.00426616,0.00353552,0.00233535,0.00376302,0.00564372,0.00438116,0.00255964,0.00336206,0.00383047,0.0042436,0.00506945,0.00359573,0.00346744,0.00450565,0.00922939,0.00447033,0.00385594,0.00676337,0.00810595,0.00352541,0.00540541,0.00248374,0.00186997,0.00255693,0.00211305,0.00355085,0.00200303
110,0.00297598,0.00266763,0.0015931,0.00149746,0.00252763,0.00276641,0.00307567,0.00160407,0.0100674,0.00775106,0.00819326,0.00555989,0.00456791,0.00326127,0.00948153,0.00891392,0.00761425,0.00498126,0.00897048,0.00719058,0.00449907,0.0118774,0.0118757,0.0029573,0.0025358,0.00264859,0.00202709,0.0025935,0.00433404,0.00200581,0.00213652,0.00164532,0.00148419,0.00179155,0.00174856,0.00238686,0.00203321,0.00331685,0.0023762,0.00360641,0.00515164,0.00542137,0.00566995,0.00569179,0.00371905,0.00406195,0.00649536,0.00909273,0.00685952,0.00262177,0.00344598,0.00519344,0.00618271,0.00589917,0.00775293,0.00620095,0.00555689,0.00569786,0.00610562,0.00247751,0.00354152,0.00607859,0.00587791,0.00610968,0.00551578,0.00508586,0.00569554,0.00697785,0.00739774,0.0072853,0.00856557,0.0105327,0.0100144,0.00619035,0.0039536,0.0113511,0.0109599,0.0108199,0.00818712,0.0100519,0.00825399,0.00921241,0.00748953,0.00571969,0.00558264,0.00659677,0.00601843,0.00677747,0.00487124,0.00561992,0.00573555,0.0046654,0.00591932,0.00832119,0.0071673,0.00466326,0.005844,0.00544604,0.00598126,0.00756422,0.0080368,0.00842584,0.00785651,0.00924432,0.00552989,0.00534975,0.00575466,0.00500231,0.00518946,0.00974578,0.023303,0.0164671,0.00966269,0.00797818,0.00617436,0.00893953,0.00521489,0.00540624,0.00358302,0.00327762,0.00125166,0.00136537,0.00353626,0.00416324,0.00844367,0.00809215,0.00303132,0.00439661,0.00405199,0.00416027,0.00462785,0.00380042,0.00229647,0.00503995,0.00808924,0.00512832,0.0041112,0.00318222,0.00209945,0.00421794,0.00640701,0.00819371,0.008907,0.00997951,0.00538266,0.005168,0.00778892,0.00600148,0.00429117,0.00878972,0.00598919,0.0062846,0.0115681,0.00552061,0.00515894,0.00524075,0.00603087,0.0061949,0.0101846,0.00510337,0.00915352,0.00861279,0.00560623,0.0098317,0.00703345,0.00303797,0.0014802,0.00222556,0.00447002,0.00305504
111,0.00412016,0.00348931,0.00180082,0.000938346,0.00127654,0.00157954,0.00168989,0.00125514,0.0102766,0.00978465,0.00647352,0.00516387,0.0042466,0.00260123,0.0130441,0.00677245,0.00472414,0.00436008,0.0119121,0.00815954,0.00459278,0.0149262,0.0117325,0.00326866,0.00280834,0.00233345,0.00159282,0.00180649,0.00314926,0.00172182,0.00171485,0.00145037,0.00145088,0.00159843,0.00169334,0.00171657,0.00191701,0.00317963,0.00208008,0.0044484,0.00451136,0.00419342,0.00350633,0.00541204,0.00278742,0.00388155,0.00308085,0.00248881,0.00244261,0.0025165,0.00529789,0.0142594,0.00728865,0.00722444,0.00631724,0.00529181,0.00666906,0.00545567,0.00597248,0.00231416,0.00404033,0.00613829,0.00545104,0.00594261,0.00588741,0.00447858,0.00624435,0.00739058,0.00744951,0.00638654,0.00655883,0.00587791,0.00628103,0.00535864,0.00384188,0.00791341,0.00937851,0.0117642,0.0157126,0.0154306,0.0110169,0.00746584,0.00862896,0.00793401,0.00793039,0.00831074,0.00498467,0.00730096,0.00478335,0.00682592,0.00668018,0.00269134,0.0059498,0.0080588,0.00481336,0.00311735,0.00427735,0.0035017,0.00468171,0.00570948,0.00550173,0.00739296,0.00702976,0.00627286,0.00583005,0.00463172,0.00407472,0.00324422,0.00426349,0.00607104,0.0164671,0.0301222,0.0122155,0.0105743,0.00911404,0.0112007,0.00750681,0.00732239,0.0036963,0.00303513,0.00144081,0.00155347,0.00317189,0.00424499,0.0129222,0.00930232,0.00329805,0.00425703,0.00452918,0.00455823,0.0051956,0.00534826,0.0032028,0.00597094,0.00870717,0.00745572,0.00397136,0.00392848,0.00274348,0.00431768,0.00686588,0.00822924,0.00646207,0.0116901,0.00650713,0.0066408,0.00729944,0.0062037,0.00325529,0.00955726,0.00704423,0.00643815,0.0139316,0.00851906,0.00644787,0.0104305,0.0072298,0.00409972,0.0129083,0.0137085,0.00757498,0.00584743,0.00212412,0.00175487,0.00124642,0.00115075,0.00133823,0.00154012,0.00149257,0.000823416
112,0.00717229,0.00564506,0.00247758,0.000505289,0.000395567,0.00068383,0.000752736,0.000786606,0.00760829,0.00755833,0.00610549,0.00448338,0.00343047,0.00279647,0.00614294,0.0050808,0.00845284,0.00480959,0.00892136,0.00843772,0.00478364,0.0109488,0.00586505,0.00370969,0.00341834,0.00350199,0.00314662,0.00308341,0.00264251,0.00160134,0.00193725,0.0020989,0.00168329,0.00157207,0.00157602,0.00169575,0.00190149,0.00362336,0.00225583,0.00349927,0.00550834,0.00467895,0.00401608,0.00327021,0.00256664,0.0028897,0.00362161,0.003614,0.00288423,0.00284479,0.00745683,0.0149095,0.0114626,0.00703965,0.00552376,0.00788964,0.00812178,0.00366416,0.00528843,0.00367322,0.00273046,0.00438115,0.0045063,0.0048087,0.00674907,0.00595853,0.00582291,0.0117746,0.0077864,0.00553137,0.00790589,0.00841269,0.0094558,0.00517973,0.00258866,0.00636,0.00826636,0.0119424,0.01047,0.0089098,0.0107115,0.0115639,0.0073445,0.00902036,0.00862419,0.0053391,0.00652254,0.00699255,0.00495327,0.00903529,0.00866833,0.00410805,0.00812133,0.00871998,0.00441027,0.00251402,0.00396388,0.00380994,0.00534899,0.0068936,0.0112547,0.00950434,0.0106618,0.00527588,0.00620013,0.00448509,0.00313015,0.00241894,0.00303596,0.00502655,0.00966269,0.0122155,0.0339055,0.0120816,0.0117036,0.00852157,0.00941838,0.00680927,0.00353573,0.00303456,0.00132222,0.00109399,0.00281387,0.00416672,0.00816481,0.00604578,0.00413568,0.00373856,0.0029156,0.00543519,0.00417865,0.0127088,0.00422779,0.00949862,0.012719,0.00358502,0.00587813,0.00450699,0.00285291,0.00516412,0.0129507,0.0102531,0.00912799,0.0125883,0.0097422,0.00709073,0.00932568,0.00516839,0.00409671,0.0046141,0.00533857,0.00508798,0.0115108,0.00465727,0.00320235,0.0106965,0.00568593,0.00612406,0.00657112,0.00900419,0.00669783,0.00692446,0.00130812,0.00132523,0.00133162,0.00148092,0.00171768,0.00217836,0.00210302,0.00113974
113,0.00410662,0.00362165,0.00196535,0.000580686,0.000437806,0.000640554,0.00078003,0.000867944,0.00662713,0.00544953,0.00433888,0.00307002,0.00359825,0.00257522,0.00599359,0.00674969,0.008564,0.005765,0.00943537,0.00831138,0.00669429,0.00577485,0.00654488,0.00393098,0.00380937,0.00378984,0.00338947,0.00488974,0.0047981,0.0020901,0.00232379,0.00268786,0.00207368,0.00211729,0.00226589,0.00282176,0.00256218,0.00349283,0.00205777,0.00305368,0.00380831,0.00349854,0.00320455,0.00328609,0.00267915,0.00304939,0.00357302,0.00373217,0.0027639,0.003823,0.0056658,0.00494541,0.00929692,0.00772016,0.00693614,0.00685822,0.00845195,0.00765926,0.00436586,0.00293579,0.00348604,0.00339189,0.00272304,0.00472997,0.00560713,0.00453687,0.00408458,0.0102172,0.0113257,0.00497516,0.00961397,0.00682861,0.00847183,0.00579721,0.00291842,0.00608509,0.00658572,0.0108848,0.0173107,0.0116388,0.0108874,0.0119967,0.0107129,0.0105757,0.00763428,0.00559313,0.0109365,0.00751044,0.00359953,0.0162455,0.0127143,0.00374972,0.00736865,0.00699481,0.00294688,0.00269155,0.00307467,0.00334538,0.00400705,0.00431511,0.00952594,0.00788381,0.00743847,0.00440728,0.00399045,0.00410915,0.00302393,0.00182399,0.00200754,0.00371276,0.00797818,0.0105743,0.0120816,0.0289357,0.0109108,0.0123883,0.0117663,0.00913551,0.00477556,0.00363795,0.00131778,0.00176835,0.00481637,0.0047202,0.00861263,0.0105439,0.00485356,0.00765418,0.00550103,0.00497215,0.00825854,0.0052041,0.00474786,0.00690576,0.0102978,0.00688552,0.0057998,0.00470063,0.00552547,0.00721888,0.00711083,0.00818537,0.00934446,0.00943708,0.01059,0.0109282,0.0116006,0.00549775,0.00392722,0.00516869,0.00577632,0.00599729,0.00690138,0.00541697,0.00552784,0.00856547,0.00742106,0.00406411,0.00739553,0.0172305,0.00531218,0.00681479,0.000907326,0.000883078,0.000959292,0.00111717,0.00139713,0.00202589,0.00198648,0.00108417
114,0.00531576,0.00480731,0.00286735,0.00103662,0.000802622,0.000686872,0.00074891,0.00108657,0.00832715,0.00744236,0.00633541,0.00376431,0.00299945,0.00267709,0.00672989,0.00586168,0.00362814,0.00349455,0.00895061,0.00587429,0.00602863,0.00762846,0.005681,0.00328099,0.00388593,0.00269759,0.00201667,0.00385895,0.00486297,0.00199735,0.0016541,0.00229177,0.00231586,0.00170181,0.00154894,0.00170881,0.00211013,0.00345821,0.00250345,0.00428513,0.00514942,0.00320253,0.00421461,0.0034747,0.00474158,0.00431668,0.00638311,0.00397856,0.0028416,0.00842163,0.00858113,0.00786502,0.00876898,0.015382,0.0092969,0.00699118,0.00770362,0.00771447,0.00462351,0.00261706,0.00238858,0.00339141,0.00357885,0.00326853,0.00383405,0.00304069,0.00423159,0.00543629,0.0055885,0.00345116,0.00464632,0.00596937,0.00490131,0.00530246,0.00246551,0.00551056,0.00838169,0.00869743,0.00953702,0.00747204,0.0104941,0.012492,0.010803,0.0173239,0.0130405,0.00719472,0.0140183,0.0120596,0.00631972,0.0140843,0.0169614,0.00442817,0.00819502,0.00797506,0.00354204,0.0026453,0.0033013,0.00392168,0.00447857,0.00435436,0.00490428,0.00760343,0.00532315,0.00414817,0.00514982,0.00366493,0.00240262,0.00175911,0.00253936,0.00435928,0.00617436,0.00911404,0.0117036,0.0109108,0.0281558,0.0170493,0.0134435,0.0114969,0.00462061,0.00352011,0.00175524,0.00146094,0.00240202,0.00407522,0.00791932,0.00651233,0.00485616,0.00562901,0.00434793,0.00464557,0.00987265,0.00869888,0.00422306,0.00644703,0.00781369,0.00626722,0.00530757,0.00539784,0.0044883,0.00604941,0.00947489,0.00757261,0.00761796,0.0101156,0.011524,0.00865703,0.0080775,0.00555401,0.0035427,0.00432952,0.00605456,0.00610561,0.00651546,0.00433291,0.00407294,0.00966661,0.00759679,0.00647018,0.0101609,0.0125629,0.00508509,0.00820306,0.0012997,0.00139967,0.00161314,0.00191612,0.00221326,0.00323084,0.00316452,0.00170902
115,0.00218402,0.00247196,0.00156967,0.000602661,0.000612698,0.000837172,0.000842432,0.00111684,0.00905403,0.00577308,0.00823724,0.00722034,0.00529533,0.00328413,0.00769028,0.00631845,0.00483209,0.00415774,0.00818168,0.00615348,0.00618396,0.00679954,0.00450251,0.00334394,0.00366033,0.00376304,0.00300176,0.00300444,0.0034264,0.00225352,0.00181796,0.00220776,0.00250534,0.00209859,0.00164117,0.00140964,0.00194829,0.00371788,0.00258205,0.00406354,0.00695961,0.00638255,0.00218748,0.00265832,0.00490461,0.00306087,0.00300971,0.00315076,0.00268493,0.0035184,0.00435254,0.00296356,0.0059072,0.0078619,0.00516902,0.00813606,0.00731718,0.00506641,0.00371162,0.00280149,0.00388874,0.00456463,0.00241108,0.00401923,0.00647414,0.00373738,0.00294807,0.00382215,0.00690778,0.0034557,0.00497977,0.00648821,0.0063153,0.0051947,0.00263489,0.00509322,0.00790651,0.00824561,0.0135481,0.0080906,0.00764783,0.00857802,0.0197112,0.019864,0.0134454,0.0107461,0.0124518,0.0111108,0.00511134,0.00808276,0.0160297,0.00439999,0.00691891,0.00522621,0.00308713,0.0033032,0.00460219,0.0032939,0.00329766,0.00361356,0.00752599,0.008976,0.00678727,0.00504011,0.00500628,0.00408058,0.00316837,0.00197746,0.0020865,0.00330203,0.00893953,0.0112007,0.00852157,0.0123883,0.0170493,0.0415982,0.0248332,0.0141246,0.00606423,0.00463459,0.00245957,0.00225618,0.00413382,0.00608403,0.00787696,0.0104288,0.00371351,0.00455843,0.00569723,0.00300211,0.00699448,0.00400073,0.00273998,0.00418046,0.0087551,0.00350637,0.00482259,0.00346641,0.00300545,0.00627834,0.00635152,0.0071659,0.0103144,0.00857215,0.011566,0.0125298,0.0106177,0.00494379,0.00532886,0.00573506,0.00736862,0.0054234,0.00801053,0.00571819,0.00446357,0.00803183,0.00552925,0.00612536,0.00614663,0.0119517,0.0056632,0.00837357,0.00130422,0.00121533,0.00141141,0.00175172,0.002044,0.00304477,0.00299723,0.00161627
116,0.00295005,0.0032476,0.00209562,0.000725838,0.000586471,0.0012227,0.000990368,0.000789994,0.00736436,0.00794388,0.00669817,0.00318638,0.00456177,0.00400037,0.00453299,0.00435809,0.00636505,0.00360752,0.00554744,0.0055239,0.00637466,0.00615777,0.00392455,0.00342485,0.00318987,0.0026672,0.00267078,0.00369649,0.00322953,0.00163382,0.00182743,0.00254628,0.00194962,0.00156129,0.00173587,0.00161849,0.00176416,0.00312177,0.00247849,0.00417024,0.00730128,0.00592674,0.00280691,0.00346513,0.00707618,0.00496264,0.00459901,0.00347814,0.00316884,0.00567964,0.00584356,0.0039956,0.00709166,0.0081369,0.00553179,0.00556407,0.00701743,0.00361024,0.00270298,0.00289314,0.00376448,0.00341926,0.00199773,0.00401563,0.00546422,0.00214828,0.00269053,0.00455932,0.00481578,0.00335414,0.0028025,0.00425831,0.00498051,0.00274333,0.00163792,0.00359841,0.00653314,0.00724759,0.00755457,0.00529814,0.00828651,0.00990369,0.0135228,0.0202005,0.0252257,0.00833303,0.0102785,0.00552858,0.00474098,0.0120902,0.0105682,0.004608,0.00633099,0.00522386,0.00299878,0.0031066,0.00415381,0.00283783,0.00205378,0.00234417,0.00540258,0.0071199,0.00493492,0.00354988,0.00379552,0.00371169,0.00267625,0.00133244,0.00166164,0.00323611,0.00521489,0.00750681,0.00941838,0.0117663,0.0134435,0.0248332,0.0448402,0.0218851,0.0072675,0.00576952,0.0022792,0.00236525,0.00575831,0.00792322,0.00936286,0.00752858,0.00689114,0.00491184,0.00404153,0.00196649,0.00837271,0.00702428,0.00531251,0.00561481,0.00750527,0.00404636,0.00688359,0.00501088,0.00578797,0.00916247,0.00494893,0.00684661,0.0109605,0.0100078,0.0195446,0.0212478,0.0113451,0.00550255,0.00775818,0.00623322,0.00636435,0.00679124,0.0109738,0.00656939,0.00558426,0.00988946,0.00608823,0.00533058,0.00596153,0.0135867,0.00633773,0.00928652,0.00124618,0.00120899,0.00121476,0.00149105,0.00202644,0.00259724,0.00247475,0.00135182
117,0.00158522,0.00159497,0.000955416,0.000527445,0.000727237,0.000528175,0.000589754,0.000994952,0.00743087,0.00780909,0.00767753,0.00452476,0.00415802,0.0031135,0.00807372,0.00519753,0.00670118,0.00414192,0.00963963,0.00441297,0.00670839,0.00651172,0.00334997,0.00381163,0.00235274,0.00365897,0.00276429,0.00303105,0.0045057,0.00280125,0.00271395,0.00376127,0.00402305,0.00251374,0.00218618,0.00187744,0.00189392,0.00413297,0.00320007,0.00424884,0.00396742,0.00367173,0.00328133,0.00411416,0.00355344,0.00368237,0.00350676,0.00295238,0.00343874,0.00311095,0.00360798,0.00361802,0.00621759,0.00928047,0.00904606,0.00742191,0.00783948,0.00812247,0.00440308,0.00313325,0.00274678,0.00229198,0.00218367,0.00265098,0.00340225,0.00370272,0.00352102,0.00308644,0.00368586,0.00245381,0.0031487,0.00294754,0.00303461,0.00282832,0.00144199,0.00326252,0.00458016,0.00571456,0.00868724,0.00732053,0.00963365,0.0112051,0.0104238,0.0162675,0.0197745,0.0196344,0.0158558,0.00902289,0.00552619,0.0147202,0.00854608,0.00512113,0.00896767,0.00711718,0.00311054,0.00313185,0.0047742,0.00537932,0.00473439,0.00435577,0.00675265,0.00611601,0.00573155,0.00362439,0.00377553,0.00481476,0.00453747,0.00260479,0.00309857,0.00397696,0.00540624,0.00732239,0.00680927,0.00913551,0.0114969,0.0141246,0.0218851,0.0432173,0.0105274,0.00732739,0.00471991,0.00555972,0.00661468,0.00858369,0.0110239,0.00802872,0.00360727,0.0047151,0.00493876,0.00267627,0.00806145,0.00467545,0.00327139,0.00449115,0.00557522,0.00478269,0.00734053,0.00291914,0.00392871,0.00783216,0.00439921,0.00442111,0.00824073,0.00865855,0.0167257,0.0284598,0.00751006,0.00375731,0.00433213,0.00652545,0.00834366,0.00840935,0.00503939,0.0052169,0.00520064,0.00733114,0.00634689,0.00435769,0.00559011,0.0130365,0.00709661,0.00896758,0.00180755,0.0020515,0.00239772,0.00233734,0.00252243,0.00289474,0.00261702,0.00137994
118,0.0011304,0.00107357,0.00068224,0.00106212,0.0019553,0.00180283,0.00169578,0.000871481,0.00437899,0.00568618,0.00468516,0.00440686,0.00308859,0.0030095,0.00600012,0.00388405,0.0058181,0.00728495,0.00555599,0.00412836,0.0053198,0.00517983,0.00655971,0.00847118,0.00288887,0.00411655,0.00169795,0.00237248,0.00578561,0.00605958,0.00698404,0.00412745,0.00856271,0.00525243,0.00189329,0.00720171,0.00194102,0.00793826,0.00166861,0.00849798,0.00591488,0.00501923,0.00252437,0.00589458,0.00790732,0.00471837,0.00347781,0.00205914,0.00419534,0.0021493,0.00254486,0.00330306,0.00330508,0.00339123,0.00522501,0.00376321,0.00426232,0.00530991,0.0084623,0.00502859,0.00220884,0.00178706,0.00225755,0.00170267,0.00399009,0.00420319,0.00461679,0.00281222,0.00357137,0.00400467,0.0038757,0.00265859,0.00304856,0.00349715,0.00169902,0.00324435,0.00387895,0.00310224,0.0039857,0.0043875,0.00429704,0.00281635,0.00428229,0.00567589,0.00617604,0.0117907,0.0092932,0.0062666,0.00732559,0.00633799,0.00446553,0.0129257,0.00657778,0.00523955,0.00344549,0.00354139,0.00840591,0.0051735,0.00719028,0.00467731,0.00369949,0.00326344,0.00545925,0.00477686,0.00400157,0.0043322,0.00286832,0.00163946,0.00170811,0.00397456,0.00358302,0.0036963,0.00353573,0.00477556,0.00462061,0.00606423,0.0072675,0.0105274,0.0390989,0.0371457,0.00895372,0.00544174,0.0226219,0.0247604,0.0116241,0.00922446,0.0128629,0.0119549,0.0106455,0.0150112,0.00467489,0.00606615,0.0225548,0.00751837,0.00296365,0.0121933,0.012778,0.0129411,0.0112577,0.00892325,0.00433,0.00422579,0.00543867,0.00588575,0.00444471,0.00394477,0.00657085,0.0131457,0.0258481,0.0115064,0.00592693,0.00648326,0.00460696,0.00638292,0.00621335,0.00481561,0.00470678,0.00478274,0.00489923,0.0040749,0.00683099,0.005839,0.00125073,0.00121089,0.00116594,0.00104467,0.000942176,0.00117965,0.00110009,0.000580213
119,0.00108654,0.00112113,0.000787036,0.0013266,0.0022854,0.00216387,0.00214289,0.00136009,0.00329815,0.00292532,0.00240339,0.00391019,0.00264092,0.00307004,0.00435454,0.00201204,0.00370824,0.00600516,0.00401794,0.0023689,0.00275076,0.00261035,0.0039167,0.00826443,0.00280635,0.00416384,0.00299423,0.00358484,0.00621136,0.00759297,0.00833149,0.00419074,0.00968161,0.00571777,0.00192083,0.00856396,0.00171834,0.00900124,0.00124687,0.00815473,0.00469982,0.00357426,0.00219083,0.00443991,0.00775305,0.00338875,0.00222103,0.00166686,0.00356714,0.002188,0.00189883,0.00270158,0.00269905,0.00301876,0.00435534,0.00317848,0.00291504,0.00299349,0.00799455,0.00466738,0.00283414,0.00240956,0.00267104,0.0018509,0.00342294,0.00288992,0.00428721,0.00187467,0.00172606,0.00181324,0.00186231,0.00169192,0.00209696,0.00183246,0.00155705,0.00241057,0.00348978,0.00277296,0.00339476,0.00311184,0.00250637,0.00302544,0.00382943,0.00512459,0.0048713,0.00737652,0.00569702,0.00286344,0.00280048,0.00370505,0.00240443,0.00277031,0.00306049,0.00284049,0.00211797,0.00255067,0.00250235,0.00380643,0.0042654,0.00372675,0.00274467,0.00198332,0.00240463,0.0030748,0.00300604,0.00438723,0.00266045,0.00185255,0.00211806,0.00411721,0.00327762,0.00303513,0.00303456,0.00363795,0.00352011,0.00463459,0.00576952,0.00732739,0.0371457,0.103714,0.107687,0.0198252,0.0800261,0.0110133,0.00573919,0.0054687,0.009379,0.0117989,0.00899035,0.00307233,0.00197319,0.00389584,0.00741978,0.00393082,0.00162489,0.00331997,0.00853386,0.0133747,0.00849903,0.00487054,0.00268292,0.00236186,0.00380721,0.00408189,0.00348859,0.00357876,0.00525543,0.0109921,0.0279554,0.0105074,0.00435699,0.00441608,0.0032808,0.00515575,0.00434219,0.00324996,0.00270861,0.00311128,0.00260355,0.00262891,0.00343437,0.00392413,0.00104103,0.00111594,0.00117575,0.001056,0.000920358,0.00107062,0.000948813,0.000489376
120,0.000409415,0.000561634,0.000497737,0.000560247,0.000486019,0.000500394,0.00076148,0.00106614,0.0020394,0.00160137,0.00154448,0.00220223,0.00249041,0.00233181,0.00272938,0.00104269,0.00150082,0.00183579,0.0022287,0.00122199,0.00142933,0.00109583,0.0015978,0.00207169,0.0015993,0.00184331,0.00376588,0.00452416,0.00273189,0.00465169,0.00475201,0.0042524,0.00485688,0.00258628,0.00172625,0.00173014,0.000890973,0.00259599,0.00141398,0.00196761,0.00197127,0.00161387,0.000940138,0.00151562,0.00178054,0.000849042,0.000645379,0.00130445,0.00111096,0.000625547,0.00127902,0.00221775,0.00167151,0.00184968,0.00287463,0.0023852,0.00157752,0.00184862,0.00295313,0.0022322,0.00247929,0.00219983,0.000971506,0.000898018,0.0013462,0.000867434,0.00111285,0.000718478,0.000825227,0.000869133,0.0010062,0.000963429,0.000843338,0.000973486,0.000597346,0.0010867,0.00137645,0.00144394,0.00156072,0.00182744,0.00149657,0.00147354,0.00320079,0.0033096,0.00337284,0.00484156,0.00304994,0.00249425,0.00267175,0.00253369,0.00220113,0.00380057,0.00267218,0.00190564,0.00147626,0.0016718,0.00286448,0.00223528,0.00279572,0.00236883,0.00153052,0.00128849,0.00163187,0.00137244,0.00180652,0.00212872,0.00231157,0.00138604,0.0013562,0.0017153,0.00125166,0.00144081,0.00132222,0.00131778,0.00175524,0.00245957,0.0022792,0.00471991,0.00895372,0.107687,0.237222,0.194731,0.123421,0.00593166,0.00352388,0.00287337,0.00327846,0.00339853,0.00229103,0.00334415,0.00127728,0.0017696,0.00557852,0.00236405,0.00109369,0.0022912,0.00275732,0.00336177,0.00307129,0.00280419,0.00145208,0.00146577,0.00107106,0.00134092,0.00152765,0.0028102,0.00284022,0.0022848,0.00591488,0.00377015,0.00297794,0.00170248,0.00162951,0.00187375,0.00208096,0.00237339,0.00195862,0.00138157,0.00145237,0.00168021,0.00187282,0.00270199,0.0007739,0.000928738,0.00101662,0.000925743,0.000721772,0.000896492,0.000750782,0.00037806
121,0.000287367,0.000419921,0.000362498,0.000339277,0.000292813,0.000245208,0.000341801,0.000393998,0.0017356,0.00136659,0.00164132,0.00198073,0.00172668,0.00130851,0.00212547,0.0010976,0.00158047,0.0014001,0.0019075,0.00107841,0.00126075,0.000974618,0.00115005,0.000828247,0.000817328,0.000930631,0.00111486,0.0011713,0.00108375,0.00206107,0.0024482,0.00269355,0.00284184,0.00153006,0.000987941,0.000833756,0.000693179,0.00151162,0.000839512,0.00109659,0.00140998,0.00132479,0.000840906,0.00122039,0.00150013,0.000889523,0.000564147,0.00101787,0.000883606,0.0005306,0.00108591,0.00161402,0.00128152,0.00156282,0.00199589,0.00206194,0.00127419,0.00152314,0.00190036,0.00161216,0.00147046,0.00114172,0.000665143,0.000826543,0.00127673,0.000706436,0.000778816,0.000660559,0.000985315,0.000927177,0.000984722,0.000871389,0.000836283,0.000837615,0.00053245,0.00115656,0.00130847,0.00134928,0.0012624,0.00151743,0.00158217,0.00164418,0.00299368,0.00287862,0.00301514,0.00351491,0.00276884,0.00237493,0.00241757,0.00225524,0.00203957,0.00331673,0.00239057,0.0018062,0.00129016,0.00161708,0.00269431,0.00181805,0.00225198,0.0017746,0.00138056,0.00119317,0.00151413,0.00128366,0.00137226,0.00158865,0.00193908,0.00122555,0.00118275,0.00132272,0.00136537,0.00155347,0.00109399,0.00176835,0.00146094,0.00225618,0.00236525,0.00555972,0.00544174,0.0198252,0.194731,0.451135,0.07052,0.00549595,0.00339537,0.00309954,0.00253008,0.00257478,0.00170965,0.00326501,0.00140338,0.00173174,0.00516153,0.00251809,0.00120534,0.00252421,0.00177198,0.00179213,0.00239973,0.00245737,0.00115172,0.00133239,0.000994395,0.00124321,0.00167553,0.00202385,0.00260064,0.00138876,0.00218943,0.0022341,0.00243466,0.00155876,0.0011061,0.00124542,0.00151441,0.0017273,0.00164978,0.0011272,0.00135846,0.00153147,0.00157167,0.00195768,0.000528618,0.000674871,0.00078863,0.000754216,0.000620682,0.000777234,0.0006571,0.000332513
122,0.000659981,0.000729182,0.000568519,0.000867438,0.00124685,0.00112339,0.00124197,0.0011203,0.00327891,0.00292922,0.00369021,0.00396698,0.0028688,0.00259212,0.00352513,0.00241507,0.00409262,0.00462702,0.00348054,0.00225452,0.00295977,0.00241218,0.00305884,0.00488142,0.00199668,0.00281361,0.00275408,0.00353517,0.00406985,0.00473237,0.00501813,0.00279126,0.00564665,0.00388677,0.00206109,0.00548757,0.0018624,0.00559147,0.00172187,0.00526128,0.00382476,0.00312326,0.00197246,0.00249575,0.00420982,0.00296538,0.00156551,0.00169382,0.0023605,0.00176554,0.0020176,0.00191093,0.00229742,0.00238671,0.00264769,0.00297274,0.00210013,0.00262169,0.00517782,0.00406015,0.00322613,0.0028012,0.00205837,0.0020813,0.00381664,0.00204367,0.00273984,0.00177459,0.00245134,0.0027822,0.00257604,0.00173375,0.00223175,0.00219868,0.00144189,0.00294966,0.00296211,0.00266831,0.00286826,0.00288083,0.0032516,0.00355043,0.00472727,0.00420105,0.00547552,0.00611491,0.00615048,0.00560837,0.00676425,0.00352753,0.00363155,0.00917055,0.00454756,0.00390282,0.00285198,0.00376115,0.00686242,0.00399224,0.00462984,0.00328112,0.00274434,0.00240676,0.00354192,0.00313323,0.0026822,0.00354868,0.00327044,0.00216004,0.00222547,0.00327373,0.00353626,0.00317189,0.00281387,0.00481637,0.00240202,0.00413382,0.00575831,0.00661468,0.0226219,0.0800261,0.123421,0.07052,0.080588,0.0196756,0.00919984,0.00815541,0.00755976,0.009318,0.00661988,0.0119071,0.00315252,0.00486356,0.0178848,0.00659522,0.00232498,0.0086633,0.00737235,0.00850705,0.00667956,0.00570319,0.0027222,0.00309904,0.00304255,0.0037904,0.00364996,0.00375632,0.00520091,0.00487859,0.0133342,0.00649857,0.00430875,0.00368544,0.00250433,0.00386382,0.00376077,0.00283237,0.00296331,0.00239838,0.00284791,0.00266603,0.00316508,0.00308014,0.000788058,0.000989721,0.00116012,0.00114584,0.00109046,0.00125153,0.00109079,0.000560758
123,0.000781182,0.000859197,0.000613787,0.000582865,0.000772409,0.000844301,0.000854823,0.00058696,0.00423208,0.0060556,0.00653077,0.0055469,0.00308917,0.00254795,0.00582503,0.00333373,0.00440639,0.00619315,0.00355074,0.0028137,0.00579086,0.00286572,0.00402953,0.00356798,0.00170118,0.00171067,0.00109602,0.0018205,0.00252656,0.0021446,0.00247143,0.00149327,0.00268302,0.00258268,0.00190921,0.0033529,0.00222829,0.00331366,0.0019173,0.00622928,0.00833679,0.00608244,0.0029191,0.00373757,0.00487585,0.00575234,0.00272825,0.00257486,0.00328578,0.00372612,0.00347671,0.00285217,0.00318667,0.00311124,0.00346777,0.00282232,0.0035285,0.00334204,0.00483179,0.00417816,0.00242565,0.00226049,0.00233792,0.00267221,0.00482738,0.00375804,0.00363426,0.00327251,0.00323086,0.00693759,0.00535178,0.00284108,0.00336939,0.0053428,0.00169517,0.00404951,0.00347458,0.00355668,0.00396039,0.00397933,0.00440368,0.00442438,0.00508566,0.0058297,0.00650483,0.0140047,0.0104824,0.0120136,0.0199667,0.00615475,0.00515321,0.0286235,0.00799385,0.00614228,0.00564153,0.00551422,0.0169269,0.00626998,0.007923,0.00490716,0.00353273,0.00352983,0.00738009,0.00594132,0.00484846,0.00344975,0.00356824,0.00210947,0.00228442,0.00426784,0.00416324,0.00424499,0.00416672,0.0047202,0.00407522,0.00608403,0.00792322,0.00858369,0.0247604,0.0110133,0.00593166,0.00549595,0.0196756,0.0525153,0.0164873,0.00941571,0.0125141,0.00978415,0.0083283,0.0364246,0.00535302,0.00555773,0.0469201,0.00910015,0.00273181,0.0224969,0.0148748,0.00596985,0.00866616,0.0109987,0.00510502,0.0039926,0.00433468,0.0054849,0.00460031,0.00373344,0.0044615,0.00504157,0.007716,0.00582005,0.00511847,0.00589982,0.0038762,0.00584276,0.00650575,0.0040106,0.00523191,0.00338931,0.0042554,0.00424616,0.00492435,0.00514301,0.00121287,0.00146947,0.00147053,0.00135255,0.00141805,0.00139024,0.00121558,0.000632301
124,0.00214035,0.0019065,0.00102913,0.000523414,0.000707555,0.000594376,0.000682533,0.000676234,0.00578416,0.00675695,0.00706197,0.00366595,0.00288292,0.00244682,0.00944395,0.0109302,0.0043435,0.00291824,0.00793954,0.00675298,0.00399833,0.0102471,0.00647284,0.00321457,0.00196079,0.00192995,0.00153606,0.00205363,0.00225068,0.00128093,0.00116059,0.00165589,0.00192751,0.00122245,0.00121741,0.00194771,0.00172773,0.00310015,0.00201646,0.0036881,0.00520425,0.0041828,0.00258868,0.00358803,0.00377659,0.00412794,0.00282544,0.0027033,0.00306146,0.00278898,0.00381945,0.00642772,0.00599468,0.00523406,0.00628721,0.00662452,0.00537462,0.00559863,0.00704548,0.00172203,0.00207837,0.00356704,0.00190275,0.0031883,0.00420069,0.00452473,0.0049782,0.00698904,0.00748244,0.00672955,0.00416708,0.00642151,0.00449494,0.00482492,0.00177752,0.0043766,0.00951893,0.00767715,0.00707785,0.00747249,0.00784923,0.00672631,0.00679184,0.0079335,0.0098955,0.0100215,0.00907652,0.00920662,0.00723509,0.00765437,0.0093533,0.00842832,0.00700047,0.00750693,0.00501912,0.002621,0.00581331,0.00314083,0.00440044,0.0043011,0.00454511,0.00528155,0.00662604,0.00651715,0.00389267,0.00313967,0.00277642,0.00166254,0.00178292,0.0030709,0.00844367,0.0129222,0.00816481,0.00861263,0.00791932,0.00787696,0.00936286,0.0110239,0.0116241,0.00573919,0.00352388,0.00339537,0.00919984,0.0164873,0.0420153,0.0221315,0.00425557,0.00724853,0.0122707,0.0150628,0.0168632,0.00848042,0.0151798,0.0149041,0.00906362,0.0261445,0.00680361,0.00884385,0.0038853,0.00626299,0.00669331,0.00706866,0.00629498,0.00904317,0.00681546,0.00782071,0.00835566,0.00408875,0.00371522,0.00610427,0.00674342,0.00675444,0.00659762,0.00555227,0.00483827,0.006026,0.00572022,0.00371196,0.00805201,0.00741508,0.00736392,0.00567575,0.00125256,0.00137413,0.00131175,0.00127009,0.00133735,0.00157018,0.00146014,0.000768376
125,0.00158155,0.00143659,0.000789269,0.000493193,0.000654544,0.000621609,0.000735414,0.000661667,0.005556,0.00661195,0.00520837,0.00452065,0.00312371,0.00230001,0.00880089,0.0108129,0.00612231,0.00517749,0.00783449,0.0083211,0.00454025,0.00794029,0.00481965,0.00406232,0.0025704,0.00286568,0.00222428,0.00227504,0.00311354,0.00180752,0.00176889,0.00234832,0.00305395,0.00156155,0.0011866,0.00251997,0.00181435,0.00355318,0.00205059,0.00362121,0.00427652,0.00491493,0.00488614,0.00380167,0.00349689,0.00490014,0.00372664,0.00316633,0.00383381,0.00519232,0.0060226,0.00733934,0.00557037,0.00542919,0.0049428,0.00718057,0.00681879,0.007771,0.00735156,0.00241974,0.0020235,0.00292671,0.0021825,0.00262039,0.00404425,0.00451889,0.00499355,0.00312821,0.00759609,0.00517614,0.0030232,0.00678593,0.00423589,0.00637351,0.00195461,0.00446336,0.00683785,0.00594056,0.0073402,0.00712053,0.00443126,0.00590558,0.00781943,0.0082455,0.010479,0.0109935,0.011013,0.00672281,0.00389217,0.00548656,0.00907872,0.00514838,0.00639474,0.006144,0.00446793,0.00259335,0.0047157,0.00412968,0.00506977,0.00545878,0.00406418,0.00512368,0.00582908,0.0069892,0.00408284,0.00311883,0.00241135,0.00141917,0.00136359,0.00324076,0.00809215,0.00930232,0.00604578,0.0105439,0.00651233,0.0104288,0.00752858,0.00802872,0.00922446,0.0054687,0.00287337,0.00309954,0.00815541,0.00941571,0.0221315,0.0293331,0.0238171,0.012634,0.0174417,0.00956965,0.0123148,0.0111561,0.00931473,0.0159275,0.0100081,0.0141867,0.00814054,0.00836359,0.0201064,0.016303,0.00811343,0.0100912,0.00779997,0.00742834,0.00680741,0.00565951,0.0110482,0.00377493,0.00455094,0.00728119,0.00871218,0.00687077,0.00660776,0.00558845,0.00654585,0.00624051,0.0049941,0.00427186,0.005116,0.0054752,0.00487138,0.00433894,0.000892239,0.000963353,0.000929185,0.00108406,0.00116917,0.00164557,0.00159261,0.000846242
126,0.00188325,0.00148157,0.000835168,0.000611497,0.000866132,0.000869201,0.00128093,0.000766848,0.00275985,0.00365113,0.00343113,0.00470092,0.00223163,0.00239095,0.00293335,0.00189905,0.00350067,0.00586856,0.00252839,0.00250096,0.00382463,0.00276903,0.00303202,0.00577633,0.0023755,0.00151502,0.00130933,0.00224824,0.00372035,0.00162528,0.00141765,0.00132539,0.00208115,0.00132831,0.00146488,0.00321106,0.00185023,0.00390105,0.00151632,0.00376298,0.0028063,0.00479054,0.00994809,0.00439531,0.00404049,0.0051795,0.00408253,0.00183082,0.00458314,0.0096211,0.00430088,0.00318387,0.0024877,0.00291874,0.00226443,0.00173652,0.00276411,0.00267518,0.00502923,0.00494575,0.00164576,0.00170377,0.00251041,0.00175009,0.00331457,0.00652207,0.00629965,0.00402886,0.00321145,0.00474868,0.00440908,0.00290838,0.0031533,0.00288766,0.00276253,0.00304814,0.00272879,0.00300782,0.00302866,0.00277829,0.00302276,0.00325921,0.00398273,0.00471388,0.00506077,0.00907238,0.00448067,0.00418603,0.00434004,0.0042525,0.00394337,0.00425547,0.00465469,0.00414672,0.00489835,0.00410446,0.0055789,0.00804652,0.00989814,0.00597153,0.00390729,0.00311797,0.00349604,0.00600491,0.00539596,0.0028016,0.00179336,0.00100743,0.00105958,0.00468092,0.00303132,0.00329805,0.00413568,0.00485356,0.00485616,0.00371351,0.00689114,0.00360727,0.0128629,0.009379,0.00327846,0.00253008,0.00755976,0.0125141,0.00425557,0.0238171,0.0879021,0.0256768,0.0379514,0.0135921,0.00605746,0.0177979,0.021157,0.0120205,0.00494128,0.00960715,0.0225076,0.0180197,0.0706815,0.0431282,0.00999851,0.00820667,0.00471727,0.00326518,0.00517628,0.00363195,0.0028614,0.00469205,0.00804,0.00642947,0.00624874,0.00585876,0.00274438,0.00714721,0.00734111,0.00315218,0.00443971,0.00442356,0.00422554,0.0038218,0.00299692,0.00268529,0.000673426,0.000817091,0.000371509,0.000355394,0.000428305,0.000529271,0.000568016,0.000316184
127,0.0015235,0.00142556,0.000893011,0.000719785,0.00105023,0.000996543,0.00123673,0.000829657,0.00396408,0.00330902,0.0030958,0.00524109,0.00228096,0.00235323,0.00334906,0.00352267,0.00290371,0.00401236,0.00472037,0.00312335,0.00295543,0.00289758,0.0032879,0.00325228,0.0030935,0.0018758,0.00143331,0.00214461,0.00326947,0.00220167,0.00159028,0.00126429,0.00279598,0.00182296,0.00179814,0.00518873,0.0029203,0.00670579,0.00179211,0.00515267,0.00347322,0.0032263,0.00405984,0.00317135,0.00266522,0.00209525,0.0025577,0.00174181,0.00290558,0.00243962,0.00205134,0.00273071,0.00424446,0.00481795,0.00466347,0.00285712,0.00394135,0.00382775,0.00681621,0.00522807,0.0023143,0.00210247,0.00273029,0.00233787,0.00293166,0.00499102,0.00501326,0.00411013,0.00777269,0.00485509,0.00559129,0.0102125,0.00569759,0.0068084,0.00319901,0.00578688,0.00349118,0.00486297,0.00640953,0.00470131,0.00349761,0.00359213,0.00382894,0.00360843,0.00504119,0.00798952,0.0069594,0.00417675,0.00312714,0.0060831,0.00366364,0.00380213,0.0038252,0.00546199,0.00387361,0.00424152,0.00471296,0.00702544,0.0077171,0.00595821,0.00407174,0.00443862,0.00632709,0.00778598,0.0045334,0.00308196,0.00209939,0.00135677,0.00135852,0.00363894,0.00439661,0.00425703,0.00373856,0.00765418,0.00562901,0.00455843,0.00491184,0.0047151,0.0119549,0.0117989,0.00339853,0.00257478,0.009318,0.00978415,0.00724853,0.012634,0.0256768,0.0517033,0.0436281,0.0349498,0.0175564,0.015916,0.0184538,0.0265616,0.0178666,0.0119638,0.0260642,0.0451745,0.0283733,0.0169535,0.0071823,0.00696114,0.00519298,0.00382824,0.00453259,0.00306095,0.00389569,0.00367652,0.00857998,0.00538498,0.00321651,0.00303897,0.00233947,0.00655151,0.00422437,0.00373073,0.00322742,0.00374802,0.00412042,0.00468031,0.0025791,0.00241015,0.000467436,0.000573833,0.000399952,0.000436364,0.000478939,0.000689886,0.000693819,0.000377257
128,0.00158152,0.000980576,0.00045712,0.00057599,0.000940695,0.000890065,0.000991432,0.000621643,0.00283748,0.00351885,0.00360583,0.00715138,0.00302027,0.00263911,0.00408114,0.00338355,0.00325049,0.00370616,0.00449301,0.00364645,0.00280725,0.00397526,0.00338875,0.00534919,0.00347297,0.00172778,0.00154288,0.00209313,0.00389181,0.00167375,0.00134688,0.00151548,0.00269848,0.00151373,0.00172258,0.00549934,0.00312143,0.00683232,0.00212956,0.00470816,0.00323425,0.00462258,0.0103693,0.00452547,0.00537711,0.00642504,0.00509243,0.00210101,0.00721052,0.0136887,0.00473798,0.00375825,0.00323281,0.0041248,0.00309469,0.00293434,0.00425531,0.00536198,0.00761283,0.00569553,0.00230512,0.00221005,0.00245397,0.00220254,0.00313278,0.00474628,0.00538522,0.0030005,0.00452955,0.0037132,0.00354988,0.00540997,0.00351342,0.00402352,0.00264776,0.00340889,0.00378865,0.00303998,0.00395137,0.00352077,0.00247992,0.00344475,0.00407266,0.0054509,0.00598408,0.00732833,0.00675289,0.00402076,0.00214306,0.00414778,0.00440183,0.00216004,0.00367082,0.00433958,0.00451465,0.00413884,0.00306229,0.00444672,0.00519903,0.00481365,0.00337742,0.0033165,0.00380597,0.0049834,0.00314671,0.00273061,0.00203243,0.00112816,0.000974043,0.00275224,0.00405199,0.00452918,0.0029156,0.00550103,0.00434793,0.00569723,0.00404153,0.00493876,0.0106455,0.00899035,0.00229103,0.00170965,0.00661988,0.0083283,0.0122707,0.0174417,0.0379514,0.0436281,0.0603892,0.0328943,0.0146867,0.0143286,0.0145914,0.0168045,0.0095965,0.0157068,0.0314803,0.0412693,0.0355239,0.0191859,0.00652972,0.00483413,0.00427659,0.00391017,0.00386571,0.00311286,0.00622241,0.00401714,0.00927181,0.00602534,0.00335901,0.00292285,0.0030424,0.00798154,0.0052217,0.00305393,0.00252474,0.00447319,0.00455932,0.00273791,0.00242104,0.00225293,0.000424355,0.000508836,0.000436258,0.000534078,0.000590399,0.000916588,0.000924885,0.00049904
129,0.00246445,0.00173468,0.000766064,0.000322611,0.00050543,0.000555889,0.000674682,0.000613854,0.00366112,0.00316503,0.00274766,0.00432765,0.00202575,0.00151766,0.00446229,0.00466073,0.00238335,0.0027798,0.00489531,0.00333461,0.00266477,0.00344704,0.00290996,0.00315024,0.00272043,0.00143973,0.00129371,0.00173493,0.0022087,0.00122752,0.00090802,0.000562737,0.00141038,0.00116947,0.0013799,0.00349528,0.00224612,0.0046454,0.00144682,0.00357031,0.00260106,0.00354547,0.00538259,0.00330767,0.00228221,0.00343523,0.00369043,0.00138803,0.00411339,0.00640401,0.00280917,0.00358315,0.00618156,0.00524556,0.00506404,0.00231549,0.00364188,0.00300417,0.00609201,0.00376658,0.0016745,0.00155549,0.00195047,0.00198197,0.0025691,0.00410747,0.00374156,0.00408969,0.0106837,0.00602501,0.00789384,0.0109645,0.00604289,0.00926921,0.00239427,0.0063407,0.00250652,0.0048699,0.00537404,0.0047291,0.00395446,0.00305434,0.00203254,0.00229826,0.00345879,0.00447301,0.00489611,0.00784982,0.00345188,0.00406118,0.00364981,0.0149837,0.00609004,0.00662968,0.0038522,0.00303761,0.00974491,0.00411081,0.00643695,0.00484838,0.00277442,0.00420643,0.00809056,0.00728559,0.00330889,0.00181329,0.00126445,0.000739144,0.000693525,0.00201705,0.00416027,0.00455823,0.00543519,0.00497215,0.00464557,0.00300211,0.00196649,0.00267627,0.0150112,0.00307233,0.00334415,0.00326501,0.0119071,0.0364246,0.0150628,0.00956965,0.0135921,0.0349498,0.0328943,0.0692767,0.019053,0.0156675,0.0532612,0.0293313,0.0200386,0.0324121,0.0245336,0.019207,0.0111191,0.0124956,0.00784229,0.00764314,0.00457202,0.00365703,0.00228227,0.00213408,0.00249495,0.00216412,0.00296806,0.0033148,0.00199338,0.00200716,0.0023689,0.00549799,0.00404313,0.00382728,0.0031383,0.00348989,0.00354871,0.00436773,0.00255438,0.00228975,0.00031376,0.000328022,0.000150281,0.000134041,0.000189145,0.000300848,0.000334102,0.000189951
130,0.00240053,0.0019968,0.001065,0.000388403,0.000483454,0.000562601,0.000565078,0.000706368,0.00511246,0.00516448,0.00539782,0.0016481,0.00164539,0.00117646,0.00851207,0.016969,0.00373219,0.00279915,0.00643713,0.00898759,0.00495119,0.00462885,0.00486189,0.00307625,0.00285804,0.00379216,0.00309672,0.00268946,0.00329254,0.00252179,0.00136063,0.000953866,0.00283177,0.0019686,0.00147157,0.00326142,0.00312735,0.00405206,0.00209723,0.00344111,0.00335758,0.00253309,0.00266851,0.00392233,0.00182247,0.00281778,0.00421885,0.00187844,0.00240247,0.00357563,0.00422429,0.00475669,0.00653822,0.00885144,0.00597732,0.00372314,0.00657823,0.00718852,0.00941908,0.00339874,0.00229133,0.00222131,0.0022204,0.00244073,0.00310773,0.00450408,0.00433051,0.00497494,0.016242,0.00665758,0.00839314,0.0164938,0.00999586,0.0124339,0.00282646,0.00607753,0.00457863,0.00455359,0.00700041,0.00478207,0.00631869,0.0048785,0.0041562,0.0084243,0.00625644,0.00801587,0.0109116,0.00486031,0.00267594,0.00809454,0.00596575,0.00357518,0.00439465,0.00998645,0.00366985,0.00203381,0.00371727,0.00351224,0.00506069,0.00595179,0.00420053,0.00682164,0.0074698,0.00839693,0.0029934,0.002976,0.00212026,0.000784535,0.000722685,0.00221978,0.00462785,0.0051956,0.00417865,0.00825854,0.00987265,0.00699448,0.00837271,0.00806145,0.00467489,0.00197319,0.00127728,0.00140338,0.00315252,0.00535302,0.0168632,0.0123148,0.00605746,0.0175564,0.0146867,0.019053,0.0466095,0.0218355,0.0155434,0.0311347,0.0227827,0.0266226,0.00963718,0.0145538,0.0072899,0.0141561,0.00923671,0.0087836,0.00603213,0.00675928,0.00776195,0.00549053,0.00777256,0.00370142,0.00284832,0.00355416,0.00397523,0.0063788,0.00479751,0.00480233,0.0041045,0.00612715,0.00667414,0.0033041,0.00609937,0.00595263,0.00522636,0.00342335,0.000358132,0.000311235,0.000224245,0.000325834,0.000469778,0.000817914,0.000876333,0.00048817
131,0.00499702,0.00373985,0.00169546,0.000603252,0.000800295,0.000705347,0.00076157,0.000585797,0.00473533,0.00672705,0.00463617,0.00335698,0.00229995,0.00148996,0.00630983,0.00397841,0.00466559,0.00507414,0.005056,0.00355887,0.0039136,0.00719691,0.0039707,0.00408782,0.00247632,0.00197218,0.00143967,0.00185775,0.00259852,0.00113508,0.00132558,0.000997564,0.00144812,0.00152944,0.00143136,0.0020631,0.00176396,0.00380192,0.00185562,0.00286929,0.00302859,0.0049741,0.00722039,0.004222,0.0033843,0.00520889,0.00483325,0.00155309,0.00389748,0.00750734,0.00527646,0.00793935,0.00742669,0.00649449,0.00462857,0.00414674,0.00608843,0.00396483,0.00581439,0.0037495,0.0014372,0.00227365,0.00257705,0.00200415,0.00379638,0.00585099,0.00491444,0.00631778,0.00771265,0.0046235,0.00699505,0.0128672,0.00662809,0.00570403,0.00199812,0.00411946,0.00338498,0.00485742,0.00431871,0.0066896,0.00633931,0.00521861,0.00402398,0.00665713,0.00414099,0.00619178,0.00666058,0.00807266,0.00585438,0.00711652,0.00394069,0.00520333,0.00854423,0.0102057,0.00312116,0.00203935,0.00477515,0.0046166,0.00606255,0.00395598,0.00351544,0.00501473,0.00578351,0.00656709,0.00364777,0.00221743,0.0015041,0.000889033,0.00102941,0.00291846,0.00380042,0.00534826,0.0127088,0.0052041,0.00869888,0.00400073,0.00702428,0.00467545,0.00606615,0.00389584,0.0017696,0.00173174,0.00486356,0.00555773,0.00848042,0.0111561,0.0177979,0.015916,0.0143286,0.0156675,0.0218355,0.0407621,0.014524,0.0382943,0.0189606,0.01608,0.0141259,0.0194082,0.0199584,0.0207996,0.0215674,0.0137792,0.00365044,0.00356547,0.00580027,0.00392582,0.00488372,0.00363699,0.00364763,0.00750002,0.0110152,0.0108311,0.00532725,0.00545787,0.0100552,0.00483546,0.00654901,0.00517359,0.00464902,0.0062479,0.00470732,0.00380206,0.000446901,0.000514535,0.000314636,0.000361811,0.00047324,0.000774916,0.000832446,0.000464443
132,0.00128649,0.00121943,0.0007729,0.000699309,0.00109974,0.00101392,0.00113032,0.000637722,0.00365693,0.00296308,0.00215716,0.00194399,0.00154258,0.00115198,0.0032137,0.00237884,0.00241339,0.00274099,0.00354063,0.0030204,0.00247017,0.00228948,0.00257969,0.00262969,0.00136,0.0014608,0.00112082,0.0012865,0.00218294,0.0014079,0.00125346,0.00104548,0.00153126,0.00108756,0.000919977,0.00153166,0.0013434,0.00218589,0.00103276,0.00259709,0.00310994,0.00290188,0.00299519,0.00275961,0.00229743,0.00238799,0.00205798,0.00117635,0.00151982,0.001993,0.00254439,0.00315698,0.00328786,0.00331669,0.00343984,0.00258257,0.00260236,0.00229801,0.00251877,0.00170857,0.000992343,0.00119528,0.00184956,0.00174423,0.00261313,0.00328755,0.00354475,0.00391486,0.00615559,0.00478719,0.00631518,0.00353188,0.00329177,0.00456656,0.00145647,0.0035686,0.00272738,0.0035826,0.00563515,0.00369701,0.00360306,0.00254169,0.00291917,0.00486515,0.00373487,0.00375076,0.00657668,0.00847902,0.00526774,0.00303162,0.00399854,0.0204397,0.00627316,0.00451839,0.00316286,0.00146189,0.011786,0.00297491,0.00571731,0.00417356,0.00264308,0.00415104,0.00630892,0.00417792,0.00422978,0.00230253,0.00136529,0.000976402,0.00122428,0.00293852,0.00229647,0.0032028,0.00422779,0.00474786,0.00422306,0.00273998,0.00531251,0.00327139,0.0225548,0.00741978,0.00557852,0.00516153,0.0178848,0.0469201,0.0151798,0.00931473,0.021157,0.0184538,0.0145914,0.0532612,0.0155434,0.014524,0.0870504,0.0221734,0.0113718,0.0395129,0.032515,0.0413262,0.0253578,0.0163111,0.006756,0.00704945,0.00370308,0.00462306,0.00520201,0.00308146,0.00448353,0.00476283,0.00756945,0.00378931,0.00358978,0.00508022,0.00303289,0.00395503,0.00419578,0.00381381,0.00510444,0.00218026,0.00332931,0.00372299,0.00280923,0.00182488,0.000332339,0.000402002,0.000249268,0.000254065,0.000302073,0.000392433,0.000396909,0.000220707
133,0.00338546,0.00274025,0.00138955,0.000598924,0.000654749,0.000518102,0.000674651,0.000745854,0.00363575,0.00472963,0.00271151,0.00311027,0.00239529,0.00194817,0.00561789,0.00386554,0.00320933,0.00332608,0.00579004,0.00381958,0.0027993,0.00489436,0.0038446,0.00329471,0.00235974,0.00192238,0.00146746,0.00182919,0.00259279,0.00132001,0.00142696,0.00143872,0.00149298,0.00103315,0.00121319,0.00162853,0.00138409,0.00287834,0.00129388,0.00223701,0.00290696,0.00432286,0.00580795,0.00348118,0.00295905,0.00303741,0.0031942,0.0016885,0.00307785,0.00523594,0.00417942,0.0072056,0.00542709,0.00502721,0.00406369,0.00385835,0.0048104,0.00374824,0.00421962,0.00184577,0.00143242,0.00231556,0.00225854,0.00207358,0.00330534,0.00566691,0.004518,0.00681372,0.00995079,0.00625183,0.00541501,0.0198461,0.00872814,0.00781615,0.00185467,0.00417554,0.00352205,0.00518019,0.00418534,0.00551397,0.00448655,0.00439074,0.00456992,0.0050662,0.0046324,0.00434368,0.00578042,0.00604308,0.00301122,0.00536716,0.0047654,0.00526608,0.0054772,0.00872237,0.00254322,0.00178598,0.00443293,0.0042436,0.0058698,0.00359971,0.00288361,0.0044135,0.00761952,0.0102979,0.00334979,0.00220222,0.0016583,0.00109117,0.00125391,0.00292972,0.00503995,0.00597094,0.00949862,0.00690576,0.00644703,0.00418046,0.00561481,0.00449115,0.00751837,0.00393082,0.00236405,0.00251809,0.00659522,0.00910015,0.0149041,0.0159275,0.0120205,0.0265616,0.0168045,0.0293313,0.0311347,0.0382943,0.0221734,0.0634031,0.0296356,0.0199971,0.0166008,0.0219891,0.0158717,0.0216228,0.0107453,0.011016,0.00551694,0.00395139,0.00506746,0.00388912,0.00569603,0.00322104,0.00338505,0.00392661,0.0037609,0.00307968,0.00431041,0.00448401,0.00302632,0.00401427,0.00268665,0.00291943,0.00338452,0.00470955,0.00360373,0.00282332,0.000390839,0.000446235,0.000401554,0.000458364,0.000532756,0.000742347,0.000730642,0.000395495
134,0.0053389,0.00421269,0.0019319,0.000371612,0.000480171,0.000509559,0.000774334,0.000683246,0.00745783,0.0045019,0.00413207,0.00256459,0.00202687,0.00130647,0.00537266,0.00451056,0.00655015,0.00289885,0.0119407,0.00785602,0.00545666,0.00655098,0.00425483,0.00237171,0.00267796,0.00216559,0.00150432,0.0018901,0.00216326,0.00096207,0.00110484,0.00121775,0.00116306,0.00107186,0.00125974,0.00137322,0.00172588,0.00318838,0.00118401,0.00246144,0.00423785,0.00368149,0.00320046,0.00343238,0.00193583,0.00241968,0.00364518,0.00205191,0.00241973,0.00246468,0.00470274,0.00787638,0.014079,0.0112253,0.0121889,0.00641067,0.00619993,0.00629582,0.00439957,0.00185812,0.00164657,0.00236383,0.00258025,0.00427318,0.00410865,0.00717065,0.0044534,0.00938378,0.0182915,0.00779679,0.0156682,0.0153195,0.00940021,0.00940256,0.0025795,0.01043,0.00474486,0.0103868,0.00982977,0.00661072,0.00632162,0.00503986,0.00439614,0.00743599,0.00583115,0.0061967,0.00640004,0.00557506,0.00230565,0.00616654,0.0100405,0.00262637,0.00648784,0.00814658,0.00283964,0.00193771,0.00359607,0.00277249,0.0042902,0.00572131,0.00821671,0.00944319,0.0116882,0.00746003,0.00365674,0.00282292,0.00197692,0.00133723,0.00141645,0.00216503,0.00808924,0.00870717,0.012719,0.0102978,0.00781369,0.0087551,0.00750527,0.00557522,0.00296365,0.00162489,0.00109369,0.00120534,0.00232498,0.00273181,0.00906362,0.0100081,0.00494128,0.0178666,0.0095965,0.0200386,0.0227827,0.0189606,0.0113718,0.0296356,0.0416166,0.0141421,0.0101992,0.00947982,0.00598966,0.0108797,0.00831328,0.01015,0.00875902,0.0107957,0.00793479,0.00725042,0.00715531,0.0038637,0.0028256,0.00363806,0.00402963,0.00352511,0.00554546,0.00421177,0.00299528,0.00774185,0.00599061,0.00410699,0.00538829,0.00615968,0.00574847,0.00535618,0.000514403,0.000383151,0.000218461,0.000306395,0.000461412,0.000764181,0.000795981,0.000445319
135,0.00215215,0.00169251,0.000847392,0.000380487,0.000579909,0.000544655,0.000631754,0.000691449,0.00515709,0.00457102,0.00447416,0.0025492,0.00203487,0.00134999,0.00729756,0.00860961,0.00463917,0.00509698,0.00632799,0.00618341,0.00369166,0.00740602,0.0056363,0.00292705,0.0026536,0.00248879,0.00200855,0.00240946,0.00227584,0.00130715,0.00107519,0.000776853,0.00160373,0.00129485,0.00129054,0.00226711,0.00214424,0.00359754,0.00124403,0.00229423,0.00316477,0.00319369,0.00295074,0.00279887,0.00171588,0.00381828,0.00381956,0.00149914,0.00247055,0.00385893,0.00404806,0.00579257,0.00676234,0.00595943,0.0053358,0.00436761,0.00501502,0.00546273,0.00651086,0.00298652,0.00187916,0.00230148,0.00224634,0.00257458,0.00411949,0.00480752,0.00495515,0.0050723,0.0131555,0.00569209,0.00901207,0.00930675,0.00706996,0.00757777,0.002297,0.00511017,0.0062776,0.00504916,0.00478289,0.0044466,0.00597456,0.00322888,0.00273749,0.00540742,0.00374351,0.00598084,0.00812451,0.00812281,0.00455558,0.00494132,0.00526929,0.010581,0.00691697,0.00807393,0.00383817,0.00258667,0.00752264,0.00314113,0.00489118,0.00488221,0.00261642,0.00503888,0.00631202,0.00494828,0.00299011,0.00214194,0.00181339,0.000856561,0.000791793,0.00205014,0.00512832,0.00745572,0.00358502,0.00688552,0.00626722,0.00350637,0.00404636,0.00478269,0.0121933,0.00331997,0.0022912,0.00252421,0.0086633,0.0224969,0.0261445,0.0141867,0.00960715,0.0119638,0.0157068,0.0324121,0.0266226,0.01608,0.0395129,0.0199971,0.0141421,0.0397432,0.0156679,0.017856,0.00939511,0.0130226,0.0130224,0.0103645,0.00462655,0.00625594,0.0044172,0.0038004,0.00658243,0.00322323,0.00302032,0.00703492,0.0100569,0.0119479,0.00498138,0.00485664,0.00855317,0.00483338,0.00744787,0.0036662,0.00650034,0.00367423,0.00535847,0.00269987,0.000356544,0.000405041,0.000173285,0.000179701,0.000222396,0.000357183,0.000402733,0.000223443
136,0.00277458,0.00219424,0.00110135,0.00105412,0.00196449,0.00188649,0.00219237,0.00112236,0.00490382,0.00405349,0.00349441,0.00436062,0.00254672,0.00238637,0.00337371,0.0032154,0.00400174,0.0039334,0.00521376,0.00482807,0.00359508,0.00467733,0.00424083,0.00484141,0.0030824,0.0021894,0.00175881,0.00210245,0.00296718,0.00164247,0.00142371,0.00133254,0.00205971,0.00153686,0.00156317,0.00317041,0.00209179,0.00409499,0.00178836,0.00368413,0.00404817,0.00540715,0.008804,0.00422414,0.00458596,0.00508082,0.00375718,0.00189749,0.00478088,0.00928712,0.00409371,0.00436427,0.00520452,0.00527591,0.0053187,0.00437248,0.00363173,0.00339433,0.00445657,0.00404297,0.00207737,0.00248507,0.00297418,0.00256149,0.00391063,0.00443908,0.00508558,0.00373709,0.00499137,0.00413981,0.0048757,0.00522818,0.00479088,0.00472018,0.00270839,0.00419224,0.00365992,0.00506926,0.00664491,0.00493199,0.00374592,0.00431357,0.0042456,0.00488534,0.00647501,0.00597856,0.0050191,0.00498,0.00322754,0.006255,0.0035568,0.00804722,0.00492631,0.0047533,0.00403833,0.00324093,0.00609397,0.00468876,0.00553506,0.0058425,0.00435418,0.00452766,0.00516089,0.00456397,0.00360338,0.00383606,0.00222763,0.00139389,0.0016645,0.00421959,0.0041112,0.00397136,0.00587813,0.0057998,0.00530757,0.00482259,0.00688359,0.00734053,0.012778,0.00853386,0.00275732,0.00177198,0.00737235,0.0148748,0.00680361,0.00814054,0.0225076,0.0260642,0.0314803,0.0245336,0.00963718,0.0141259,0.032515,0.0166008,0.0101992,0.0156679,0.0373348,0.0500542,0.0308838,0.0169036,0.00822977,0.0086529,0.00810679,0.00661501,0.00724298,0.00624437,0.00501622,0.00443205,0.00779587,0.00531314,0.0045823,0.00460801,0.00443363,0.00595431,0.00450281,0.00511126,0.0034841,0.00348532,0.00343536,0.00402569,0.0041035,0.00366057,0.000567977,0.000610515,0.000611549,0.00072656,0.000857209,0.00112227,0.0011131,0.000602935
137,0.00200286,0.001768,0.00103735,0.00124397,0.00235591,0.00222472,0.00250491,0.00120302,0.00333135,0.00296703,0.00325085,0.00358735,0.00152107,0.00170678,0.00324083,0.00387741,0.00272039,0.00336293,0.00352893,0.00362006,0.00202851,0.00388432,0.00314483,0.00256266,0.00239092,0.00138805,0.00124842,0.00173026,0.00211645,0.00165223,0.00113688,0.000980198,0.00223584,0.00151549,0.00143089,0.00366514,0.00227196,0.00506318,0.0014732,0.00410479,0.0029894,0.00286421,0.00318004,0.00229265,0.00236711,0.00245477,0.00254742,0.00141404,0.00220632,0.00261609,0.00227784,0.00284281,0.00413774,0.00416594,0.00352066,0.00317192,0.00311267,0.00301212,0.00543681,0.00386414,0.00177223,0.00206237,0.00263849,0.00206795,0.00310758,0.00383053,0.00464947,0.00400384,0.00571009,0.00314905,0.00477493,0.00592584,0.00457928,0.0046273,0.0029295,0.00397881,0.00403998,0.00355523,0.00405668,0.00291259,0.00407662,0.0032581,0.00284446,0.00371874,0.00407958,0.0055073,0.00484533,0.00358058,0.00308734,0.00322637,0.00346791,0.00263873,0.0034702,0.00501755,0.00339464,0.00352528,0.00335757,0.00463213,0.0052133,0.00481824,0.00280225,0.00369843,0.00349475,0.00414867,0.00384257,0.00373211,0.00174968,0.0013236,0.00166823,0.00387708,0.00318222,0.00392848,0.00450699,0.00470063,0.00539784,0.00346641,0.00501088,0.00291914,0.0129411,0.0133747,0.00336177,0.00179213,0.00850705,0.00596985,0.00884385,0.00836359,0.0180197,0.0451745,0.0412693,0.019207,0.0145538,0.0194082,0.0413262,0.0219891,0.00947982,0.017856,0.0500542,0.106404,0.0400546,0.0122258,0.0107562,0.00698635,0.00379719,0.00409804,0.00487165,0.00278803,0.00442566,0.00302566,0.010456,0.00644872,0.00462996,0.0058142,0.00383605,0.00494028,0.00469767,0.00252388,0.00349595,0.00325245,0.00491041,0.00280752,0.00297486,0.00172031,0.000403458,0.000534865,0.000387115,0.000403348,0.000399951,0.000519352,0.000510533,0.000271664
138,0.00174165,0.00132022,0.000755712,0.0007447,0.00116042,0.00108265,0.00157101,0.000786372,0.0023776,0.00274084,0.00251945,0.00380006,0.00164186,0.00177661,0.00209608,0.00143195,0.00192966,0.00341298,0.00213024,0.00216338,0.00269093,0.00197434,0.00231827,0.00685457,0.0024891,0.00120508,0.00111777,0.00218276,0.00387441,0.00156226,0.000973075,0.00142857,0.00176617,0.00103839,0.0015146,0.00325353,0.0025296,0.00422448,0.00168225,0.00407317,0.00278244,0.00468497,0.0128342,0.00549566,0.00611492,0.00498642,0.00353789,0.00176366,0.00485351,0.0102733,0.00399918,0.0026704,0.00235441,0.00316503,0.00247936,0.00199383,0.00291131,0.00268849,0.00468687,0.00512466,0.00160936,0.00179068,0.00257098,0.00172174,0.00260344,0.00687089,0.0080211,0.00370349,0.00291084,0.00416632,0.00431599,0.00313131,0.00290164,0.00305101,0.00397005,0.00320818,0.00273372,0.00252327,0.00367493,0.00293751,0.00253398,0.00293845,0.00345922,0.00412158,0.00501938,0.00760702,0.00585327,0.00336348,0.00237007,0.00491656,0.00388098,0.00296425,0.00312163,0.00382996,0.00377218,0.00233047,0.00566485,0.0119137,0.0131632,0.00753925,0.00398562,0.00254815,0.00371585,0.00751011,0.00679089,0.00299195,0.00220752,0.00146513,0.0012083,0.00581884,0.00209945,0.00274348,0.00285291,0.00552547,0.0044883,0.00300545,0.00578797,0.00392871,0.0112577,0.00849903,0.00307129,0.00239973,0.00667956,0.00866616,0.0038853,0.0201064,0.0706815,0.0283733,0.0355239,0.0111191,0.0072899,0.0199584,0.0253578,0.0158717,0.00598966,0.00939511,0.0308838,0.0400546,0.0742062,0.0372253,0.0062451,0.00714864,0.00473552,0.00283928,0.00512244,0.00356998,0.00381353,0.00936387,0.0138132,0.0055126,0.00425569,0.00338479,0.00240413,0.00918629,0.00506719,0.00264159,0.00250565,0.00432992,0.00346272,0.00334021,0.00190524,0.00213874,0.00062164,0.000764757,0.000342364,0.000334891,0.000392208,0.00054266,0.000595513,0.000332817
139,0.0019203,0.00180497,0.00110663,0.00097178,0.00141421,0.00127796,0.00152956,0.000911324,0.00575688,0.00498573,0.00380891,0.00415725,0.00343827,0.00303561,0.00466539,0.00387323,0.00467006,0.00646913,0.00491171,0.00465835,0.00433441,0.00455828,0.00452764,0.00475706,0.00303222,0.00268286,0.00220635,0.00290769,0.00368174,0.00191888,0.00188581,0.00187268,0.00208966,0.00165482,0.00186244,0.00281971,0.00245384,0.00347842,0.00204767,0.00332277,0.00426742,0.0053338,0.00694778,0.00395871,0.00412994,0.00465266,0.003361,0.00235332,0.00338318,0.00557656,0.00427178,0.00519595,0.00369565,0.00511626,0.00475259,0.00366878,0.00426595,0.00429515,0.00474056,0.00459169,0.00262546,0.00262063,0.00253405,0.00206503,0.00378211,0.00450155,0.00445434,0.00266478,0.0054657,0.00386948,0.00439493,0.00702653,0.00488087,0.00455008,0.00236615,0.00333042,0.00330009,0.0049806,0.00709723,0.00550372,0.00451234,0.00435541,0.00622945,0.00592313,0.00715774,0.00690693,0.0072614,0.00597696,0.00513044,0.00757736,0.00422531,0.00577776,0.00524598,0.00500004,0.00361797,0.00231224,0.00543693,0.00567628,0.00702408,0.00474934,0.00419072,0.00427465,0.00472309,0.00587444,0.0037223,0.00324242,0.00235816,0.00142559,0.00164261,0.00410488,0.00421794,0.00431768,0.00516412,0.00721888,0.00604941,0.00627834,0.00916247,0.00783216,0.00892325,0.00487054,0.00280419,0.00245737,0.00570319,0.0109987,0.00626299,0.016303,0.0431282,0.0169535,0.0191859,0.0124956,0.0141561,0.0207996,0.0163111,0.0216228,0.0108797,0.0130226,0.0169036,0.0122258,0.0372253,0.0332248,0.0160147,0.0130605,0.0050458,0.00515302,0.00855837,0.00615867,0.00522384,0.00531596,0.00647259,0.00836323,0.0122443,0.0124449,0.00456893,0.00617577,0.00998658,0.00453199,0.0063957,0.00352287,0.00436693,0.00469062,0.00376698,0.00322382,0.00077953,0.00109088,0.000871313,0.000952991,0.00109085,0.00136667,0.00140518,0.000767125
140,0.00453233,0.00418316,0.00233654,0.000812469,0.000658356,0.000718658,0.00102742,0.00112206,0.0083238,0.00721204,0.00639521,0.00527916,0.0042015,0.00335787,0.00833812,0.00849663,0.00855081,0.0114811,0.00693481,0.00614089,0.00534255,0.00645205,0.00693521,0.00469709,0.00396503,0.00453149,0.00395499,0.00424573,0.00351146,0.00271678,0.00270379,0.00197476,0.00253601,0.00248504,0.00225623,0.00334651,0.00241811,0.00315187,0.00208934,0.00489947,0.00616452,0.0057884,0.00447557,0.00438914,0.00356841,0.00479169,0.00485964,0.00228618,0.00298433,0.00342116,0.00503727,0.00812416,0.00556507,0.00567497,0.00505914,0.00415228,0.00557729,0.00619606,0.0070153,0.00468171,0.00295803,0.00417922,0.00380894,0.0028189,0.00484013,0.00420396,0.00427671,0.00436706,0.00737564,0.00427885,0.00590894,0.00597944,0.00658254,0.00584616,0.00196221,0.00487414,0.00550188,0.00770651,0.00728273,0.00734732,0.00779727,0.00628906,0.00599102,0.00591808,0.00495832,0.00674754,0.00591926,0.00892108,0.00930704,0.00676315,0.00641094,0.00643328,0.00922913,0.00747411,0.00371131,0.00362153,0.00531522,0.00395734,0.00464607,0.00548669,0.0050949,0.00633871,0.00571092,0.00385776,0.00299555,0.00282717,0.00208126,0.00132317,0.00185572,0.00360418,0.00640701,0.00686588,0.0129507,0.00711083,0.00947489,0.00635152,0.00494893,0.00439921,0.00433,0.00268292,0.00145208,0.00115172,0.0027222,0.00510502,0.00669331,0.00811343,0.00999851,0.0071823,0.00652972,0.00784229,0.00923671,0.0215674,0.006756,0.0107453,0.00831328,0.0130224,0.00822977,0.0107562,0.0062451,0.0160147,0.0350584,0.0214327,0.00745888,0.00593829,0.00513149,0.00358255,0.00557963,0.00386982,0.00328917,0.0127619,0.0221858,0.0211743,0.005124,0.00574375,0.0169089,0.00597839,0.0105172,0.00428154,0.0059966,0.00762232,0.00639922,0.00492078,0.000754294,0.00110981,0.00103708,0.0011425,0.00122066,0.00151052,0.00146939,0.000785878
141,0.00374261,0.00359508,0.00202299,0.000715281,0.00075855,0.000892138,0.00120921,0.00122198,0.00887137,0.00667795,0.00645273,0.00459623,0.00361362,0.00283002,0.00933668,0.0108097,0.00854221,0.00836869,0.00706846,0.011491,0.00496561,0.00733582,0.00923199,0.00531468,0.00381849,0.00437338,0.00381591,0.00393574,0.00255285,0.00227379,0.00225791,0.00156277,0.00192745,0.0024592,0.00229094,0.00283891,0.00233963,0.00352384,0.00218632,0.00467481,0.00588992,0.00570257,0.0057195,0.00527777,0.00346442,0.00435606,0.00427537,0.00253522,0.00350115,0.00365842,0.00481282,0.00718048,0.00619956,0.00487659,0.00512802,0.00796485,0.00546009,0.00608643,0.00530246,0.00362097,0.00291054,0.00447976,0.00488455,0.00373865,0.00408703,0.00419114,0.00540226,0.0047253,0.00627715,0.0055107,0.00515379,0.00877791,0.00802546,0.00593763,0.00269759,0.00730549,0.00743206,0.0077478,0.0094549,0.00864324,0.006294,0.00489058,0.00572632,0.00546724,0.00586454,0.00449065,0.004521,0.00720106,0.00712548,0.00458886,0.00598201,0.00567065,0.00675728,0.00618907,0.0040359,0.00364001,0.00560563,0.00548453,0.00487637,0.00706394,0.00374778,0.00853756,0.00760533,0.00644115,0.00360055,0.00263178,0.00220462,0.00154795,0.00219546,0.00507892,0.00819371,0.00822924,0.0102531,0.00818537,0.00757261,0.0071659,0.00684661,0.00442111,0.00422579,0.00236186,0.00146577,0.00133239,0.00309904,0.0039926,0.00706866,0.0100912,0.00820667,0.00696114,0.00483413,0.00764314,0.0087836,0.0137792,0.00704945,0.011016,0.01015,0.0103645,0.0086529,0.00698635,0.00714864,0.0130605,0.0214327,0.0265175,0.0146568,0.0108856,0.00944473,0.00487543,0.00711038,0.00500771,0.00357191,0.0089686,0.0154527,0.0150919,0.00872491,0.00732261,0.0114087,0.0100079,0.00753867,0.00476288,0.00572515,0.00842361,0.00856796,0.0082274,0.000898207,0.000856507,0.000602216,0.000691271,0.000965324,0.0012314,0.00123975,0.000690093
142,0.00242439,0.00259275,0.00157253,0.000613712,0.000927439,0.000905453,0.000926235,0.000775523,0.00535951,0.00543126,0.00884078,0.00404582,0.00336905,0.00307385,0.00715564,0.00636391,0.00974626,0.0047508,0.00585028,0.0131084,0.00672466,0.00586398,0.0104828,0.00450917,0.00311807,0.00312231,0.00256964,0.00302421,0.00356604,0.00248366,0.0018291,0.00194312,0.00219387,0.00174185,0.00151928,0.00261998,0.00231077,0.00333335,0.00184888,0.00389243,0.00850782,0.0107998,0.0033796,0.00503173,0.00449124,0.00347021,0.00458444,0.0026286,0.00378242,0.00257692,0.00416895,0.00457867,0.00513658,0.00515129,0.00408041,0.00475192,0.00579286,0.0072127,0.00513976,0.00304447,0.00260802,0.00383821,0.00374923,0.00396834,0.00470049,0.00341426,0.00363474,0.00491292,0.00723564,0.00751539,0.00578322,0.0101597,0.00759311,0.00704136,0.00299981,0.00884673,0.00690929,0.00764485,0.00695445,0.00732948,0.00549892,0.00742898,0.00862908,0.00841095,0.00847709,0.00658455,0.00612609,0.00878966,0.00581112,0.00617251,0.00890438,0.0124243,0.00830093,0.00809213,0.00476461,0.00404216,0.00643785,0.00477681,0.00460255,0.011946,0.00611061,0.00621329,0.00935369,0.00796999,0.00423584,0.00327189,0.00323448,0.00207053,0.00227032,0.006264,0.008907,0.00646207,0.00912799,0.00934446,0.00761796,0.0103144,0.0109605,0.00824073,0.00543867,0.00380721,0.00107106,0.000994395,0.00304255,0.00433468,0.00629498,0.00779997,0.00471727,0.00519298,0.00427659,0.00457202,0.00603213,0.00365044,0.00370308,0.00551694,0.00875902,0.00462655,0.00810679,0.00379719,0.00473552,0.0050458,0.00745888,0.0146568,0.0405214,0.0159061,0.00803723,0.00799728,0.0124318,0.00877526,0.00753014,0.00570807,0.00985148,0.00642727,0.0128547,0.00803828,0.00393979,0.0168953,0.0057477,0.00535991,0.00744314,0.00438468,0.0176971,0.0151573,0.00154063,0.00116735,0.00107773,0.00122689,0.00144261,0.00205703,0.00211201,0.00116949
143,0.00627246,0.00528301,0.0026027,0.000632701,0.000690542,0.000738885,0.000798836,0.000516588,0.00992921,0.0067859,0.00775247,0.00395251,0.0029492,0.00239561,0.0068336,0.00520452,0.00655372,0.0040867,0.00792603,0.0123167,0.00500281,0.011554,0.00946778,0.00427116,0.00307117,0.0024664,0.00185894,0.00281421,0.00377279,0.00204064,0.00208532,0.00192189,0.00213927,0.00174149,0.00162601,0.00203577,0.00175581,0.00345382,0.00200758,0.00400635,0.0070884,0.00489452,0.00398407,0.00415196,0.00323922,0.00365806,0.00430719,0.00290301,0.00305705,0.00390002,0.00480677,0.00845728,0.00726065,0.0140163,0.011434,0.00910205,0.00616023,0.00565476,0.00532317,0.00295261,0.00231231,0.00315149,0.00298835,0.00356435,0.00380289,0.00289985,0.00385985,0.00673747,0.00640118,0.00578614,0.00417855,0.00484435,0.00441346,0.0043187,0.00293981,0.00654224,0.00684682,0.0131832,0.0110809,0.00923393,0.00911977,0.00891786,0.00834223,0.00963294,0.00767434,0.00502574,0.00684038,0.00875829,0.00519648,0.0066682,0.00975801,0.00579968,0.00797172,0.0098712,0.004305,0.00269845,0.0045976,0.00326492,0.00345985,0.0103238,0.00535041,0.00991375,0.00848413,0.00457643,0.00422925,0.00205797,0.00364886,0.00292257,0.00351275,0.00426616,0.00997951,0.0116901,0.0125883,0.00943708,0.0101156,0.00857215,0.0100078,0.00865855,0.00588575,0.00408189,0.00134092,0.00124321,0.0037904,0.0054849,0.00904317,0.00742834,0.00326518,0.00382824,0.00391017,0.00365703,0.00675928,0.00356547,0.00462306,0.00395139,0.0107957,0.00625594,0.00661501,0.00409804,0.00283928,0.00515302,0.00593829,0.0108856,0.0159061,0.0286371,0.015785,0.00835952,0.00869884,0.00714357,0.00544039,0.00634268,0.00692851,0.00784193,0.0113644,0.00746906,0.00507272,0.013372,0.00831162,0.00493112,0.0105653,0.0110783,0.00941231,0.0117487,0.00149844,0.00169674,0.00174301,0.00171142,0.0019014,0.00229248,0.0021598,0.00115822
144,0.0037047,0.00368412,0.00218378,0.000714622,0.000662428,0.000806464,0.000938497,0.00102637,0.00840588,0.00812564,0.00719592,0.00383391,0.00373427,0.00298449,0.00503063,0.00560312,0.00659084,0.00412509,0.006879,0.0099838,0.00613551,0.00667575,0.00506251,0.00346489,0.00342467,0.00290588,0.00205802,0.00315186,0.004552,0.00161164,0.00142223,0.00194353,0.00228324,0.00162635,0.001851,0.00133714,0.00138132,0.00377342,0.00287103,0.00448571,0.00684169,0.00489667,0.00359592,0.00401292,0.0056902,0.00577188,0.0052046,0.00371522,0.0035378,0.00641829,0.00670415,0.00589131,0.00677566,0.0116854,0.0102498,0.0127825,0.00770421,0.00693548,0.00378701,0.00210545,0.00188438,0.00311514,0.00272059,0.00353078,0.00320016,0.003289,0.00391603,0.00392925,0.00642622,0.00304596,0.00536869,0.00423399,0.00494119,0.00300241,0.00202922,0.00425513,0.0066614,0.00885651,0.0129359,0.00981685,0.00806587,0.0117123,0.0125535,0.0191233,0.0167407,0.00549401,0.00991211,0.00807742,0.00543638,0.012407,0.0116109,0.00362433,0.00695642,0.00808646,0.003847,0.00258259,0.00300306,0.00272068,0.00419542,0.00573923,0.0082658,0.00944516,0.00704899,0.00388684,0.00352326,0.00320357,0.00279816,0.00215104,0.00296852,0.00353552,0.00538266,0.00650713,0.0097422,0.01059,0.011524,0.011566,0.0195446,0.0167257,0.00444471,0.00348859,0.00152765,0.00167553,0.00364996,0.00460031,0.00681546,0.00680741,0.00517628,0.00453259,0.00386571,0.00228227,0.00776195,0.00580027,0.00520201,0.00506746,0.00793479,0.0044172,0.00724298,0.00487165,0.00512244,0.00855837,0.00513149,0.00944473,0.00803723,0.015785,0.0288044,0.0210796,0.0106268,0.00710515,0.00707931,0.00621879,0.00803398,0.00944413,0.0101544,0.00664886,0.00588105,0.00895519,0.00767168,0.00401306,0.00771525,0.00766357,0.00464496,0.00662079,0.00098173,0.00111925,0.00137667,0.00152857,0.00178434,0.00229841,0.00215569,0.00115649
145,0.00189358,0.00213396,0.00134933,0.000637812,0.000902965,0.000799566,0.000804124,0.00153893,0.0069427,0.00492727,0.00680249,0.00334032,0.00382019,0.0030863,0.00546633,0.00741327,0.00867397,0.00413117,0.00782717,0.0060524,0.00796923,0.00863084,0.00529939,0.00627415,0.00422801,0.00363749,0.00301124,0.00532676,0.00702098,0.0022838,0.00181334,0.00439852,0.00457832,0.00207764,0.00178299,0.0027941,0.00238148,0.0036851,0.00330744,0.00405392,0.0044726,0.00548792,0.00430465,0.00424497,0.0056996,0.00659705,0.00492468,0.00479833,0.00493226,0.00539255,0.00629879,0.00415837,0.00953941,0.0100481,0.00752882,0.00812509,0.00730074,0.00682958,0.00445239,0.00248603,0.00163341,0.00241449,0.00301384,0.00308992,0.00468572,0.00361515,0.00343928,0.00324032,0.0055906,0.00269558,0.00427197,0.00482667,0.00498195,0.00361936,0.0022434,0.00352115,0.00412784,0.00507999,0.0065141,0.00503367,0.0128433,0.0209585,0.0148709,0.0200575,0.0235844,0.00742161,0.010345,0.00617258,0.00425339,0.0115423,0.0151929,0.00510116,0.00804027,0.00586911,0.00333403,0.00416975,0.0042713,0.00312169,0.00338643,0.00268733,0.00705849,0.00652658,0.00553705,0.0034156,0.00348073,0.00333756,0.00186435,0.00117509,0.00137797,0.00233535,0.005168,0.0066408,0.00709073,0.0109282,0.00865703,0.0125298,0.0212478,0.0284598,0.00394477,0.00357876,0.0028102,0.00202385,0.00375632,0.00373344,0.00782071,0.00565951,0.00363195,0.00306095,0.00311286,0.00213408,0.00549053,0.00392582,0.00308146,0.00388912,0.00725042,0.0038004,0.00624437,0.00278803,0.00356998,0.00615867,0.00358255,0.00487543,0.00799728,0.00835952,0.0210796,0.0568759,0.0102291,0.00452605,0.00552104,0.00911015,0.0057992,0.0100164,0.00643717,0.00431337,0.00692373,0.00665437,0.00981216,0.00481918,0.00546427,0.0117758,0.00322336,0.00636187,0.000696873,0.000697065,0.00102688,0.00144902,0.0017994,0.00272403,0.00258193,0.00138773
146,0.00220829,0.00212966,0.00127287,0.000779696,0.000933053,0.000792606,0.000758379,0.000667388,0.00724284,0.00865736,0.00738507,0.00548817,0.00451307,0.00292329,0.0078139,0.00875044,0.0114881,0.00578885,0.00948792,0.0121598,0.00578508,0.0106813,0.00748923,0.00482866,0.00409775,0.00387729,0.003289,0.00400822,0.00490043,0.00217551,0.00212216,0.00306649,0.00295281,0.0018876,0.00192686,0.00216794,0.00225162,0.0049232,0.0027089,0.00422616,0.00587925,0.00577149,0.00288053,0.00497113,0.00595582,0.00476532,0.00501951,0.00423493,0.00390831,0.00472736,0.00796991,0.00709963,0.00804946,0.00680848,0.0057164,0.0133359,0.0138692,0.0104762,0.00614643,0.00306434,0.00301685,0.00271097,0.00275833,0.00351581,0.00500517,0.00328138,0.00393738,0.00388231,0.00654164,0.00417598,0.00463002,0.00468701,0.00590182,0.00522319,0.00254031,0.0051003,0.00756175,0.00861272,0.0101025,0.00888669,0.00887539,0.00997253,0.00966673,0.0102946,0.0119165,0.00953093,0.0110115,0.00635403,0.00427576,0.00637916,0.00949578,0.00522222,0.0066082,0.00762013,0.00449238,0.00281716,0.0031927,0.00286917,0.00419184,0.00522053,0.00798691,0.0078139,0.00582908,0.00561239,0.00387392,0.00408319,0.00366032,0.00211379,0.00197538,0.00376302,0.00778892,0.00729944,0.00932568,0.0116006,0.0080775,0.0106177,0.0113451,0.00751006,0.00657085,0.00525543,0.00284022,0.00260064,0.00520091,0.0044615,0.00835566,0.0110482,0.0028614,0.00389569,0.00622241,0.00249495,0.00777256,0.00488372,0.00448353,0.00569603,0.00715531,0.00658243,0.00501622,0.00442566,0.00381353,0.00522384,0.00557963,0.00711038,0.0124318,0.00869884,0.0106268,0.0102291,0.0229121,0.00997886,0.0111793,0.0078336,0.00918974,0.00929375,0.0110704,0.00530798,0.0046513,0.00775305,0.00661036,0.0043551,0.00979268,0.00678324,0.00924056,0.00601351,0.00102847,0.00106792,0.00133532,0.00165129,0.00162936,0.00251364,0.00239193,0.0012663
147,0.0019948,0.00188264,0.00109621,0.000702351,0.000957854,0.00110332,0.00105836,0.000744194,0.00772764,0.00685935,0.0049796,0.00884978,0.00589836,0.00526363,0.00589156,0.00653125,0.00587191,0.00569853,0.00796593,0.00734301,0.00677819,0.0113817,0.015326,0.00616971,0.00409433,0.00405547,0.00430306,0.0054009,0.0062829,0.00679295,0.00361485,0.00292671,0.00204184,0.00174117,0.00279587,0.00261759,0.00183106,0.00322059,0.00427241,0.00553376,0.00667373,0.0059705,0.00658198,0.0125322,0.0142541,0.00906675,0.00520366,0.00206719,0.00441982,0.00346532,0.00440883,0.00460485,0.00386945,0.00275948,0.00328233,0.00670076,0.00609611,0.00486157,0.00341012,0.00346952,0.00314349,0.00285004,0.00250912,0.00278301,0.00378679,0.00867801,0.00622928,0.00366492,0.00479311,0.00627339,0.00637108,0.00507464,0.00495437,0.0048153,0.00298799,0.00658666,0.0082108,0.00661585,0.00728231,0.00765617,0.00581443,0.00588234,0.00631678,0.00599409,0.00509327,0.00350489,0.00419278,0.00603202,0.00621454,0.00587487,0.00413389,0.00492233,0.00462642,0.0050267,0.00599971,0.00428098,0.00351378,0.00507526,0.00648052,0.00705732,0.00407432,0.00450987,0.00477734,0.00756366,0.00539787,0.00248035,0.00243053,0.0015875,0.00163428,0.00564372,0.00600148,0.0062037,0.00516839,0.00549775,0.00555401,0.00494379,0.00550255,0.00375731,0.0131457,0.0109921,0.0022848,0.00138876,0.00487859,0.00504157,0.00408875,0.00377493,0.00469205,0.00367652,0.00401714,0.00216412,0.00370142,0.00363699,0.00476283,0.00322104,0.0038637,0.00322323,0.00443205,0.00302566,0.00936387,0.00531596,0.00386982,0.00500771,0.00877526,0.00714357,0.00710515,0.00452605,0.00997886,0.0652907,0.0724658,0.0194493,0.00991612,0.0130468,0.00693315,0.0061488,0.00684548,0.00642471,0.00487242,0.0088254,0.00551259,0.00476922,0.00870206,0.0065627,0.000775101,0.000719095,0.000652798,0.000630426,0.000645097,0.000919779,0.000943834,0.000519192
148,0.00156889,0.00169665,0.00108278,0.00083049,0.00125977,0.00148114,0.00150648,0.00103989,0.00309195,0.00338177,0.00491387,0.0094192,0.00314585,0.00434651,0.00384646,0.0043932,0.00674916,0.00608329,0.00486808,0.00724322,0.00426741,0.00283096,0.00413733,0.0124716,0.00259889,0.00468207,0.00187019,0.0024399,0.00822477,0.00531331,0.00575088,0.00180994,0.00511815,0.0039331,0.00191831,0.00662259,0.00187519,0.00724432,0.00207152,0.00672244,0.00686275,0.00623085,0.00520212,0.0134862,0.0202543,0.00915672,0.00381142,0.00205112,0.00516861,0.00263916,0.00302551,0.00343896,0.00359283,0.00276521,0.00264255,0.00746645,0.00685017,0.00482296,0.00572277,0.00342834,0.00237926,0.00207164,0.00319689,0.00242034,0.0044022,0.00872709,0.00697013,0.00244528,0.0023719,0.00498548,0.00510069,0.00346947,0.00318703,0.00433231,0.00293417,0.00395135,0.00577331,0.00522677,0.00454181,0.00359331,0.00420458,0.00460949,0.0055522,0.00486477,0.00617299,0.00293127,0.00347567,0.00303059,0.00359722,0.00373083,0.00300706,0.0027967,0.00315242,0.0034201,0.00376404,0.00212563,0.00232228,0.00278321,0.00610153,0.00432676,0.00302624,0.00370918,0.00342011,0.00775431,0.00491456,0.00269433,0.0017605,0.00126509,0.00142758,0.00438116,0.00429117,0.00325529,0.00409671,0.00392722,0.0035427,0.00532886,0.00775818,0.00433213,0.0258481,0.0279554,0.00591488,0.00218943,0.0133342,0.007716,0.00371522,0.00455094,0.00804,0.00857998,0.00927181,0.00296806,0.00284832,0.00364763,0.00756945,0.00338505,0.0028256,0.00302032,0.00779587,0.010456,0.0138132,0.00647259,0.00328917,0.00357191,0.00753014,0.00544039,0.00707931,0.00552104,0.0111793,0.0724658,0.101951,0.0205028,0.00904462,0.00860626,0.00622498,0.00620371,0.00610055,0.00379916,0.00333612,0.00523624,0.00444974,0.00221273,0.00430556,0.00398668,0.00073794,0.00061425,0.000538632,0.000483339,0.000469291,0.000690459,0.000714305,0.000391365
149,0.00157772,0.00149346,0.000847921,0.000668191,0.00100711,0.000815093,0.00084469,0.00089505,0.0116755,0.00899965,0.00550258,0.0039296,0.00230389,0.00283244,0.00710599,0.00595177,0.00704378,0.01434,0.0122947,0.00500938,0.00720322,0.0144226,0.0249308,0.00909258,0.00349147,0.00490383,0.00209646,0.00349288,0.00642075,0.00358623,0.00444966,0.00244564,0.00485282,0.00414978,0.00214651,0.00541881,0.00191351,0.00603396,0.00258121,0.00708958,0.00678165,0.00562362,0.00339222,0.00667823,0.00736293,0.00758364,0.00513595,0.00278262,0.00451769,0.00389067,0.00516366,0.00658299,0.00551681,0.00380411,0.00335234,0.00545458,0.00602687,0.00540557,0.00909632,0.0073959,0.00232896,0.00273558,0.00406286,0.00227231,0.00906103,0.00715385,0.00354495,0.00386961,0.00627905,0.00388244,0.00372223,0.00511415,0.00598539,0.00302518,0.00220416,0.00518257,0.00631154,0.00539648,0.0063345,0.00976314,0.00646081,0.00488937,0.00483239,0.006043,0.00489695,0.00970115,0.00594078,0.00498627,0.00572388,0.0050479,0.00513822,0.00409857,0.00627791,0.00548671,0.00430773,0.00399916,0.00471827,0.00479086,0.00477766,0.00602,0.00303517,0.00362319,0.00427277,0.004639,0.00335953,0.00255783,0.00216839,0.00135149,0.00114775,0.00255964,0.00878972,0.00955726,0.0046141,0.00516869,0.00432952,0.00573506,0.00623322,0.00652545,0.0115064,0.0105074,0.00377015,0.0022341,0.00649857,0.00582005,0.00610427,0.00728119,0.00642947,0.00538498,0.00602534,0.0033148,0.00355416,0.00750002,0.00378931,0.00392661,0.00363806,0.00703492,0.00531314,0.00644872,0.0055126,0.00836323,0.0127619,0.0089686,0.00570807,0.00634268,0.00621879,0.00911015,0.0078336,0.0194493,0.0205028,0.0279982,0.0194542,0.0190063,0.0095927,0.0101632,0.0150772,0.00770683,0.0103012,0.00587194,0.00917948,0.00509174,0.00983594,0.00553188,0.000781995,0.000835238,0.000591083,0.000520319,0.000477172,0.000661082,0.000668303,0.000356013
150,0.00148873,0.00141583,0.000841423,0.000564594,0.000792798,0.000449932,0.000575504,0.000708177,0.00674786,0.00540574,0.00843667,0.00526774,0.00280594,0.00225948,0.00702608,0.00572295,0.0081537,0.013315,0.00906451,0.00738424,0.00638544,0.00675995,0.0126345,0.00347033,0.00268409,0.003042,0.00210707,0.0033048,0.00375217,0.00209602,0.0021324,0.00232694,0.00288749,0.00268618,0.00208558,0.00226588,0.00171295,0.00368747,0.00244596,0.00414315,0.00578662,0.00559784,0.00280541,0.00434286,0.00394034,0.00593612,0.00452127,0.0035616,0.00383705,0.00408287,0.00566241,0.00407438,0.00536864,0.00430405,0.00497227,0.00907637,0.00636254,0.00701832,0.00892998,0.0078656,0.00232967,0.00218138,0.00358758,0.00234747,0.0083317,0.00679092,0.00307998,0.00241825,0.00530369,0.00368439,0.00332786,0.00561368,0.00466116,0.00333346,0.00189346,0.00512996,0.00541332,0.00601921,0.00838756,0.0102757,0.00691838,0.00577519,0.00635971,0.00772428,0.0089157,0.00652661,0.0066791,0.00948818,0.00806319,0.00867647,0.00771667,0.00903073,0.00936818,0.00723469,0.00394751,0.004872,0.00587265,0.00588634,0.00523964,0.00703966,0.00405556,0.00575957,0.00586338,0.00529232,0.00335835,0.00303755,0.00281631,0.0018001,0.00188321,0.00336206,0.00598919,0.00704423,0.00533857,0.00577632,0.00605456,0.00736862,0.00636435,0.00834366,0.00592693,0.00435699,0.00297794,0.00243466,0.00430875,0.00511847,0.00674342,0.00871218,0.00624874,0.00321651,0.00335901,0.00199338,0.00397523,0.0110152,0.00358978,0.0037609,0.00402963,0.0100569,0.0045823,0.00462996,0.00425569,0.0122443,0.0221858,0.0154527,0.00985148,0.00692851,0.00803398,0.0057992,0.00918974,0.00991612,0.00904462,0.0194542,0.0332012,0.0268878,0.0087741,0.00926814,0.0175981,0.00979233,0.0131717,0.00458514,0.0101809,0.00713868,0.0122238,0.00763341,0.0010318,0.00143145,0.00132209,0.00148499,0.00155176,0.0021328,0.00205574,0.0011038
151,0.00134347,0.00129671,0.000775141,0.000718355,0.00100711,0.000734209,0.000586609,0.000558361,0.00909371,0.00747459,0.0075991,0.00439584,0.00295812,0.00188966,0.00778535,0.00590746,0.0076084,0.0102257,0.00840304,0.00747386,0.0068789,0.0122429,0.0141774,0.00452295,0.00323046,0.00332961,0.00254856,0.0042865,0.00441256,0.00210267,0.00204316,0.00247278,0.00290842,0.00251294,0.00197651,0.00254376,0.00210319,0.00362057,0.00206918,0.00458361,0.00559294,0.00473835,0.00287296,0.00461981,0.004232,0.00668348,0.00530088,0.00328918,0.00389994,0.00277559,0.00564546,0.00728146,0.00646031,0.00591316,0.00598194,0.0072889,0.00626218,0.0067601,0.00628474,0.00547028,0.00231496,0.00200691,0.00262234,0.00228773,0.00578118,0.00437092,0.00258422,0.00246572,0.00659133,0.00306913,0.00399519,0.00417035,0.00455661,0.00282066,0.00162334,0.00576506,0.00688659,0.00673896,0.00786292,0.0072588,0.00981409,0.00727478,0.00725528,0.00841219,0.00907085,0.00856553,0.00798198,0.00782832,0.00876888,0.00710792,0.00505937,0.0075654,0.00797126,0.00810951,0.00458625,0.00585732,0.00465022,0.00582493,0.00456577,0.00590882,0.00406696,0.0055689,0.00445354,0.00390792,0.00335435,0.00310244,0.00277094,0.00191664,0.00225841,0.00383047,0.0062846,0.00643815,0.00508798,0.00599729,0.00610561,0.0054234,0.00679124,0.00840935,0.00648326,0.00441608,0.00170248,0.00155876,0.00368544,0.00589982,0.00675444,0.00687077,0.00585876,0.00303897,0.00292285,0.00200716,0.0063788,0.0108311,0.00508022,0.00307968,0.00352511,0.0119479,0.00460801,0.0058142,0.00338479,0.0124449,0.0211743,0.0150919,0.00642727,0.00784193,0.00944413,0.0100164,0.00929375,0.0130468,0.00860626,0.0190063,0.0268878,0.033343,0.00872975,0.00658097,0.0172096,0.00655196,0.0135431,0.00581374,0.0105365,0.00621634,0.0134931,0.00810662,0.00111482,0.0015097,0.00135254,0.00143569,0.00141243,0.00181519,0.00171647,0.000913327
152,0.00228958,0.00233968,0.00145894,0.000909915,0.000873508,0.000969406,0.000751846,0.000667652,0.00748926,0.00984922,0.00636765,0.003947,0.00329553,0.00227818,0.00833142,0.00585079,0.00781919,0.00630322,0.00876008,0.0122593,0.00709543,0.0133338,0.0135432,0.00480118,0.00326445,0.00293338,0.00229867,0.00345161,0.00450785,0.00158048,0.00201634,0.00242842,0.00231236,0.0018553,0.00183764,0.00215021,0.00220748,0.00376578,0.00337044,0.00575248,0.00854887,0.00885192,0.00423768,0.00723912,0.00590883,0.00832205,0.00572966,0.00579905,0.00494049,0.00602232,0.00972833,0.00656942,0.0106467,0.00699708,0.00720496,0.00829899,0.00846361,0.00675229,0.00512414,0.0034829,0.00288537,0.00341995,0.00318735,0.0034129,0.00450113,0.00293377,0.00452407,0.00360162,0.00710329,0.00437468,0.00589523,0.0050588,0.00574762,0.00389288,0.00219679,0.00650258,0.00791974,0.00825884,0.0112635,0.0129134,0.0098851,0.00970143,0.00932501,0.0051485,0.0096242,0.00614826,0.00548419,0.00641536,0.00630269,0.00733703,0.00647251,0.00609754,0.00581875,0.00777518,0.00555118,0.00313873,0.00335727,0.0034539,0.00391659,0.00554395,0.00507267,0.00610506,0.00597571,0.0053213,0.0044302,0.00264711,0.00265333,0.00216733,0.00227743,0.0042436,0.0115681,0.0139316,0.0115108,0.00690138,0.00651546,0.00801053,0.0109738,0.00503939,0.00460696,0.0032808,0.00162951,0.0011061,0.00250433,0.0038762,0.00659762,0.00660776,0.00274438,0.00233947,0.0030424,0.0023689,0.00479751,0.00532725,0.00303289,0.00431041,0.00554546,0.00498138,0.00443363,0.00383605,0.00240413,0.00456893,0.005124,0.00872491,0.0128547,0.0113644,0.0101544,0.00643717,0.0110704,0.00693315,0.00622498,0.0095927,0.0087741,0.00872975,0.0282492,0.0112341,0.00756622,0.0142854,0.00937436,0.00804777,0.0168497,0.00833248,0.0124253,0.00888872,0.0014798,0.00164129,0.0016432,0.00204757,0.00227298,0.00322305,0.00317626,0.00171421
153,0.00178128,0.00134687,0.000710946,0.000648256,0.000841804,0.000679115,0.000896463,0.000727531,0.00596889,0.00615352,0.00517988,0.00625799,0.00254634,0.00284131,0.00559886,0.00494088,0.00602381,0.0085535,0.00686553,0.00770231,0.00769932,0.00551669,0.0104653,0.0189804,0.00861322,0.00509901,0.00354545,0.00461788,0.00977988,0.00261016,0.00338705,0.00231343,0.00376809,0.00307495,0.00198436,0.00488885,0.00267186,0.00607158,0.00212705,0.01349,0.0130972,0.00862928,0.0095149,0.00828839,0.0055962,0.00945775,0.00708272,0.00478786,0.00746778,0.0117303,0.00879276,0.00475215,0.00552594,0.0047073,0.00419439,0.0044867,0.00347525,0.00400132,0.00611513,0.00406541,0.00261386,0.00244807,0.00258466,0.00340104,0.00454078,0.00713891,0.00844611,0.00453402,0.00374286,0.00929147,0.00491625,0.00354466,0.00436746,0.00398316,0.0042769,0.00505106,0.00461806,0.00549859,0.00857959,0.0136199,0.0052677,0.00430352,0.00466735,0.00513667,0.0042873,0.00419656,0.00380621,0.00553494,0.0118151,0.0043617,0.00387461,0.00814736,0.00494428,0.00523687,0.00648975,0.00582216,0.00714643,0.0108367,0.00930453,0.00766719,0.00450627,0.00473729,0.00525339,0.00839167,0.00627946,0.00252427,0.0022876,0.0017985,0.00167349,0.00506945,0.00552061,0.00851906,0.00465727,0.00541697,0.00433291,0.00571819,0.00656939,0.0052169,0.00638292,0.00515575,0.00187375,0.00124542,0.00386382,0.00584276,0.00555227,0.00558845,0.00714721,0.00655151,0.00798154,0.00549799,0.00480233,0.00545787,0.00395503,0.00448401,0.00421177,0.00485664,0.00595431,0.00494028,0.00918629,0.00617577,0.00574375,0.00732261,0.00803828,0.00746906,0.00664886,0.00431337,0.00530798,0.0061488,0.00620371,0.0101632,0.00926814,0.00658097,0.0112341,0.0287345,0.022488,0.0143587,0.0127756,0.00975783,0.0118405,0.00883738,0.00836849,0.0084808,0.00149403,0.00166243,0.00134778,0.00128613,0.00132926,0.00182226,0.00193661,0.00107362
154,0.00130031,0.00116044,0.000762047,0.000807806,0.00102703,0.000794682,0.000866447,0.00075102,0.00659844,0.00517102,0.00439735,0.00568436,0.0024419,0.00245732,0.00549853,0.00418505,0.00787292,0.0148385,0.00637287,0.0045182,0.00835589,0.00623379,0.0121124,0.015273,0.00446229,0.00416557,0.00276783,0.00437324,0.0069868,0.00250386,0.00336225,0.00263536,0.00318799,0.00269,0.00237625,0.00378656,0.00247083,0.00506259,0.00210053,0.0117225,0.0135732,0.0102924,0.00814599,0.00836934,0.00791082,0.011413,0.00872305,0.00533524,0.0055674,0.0112058,0.0119929,0.00489411,0.00548296,0.00557522,0.00450409,0.00417515,0.00362132,0.00431657,0.00626565,0.00582067,0.00165648,0.00178596,0.00280925,0.00227391,0.00554084,0.00566211,0.00385364,0.00216316,0.00466305,0.00841997,0.0042027,0.00381031,0.00570803,0.00297462,0.00260602,0.00421974,0.00397576,0.00488628,0.00724712,0.0106081,0.00443545,0.00680292,0.00462144,0.0054879,0.00412347,0.0035224,0.00366425,0.00720353,0.0146405,0.00406472,0.00365668,0.00892123,0.00659294,0.00507263,0.00563907,0.00405992,0.00802517,0.00677914,0.00669378,0.0053908,0.0039795,0.00383515,0.00432223,0.00686665,0.00459138,0.00204482,0.00194435,0.00135715,0.00124247,0.00359573,0.00515894,0.00644787,0.00320235,0.00552784,0.00407294,0.00446357,0.00558426,0.00520064,0.00621335,0.00434219,0.00208096,0.00151441,0.00376077,0.00650575,0.00483827,0.00654585,0.00734111,0.00422437,0.0052217,0.00404313,0.0041045,0.0100552,0.00419578,0.00302632,0.00299528,0.00855317,0.00450281,0.00469767,0.00506719,0.00998658,0.0169089,0.0114087,0.00393979,0.00507272,0.00588105,0.00692373,0.0046513,0.00684548,0.00610055,0.0150772,0.0175981,0.0172096,0.00756622,0.022488,0.0377978,0.0116954,0.0177041,0.0114979,0.0103436,0.0108289,0.00819851,0.00805533,0.00129974,0.00151384,0.0010117,0.000853419,0.000892484,0.00129344,0.00146842,0.000834359
155,0.00364587,0.00313986,0.00159571,0.000577091,0.000748233,0.000576986,0.000593247,0.000594124,0.00984285,0.00895636,0.00604962,0.00334645,0.00271647,0.00213408,0.00682565,0.00459487,0.00840227,0.0055197,0.00760702,0.0104922,0.00654853,0.00713784,0.00760089,0.00580513,0.00374471,0.00281029,0.00186029,0.0026192,0.00315608,0.00197434,0.00240184,0.00256221,0.00253982,0.00154007,0.00140117,0.00157816,0.00166454,0.00344473,0.00225475,0.00420529,0.00808542,0.00810314,0.00418098,0.00722842,0.0028436,0.00716098,0.00520066,0.00409296,0.00385503,0.00379057,0.00752001,0.0105226,0.0105561,0.0106833,0.00825159,0.00706102,0.00531955,0.00914588,0.00468877,0.00347101,0.00242359,0.0023976,0.00247594,0.00303771,0.00403944,0.00344051,0.00381491,0.00631108,0.00589877,0.00579524,0.00428787,0.00554672,0.00768682,0.00476752,0.00239917,0.00546998,0.00720747,0.0109027,0.0142222,0.0163742,0.00671828,0.00762487,0.00714762,0.00697254,0.00821893,0.005476,0.00741422,0.00892005,0.00667418,0.00640512,0.0080316,0.00903142,0.00847996,0.00665127,0.00488895,0.00317736,0.00578841,0.00425054,0.00401047,0.00823524,0.00544761,0.00960314,0.00938625,0.00529718,0.00485216,0.00279319,0.00221021,0.00121979,0.00167594,0.00346744,0.00524075,0.0104305,0.0106965,0.00856547,0.00966661,0.00803183,0.00988946,0.00733114,0.00481561,0.00324996,0.00237339,0.0017273,0.00283237,0.0040106,0.006026,0.00624051,0.00315218,0.00373073,0.00305393,0.00382728,0.00612715,0.00483546,0.00381381,0.00401427,0.00774185,0.00483338,0.00511126,0.00252388,0.00264159,0.00453199,0.00597839,0.0100079,0.0168953,0.013372,0.00895519,0.00665437,0.00775305,0.00642471,0.00379916,0.00770683,0.00979233,0.00655196,0.0142854,0.0143587,0.0116954,0.0261228,0.0139325,0.00939814,0.00870492,0.0142373,0.0118675,0.0128763,0.00135469,0.00112206,0.000982161,0.00116649,0.00159547,0.00238125,0.00244878,0.0013726
156,0.00222355,0.0018576,0.00102303,0.000678494,0.00117189,0.00074126,0.00076286,0.000670448,0.00587015,0.00596957,0.00635855,0.00362054,0.00206052,0.00186092,0.00453779,0.00405238,0.00615235,0.00728906,0.00797753,0.00555671,0.00875065,0.00768178,0.00966319,0.0089778,0.00348204,0.00336343,0.00208014,0.003039,0.00430533,0.00171191,0.00206599,0.00231146,0.0023225,0.00169291,0.00159862,0.00180177,0.00184832,0.00348925,0.00204845,0.00617165,0.010169,0.0144192,0.00546898,0.00715389,0.00403728,0.0152966,0.00983036,0.00425673,0.00412955,0.00741581,0.0109161,0.00458864,0.00677611,0.0095536,0.00751239,0.00477371,0.00507207,0.00510291,0.00617416,0.00426317,0.00135433,0.0016552,0.00230883,0.0023208,0.0037118,0.00383388,0.00304597,0.00367894,0.00702669,0.00548985,0.00729649,0.00489869,0.00971812,0.00449498,0.00241657,0.00576788,0.00517902,0.00707513,0.0100328,0.0100134,0.00760649,0.00757979,0.0064426,0.0100669,0.00578374,0.0057405,0.00630361,0.00588417,0.0120252,0.00558715,0.00697963,0.0119781,0.00898205,0.00895482,0.00640495,0.00524261,0.00734722,0.00617053,0.00566692,0.0108129,0.00645397,0.00509631,0.00815597,0.0045649,0.00372297,0.00322698,0.00232594,0.00137262,0.00159293,0.00450565,0.00603087,0.0072298,0.00568593,0.00742106,0.00759679,0.00552925,0.00608823,0.00634689,0.00470678,0.00270861,0.00195862,0.00164978,0.00296331,0.00523191,0.00572022,0.0049941,0.00443971,0.00322742,0.00252474,0.0031383,0.00667414,0.00654901,0.00510444,0.00268665,0.00599061,0.00744787,0.0034841,0.00349595,0.00250565,0.0063957,0.0105172,0.00753867,0.0057477,0.00831162,0.00767168,0.00981216,0.00661036,0.00487242,0.00333612,0.0103012,0.0131717,0.0135431,0.00937436,0.0127756,0.0177041,0.0139325,0.031127,0.0208171,0.0131851,0.0129769,0.0114769,0.00961554,0.00165357,0.00146569,0.00100885,0.000894615,0.00103614,0.00159078,0.00175727,0.000998509
157,0.00173208,0.00113397,0.000690219,0.00110516,0.00147151,0.00123796,0.00149448,0.00116525,0.00431932,0.00495886,0.00606556,0.00449791,0.00206396,0.00222346,0.00420127,0.00566086,0.00670174,0.00674828,0.00473623,0.00597639,0.0128541,0.00747353,0.00966122,0.00571343,0.00439165,0.00385421,0.00316571,0.00369736,0.00570427,0.00192792,0.00197058,0.00168491,0.00170412,0.0016119,0.00140491,0.00191454,0.00191558,0.00342248,0.00225578,0.00846049,0.012728,0.0166719,0.0123286,0.0127238,0.0120807,0.0222974,0.0194847,0.0104049,0.0135971,0.0203352,0.0181863,0.00300202,0.00398443,0.00448535,0.00457611,0.00473536,0.00503015,0.00363843,0.00522698,0.00463172,0.00110603,0.0016498,0.00250875,0.00191212,0.00309714,0.00675816,0.0070285,0.00401795,0.00523987,0.00534141,0.00797811,0.00760906,0.00809856,0.00588837,0.00325282,0.00718225,0.00608278,0.00429539,0.00411151,0.00543195,0.00608509,0.00531817,0.00489788,0.00582401,0.00400149,0.00490305,0.00602148,0.00685736,0.00970545,0.00555033,0.00607283,0.00962821,0.007866,0.0058447,0.0106856,0.00572454,0.00760723,0.00877606,0.00847661,0.00836436,0.00868783,0.00538605,0.00808592,0.00587284,0.00715347,0.00362454,0.00371329,0.00212354,0.00162534,0.00922939,0.0061949,0.00409972,0.00612406,0.00406411,0.00647018,0.00612536,0.00533058,0.00435769,0.00478274,0.00311128,0.00138157,0.0011272,0.00239838,0.00338931,0.00371196,0.00427186,0.00442356,0.00374802,0.00447319,0.00348989,0.0033041,0.00517359,0.00218026,0.00291943,0.00410699,0.0036662,0.00348532,0.00325245,0.00432992,0.00352287,0.00428154,0.00476288,0.00535991,0.00493112,0.00401306,0.00481918,0.0043551,0.0088254,0.00523624,0.00587194,0.00458514,0.00581374,0.00804777,0.00975783,0.0114979,0.00939814,0.0208171,0.034579,0.00926996,0.00844744,0.00859429,0.0107464,0.0065051,0.00820101,0.00330271,0.00153686,0.00109077,0.00217977,0.00537725,0.00335311
158,0.00254258,0.00208333,0.00131599,0.000717765,0.000959438,0.00125789,0.000980999,0.000613374,0.00532709,0.00585505,0.00795626,0.00442036,0.00307598,0.00223529,0.00943275,0.00536014,0.00656184,0.00705167,0.011679,0.0127323,0.00854018,0.0159612,0.015679,0.00802519,0.00326516,0.00348334,0.00267702,0.00398719,0.00668069,0.00184518,0.0018056,0.00172493,0.001781,0.00166025,0.00165646,0.00193226,0.00176711,0.00341765,0.00176334,0.00656008,0.00730617,0.00588426,0.00512746,0.00433761,0.00345976,0.00585622,0.00637448,0.00419157,0.00495097,0.00791327,0.00668843,0.00339235,0.00474807,0.00706502,0.00589109,0.00594996,0.00665666,0.00679338,0.00480509,0.00298068,0.00172208,0.00223368,0.00231968,0.00272861,0.0037688,0.00454332,0.00503383,0.00352839,0.00743498,0.0057803,0.00667712,0.00445313,0.00587817,0.00347614,0.00234278,0.00562074,0.00618845,0.00781702,0.00964732,0.0065253,0.0150157,0.00775835,0.00690325,0.00649135,0.0051804,0.00656231,0.00630179,0.0105524,0.00813988,0.0097249,0.0108884,0.00818781,0.0078631,0.0125874,0.00524681,0.00413081,0.00457256,0.00715776,0.00765622,0.00587746,0.00561645,0.00624794,0.00577639,0.00644745,0.00549579,0.00270843,0.00243238,0.0018335,0.00171184,0.00447033,0.0101846,0.0129083,0.00657112,0.00739553,0.0101609,0.00614663,0.00596153,0.00559011,0.00489923,0.00260355,0.00145237,0.00135846,0.00284791,0.0042554,0.00805201,0.005116,0.00422554,0.00412042,0.00455932,0.00354871,0.00609937,0.00464902,0.00332931,0.00338452,0.00538829,0.00650034,0.00343536,0.00491041,0.00346272,0.00436693,0.0059966,0.00572515,0.00744314,0.0105653,0.00771525,0.00546427,0.00979268,0.00551259,0.00444974,0.00917948,0.0101809,0.0105365,0.0168497,0.0118405,0.0103436,0.00870492,0.0131851,0.00926996,0.0294087,0.0104598,0.0176807,0.00924816,0.00445806,0.00296922,0.00186726,0.00174356,0.00159362,0.00251405,0.00242555,0.0013888
159,0.00486173,0.0041344,0.00241031,0.0011078,0.000926603,0.00129983,0.00131867,0.00143357,0.00671802,0.00677741,0.00662397,0.00333729,0.00223793,0.00222866,0.00616695,0.00527415,0.00488295,0.00455866,0.00862066,0.00667468,0.00579293,0.00622732,0.00658495,0.00513105,0.00266433,0.00248099,0.0025523,0.00421453,0.00412274,0.00211565,0.00307219,0.0034738,0.00171664,0.00215013,0.00298562,0.00245663,0.00110822,0.00475323,0.00354145,0.00398778,0.00461545,0.00334587,0.00376056,0.00486042,0.00377436,0.00492364,0.0060314,0.00523427,0.00399089,0.00667937,0.00800458,0.00576115,0.0100704,0.0167626,0.010724,0.00646113,0.00770653,0.00526614,0.00686618,0.00349676,0.00233961,0.0026516,0.00290369,0.00261745,0.00419087,0.00395767,0.0040813,0.00364555,0.00550581,0.00394166,0.00403709,0.00540523,0.00490491,0.00319593,0.00244269,0.00391072,0.00497065,0.0106737,0.0177972,0.0149797,0.0102936,0.0151561,0.0103736,0.00701677,0.0100229,0.00782068,0.00602087,0.00548331,0.00518903,0.00750295,0.00905075,0.00464068,0.00612165,0.00681143,0.00274175,0.00351239,0.00416687,0.00363156,0.00317976,0.00362054,0.00503561,0.00897704,0.00797481,0.00527955,0.00421672,0.00298181,0.00243969,0.00193575,0.0025428,0.00385594,0.00510337,0.0137085,0.00900419,0.0172305,0.0125629,0.0119517,0.0135867,0.0130365,0.0040749,0.00262891,0.00168021,0.00153147,0.00266603,0.00424616,0.00741508,0.0054752,0.0038218,0.00468031,0.00273791,0.00436773,0.00595263,0.0062479,0.00372299,0.00470955,0.00615968,0.00367423,0.00402569,0.00280752,0.00334021,0.00469062,0.00762232,0.00842361,0.00438468,0.0110783,0.00766357,0.0117758,0.00678324,0.00476922,0.00221273,0.00509174,0.00713868,0.00621634,0.00833248,0.00883738,0.0108289,0.0142373,0.0129769,0.00844744,0.0104598,0.0437499,0.00792655,0.0138864,0.0019981,0.00276868,0.00331835,0.00275989,0.00291408,0.00391759,0.00370907,0.00211737
160,0.00163744,0.00124495,0.00108399,0.00228253,0.00464088,0.00242328,0.0029809,0.00232118,0.00379684,0.00591943,0.00974975,0.00355722,0.00269313,0.00209998,0.00713732,0.00573175,0.00919257,0.00483804,0.00793673,0.0127536,0.00788582,0.0102185,0.0161121,0.00430485,0.00266762,0.00341386,0.00255895,0.00347168,0.00354911,0.00238321,0.0019397,0.0018622,0.00222348,0.00192329,0.00136447,0.00179251,0.00176741,0.0027242,0.00184485,0.00515569,0.00696511,0.00684426,0.00258782,0.0046759,0.00231791,0.00441158,0.00681943,0.00590642,0.00543327,0.00288589,0.00437871,0.00360504,0.00520264,0.003836,0.00466511,0.00434199,0.00545621,0.0066522,0.00594422,0.00282347,0.00193611,0.00256766,0.00255522,0.00277742,0.00398244,0.00408429,0.00331642,0.00748303,0.00737761,0.00456123,0.00798148,0.00960252,0.0113231,0.00479667,0.00292795,0.00935397,0.010597,0.00818502,0.00788789,0.00799908,0.011639,0.00521297,0.00455473,0.00518845,0.00456776,0.0102877,0.00532237,0.00752386,0.00614021,0.00550499,0.005102,0.0124129,0.00849497,0.0124357,0.00635897,0.00466306,0.00827058,0.00540479,0.00587906,0.0117389,0.00727765,0.00645271,0.00856023,0.00784467,0.00361778,0.00500232,0.00287584,0.00241659,0.00281385,0.00676337,0.00915352,0.00757498,0.00669783,0.00531218,0.00508509,0.0056632,0.00633773,0.00709661,0.00683099,0.00343437,0.00187282,0.00157167,0.00316508,0.00492435,0.00736392,0.00487138,0.00299692,0.0025791,0.00242104,0.00255438,0.00522636,0.00470732,0.00280923,0.00360373,0.00574847,0.00535847,0.0041035,0.00297486,0.00190524,0.00376698,0.00639922,0.00856796,0.0176971,0.00941231,0.00464496,0.00322336,0.00924056,0.00870206,0.00430556,0.00983594,0.0122238,0.0134931,0.0124253,0.00836849,0.00819851,0.0118675,0.0114769,0.00859429,0.0176807,0.00792655,0.0279812,0.0174553,0.00531314,0.00577756,0.00401105,0.00334367,0.00392882,0.00271594,0.00451055,0.00240494
161,0.00260144,0.0021827,0.00144681,0.00132303,0.00267854,0.00235837,0.00181766,0.00117567,0.0049574,0.00615208,0.00695651,0.00326087,0.00251546,0.002065,0.00632111,0.00471918,0.00807516,0.00480463,0.00548531,0.0113723,0.00682817,0.00535967,0.00815892,0.00495173,0.00273347,0.00317218,0.00247093,0.0032537,0.00369395,0.00253399,0.00294494,0.00321658,0.00270757,0.00209929,0.00196484,0.00190271,0.00162224,0.00349992,0.00244202,0.00479517,0.00563638,0.0057464,0.00311739,0.00466775,0.00283222,0.00386624,0.013185,0.0210464,0.0129217,0.00396108,0.00495792,0.00354881,0.00578947,0.00773181,0.00587115,0.00547946,0.00558944,0.00733469,0.00598354,0.00272427,0.00187778,0.00218099,0.00227551,0.00258211,0.00288413,0.00305655,0.00327071,0.00511615,0.00536472,0.00515543,0.00537137,0.00587313,0.00869123,0.00393245,0.0038254,0.00699833,0.00852088,0.00694077,0.00513933,0.00699045,0.00734826,0.00863501,0.00647922,0.00996695,0.00620264,0.00555534,0.00567244,0.00607128,0.00535396,0.0059559,0.00633194,0.00796423,0.00674816,0.00667435,0.0049455,0.00385796,0.0057288,0.0051628,0.0043803,0.00942318,0.00618952,0.00767699,0.00755415,0.00651212,0.00410528,0.00540577,0.00367303,0.00277496,0.00329397,0.00810595,0.00861279,0.00584743,0.00692446,0.00681479,0.00820306,0.00837357,0.00928652,0.00896758,0.005839,0.00392413,0.00270199,0.00195768,0.00308014,0.00514301,0.00567575,0.00433894,0.00268529,0.00241015,0.00225293,0.00228975,0.00342335,0.00380206,0.00182488,0.00282332,0.00535618,0.00269987,0.00366057,0.00172031,0.00213874,0.00322382,0.00492078,0.0082274,0.0151573,0.0117487,0.00662079,0.00636187,0.00601351,0.0065627,0.00398668,0.00553188,0.00763341,0.00810662,0.00888872,0.0084808,0.00805533,0.0128763,0.00961554,0.0107464,0.00924816,0.0138864,0.0174553,0.0272058,0.0162516,0.0217016,0.010538,0.0051343,0.00339507,0.0049876,0.0123465,0.00790316
162,0.00706868,0.00119618,0.0129145,0.0165705,0.0182639,0.0617369,0.0320719,0.00227986,0.000723567,0.0010584,0.00132826,0.000781153,0.000504911,0.000507584,0.000988578,0.000979703,0.000805491,0.000620389,0.000848357,0.000790325,0.000904629,0.000851214,0.000858131,0.000926352,0.000772902,0.000550391,0.000508008,0.000523621,0.000734125,0.000469635,0.000494523,0.000605558,0.000653166,0.000397607,0.000249777,0.000268911,0.000277285,0.000539888,0.000454809,0.000991105,0.000980798,0.000940619,0.000814984,0.00140876,0.0010767,0.00135058,0.0124352,0.0259843,0.014213,0.00173037,0.00157435,0.00107622,0.00155648,0.00100078,0.0011061,0.000876941,0.000817136,0.000659949,0.000509549,0.000498643,0.000325677,0.000307383,0.000393785,0.000425932,0.000524224,0.00051876,0.000517913,0.000580103,0.000479355,0.000602846,0.000756901,0.000668285,0.000544024,0.000744622,0.00230258,0.00116427,0.00223583,0.00130077,0.0011614,0.00106719,0.000992966,0.000944889,0.0010463,0.00157776,0.000716291,0.000715273,0.000723623,0.000688174,0.000641425,0.000672006,0.000651657,0.000908636,0.000880074,0.000913185,0.000849914,0.0004492,0.00059632,0.000638049,0.000889585,0.000938098,0.000936094,0.000664638,0.00076543,0.000766343,0.00102858,0.00201197,0.00232649,0.0143297,0.00856382,0.00352541,0.00560623,0.00212412,0.00130812,0.000907326,0.0012997,0.00130422,0.00124618,0.00180755,0.00125073,0.00104103,0.0007739,0.000528618,0.000788058,0.00121287,0.00125256,0.000892239,0.000673426,0.000467436,0.000424355,0.00031376,0.000358132,0.000446901,0.000332339,0.000390839,0.000514403,0.000356544,0.000567977,0.000403458,0.00062164,0.00077953,0.000754294,0.000898207,0.00154063,0.00149844,0.00098173,0.000696873,0.00102847,0.000775101,0.00073794,0.000781995,0.0010318,0.00111482,0.0014798,0.00149403,0.00129974,0.00135469,0.00165357,0.0065051,0.00445806,0.0019981,0.00531314,0.0162516,0.272323,0.13319,0.0642388,0.0380297,0.0278663,0.0253023,0.0249713,0.0177797
163,0.0025943,0.000646418,0.00469683,0.00594307,0.0016392,0.023341,0.0138707,0.00186273,0.000773176,0.00121519,0.00196985,0.00114877,0.000605305,0.000592946,0.00135245,0.00136204,0.000617571,0.000553705,0.000594802,0.000734012,0.00108219,0.0010378,0.000625254,0.00104525,0.000836774,0.000530537,0.000538644,0.000639658,0.000896491,0.000465909,0.000532143,0.000691685,0.000797671,0.000541806,0.000295723,0.000263421,0.000286777,0.000646045,0.000522738,0.00106042,0.0010516,0.000677382,0.000966906,0.00167042,0.0013165,0.00138462,0.0172183,0.036405,0.0194517,0.00191523,0.00186759,0.000892951,0.00107713,0.00133315,0.00130123,0.000893264,0.000798589,0.000524177,0.000800263,0.000715986,0.000514028,0.00037619,0.000384304,0.000512033,0.000672445,0.00045058,0.000461171,0.000443376,0.000463389,0.000671766,0.000738669,0.000579367,0.000711588,0.00067327,0.00271064,0.00118087,0.00237762,0.00186043,0.00121541,0.00114962,0.000949269,0.000893265,0.00144587,0.00161433,0.000817408,0.000701958,0.000926736,0.000773774,0.000629953,0.000744247,0.000763866,0.000923382,0.00091518,0.000890272,0.000917343,0.000486683,0.000548927,0.000704743,0.000860162,0.00112208,0.00104418,0.000475853,0.00084588,0.000767028,0.00128558,0.00363382,0.00305351,0.0131827,0.00728137,0.00540541,0.0098317,0.00175487,0.00132523,0.000883078,0.00139967,0.00121533,0.00120899,0.0020515,0.00121089,0.00111594,0.000928738,0.000674871,0.000989721,0.00146947,0.00137413,0.000963353,0.000817091,0.000573833,0.000508836,0.000328022,0.000311235,0.000514535,0.000402002,0.000446235,0.000383151,0.000405041,0.000610515,0.000534865,0.000764757,0.00109088,0.00110981,0.000856507,0.00116735,0.00169674,0.00111925,0.000697065,0.00106792,0.000719095,0.00061425,0.000835238,0.00143145,0.0015097,0.00164129,0.00166243,0.00151384,0.00112206,0.00146569,0.00820101,0.00296922,0.00276868,0.00577756,0.0217016,0.13319,0.16514,0.150935,0.08169,0.0320562,0.0348543,0.0313843,0.0285488
164,0.00307502,0.000378607,0.00445174,0.00823175,0.0305959,0.0184882,0.00594242,0.00111561,0.000618529,0.00141896,0.00256635,0.00133644,0.000546527,0.000697953,0.00138741,0.00204343,0.000630898,0.00044869,0.000628267,0.000609584,0.00136705,0.000508917,0.0004057,0.000551326,0.000489206,0.000405381,0.000476571,0.0007543,0.00104174,0.000531097,0.000554338,0.000843292,0.00103421,0.000739342,0.000369987,0.000244216,0.000292072,0.000682838,0.000567744,0.000965329,0.00102039,0.000339678,0.000428058,0.00116643,0.00127063,0.000713563,0.00612581,0.0134172,0.00726585,0.000691319,0.00111859,0.000767282,0.000857674,0.00192519,0.00139896,0.000779959,0.000632972,0.000459875,0.00106073,0.000968455,0.00093561,0.000597493,0.00029665,0.000552857,0.000820615,0.000232313,0.000298422,0.0001824,0.000405945,0.000417528,0.00034362,0.000354332,0.000301865,0.000319984,0.000821232,0.000832437,0.00179976,0.00191413,0.00121513,0.00111491,0.000735997,0.0011686,0.0024317,0.00185467,0.00122977,0.000614011,0.00109652,0.00085587,0.000489274,0.000711661,0.000623942,0.000842836,0.000867515,0.000785825,0.000662497,0.000328134,0.000345209,0.000378213,0.000577592,0.00088698,0.000869774,0.00034338,0.000716899,0.000836112,0.000696253,0.00130639,0.0023263,0.0131262,0.00959582,0.00248374,0.00703345,0.00124642,0.00133162,0.000959292,0.00161314,0.00141141,0.00121476,0.00239772,0.00116594,0.00117575,0.00101662,0.00078863,0.00116012,0.00147053,0.00131175,0.000929185,0.000371509,0.000399952,0.000436258,0.000150281,0.000224245,0.000314636,0.000249268,0.000401554,0.000218461,0.000173285,0.000611549,0.000387115,0.000342364,0.000871313,0.00103708,0.000602216,0.00107773,0.00174301,0.00137667,0.00102688,0.00133532,0.000652798,0.000538632,0.000591083,0.00132209,0.00135254,0.0016432,0.00134778,0.0010117,0.000982161,0.00100885,0.00330271,0.00186726,0.00331835,0.00401105,0.010538,0.0642388,0.150935,0.203253,0.109248,0.0622409,0.0601627,0.0356438,0.0372217
165,0.0031877,0.000310666,0.0040749,0.00890522,0.0417405,0.0145999,0.00208739,0.00073642,0.00061157,0.0014974,0.00291838,0.00156135,0.000596548,0.000744456,0.00156793,0.00243898,0.000731221,0.000465589,0.000695838,0.000817678,0.00165232,0.000616287,0.000382246,0.000521238,0.000487538,0.000379669,0.000473773,0.000913542,0.00119232,0.000470904,0.000500972,0.000900553,0.00110252,0.000804486,0.000397768,0.000262667,0.000341744,0.000808431,0.000631132,0.00101808,0.0011992,0.000374586,0.000378673,0.00100395,0.00127351,0.000560448,0.00195312,0.00466455,0.00261911,0.000350583,0.00108893,0.000764828,0.000966659,0.00245973,0.00158143,0.000843837,0.000713346,0.000592842,0.00132088,0.00111944,0.00115449,0.000754363,0.000298642,0.000659946,0.00106833,0.000252754,0.0003585,0.000194199,0.000580983,0.000447597,0.000334945,0.00045112,0.000431769,0.000329348,0.000615295,0.000884123,0.00144847,0.0017927,0.00130826,0.00114928,0.000749357,0.00148653,0.003085,0.00196677,0.00183219,0.000719433,0.00140882,0.00107324,0.000480949,0.000805045,0.000824123,0.000976436,0.000946682,0.000731132,0.000689964,0.000363044,0.000381127,0.000406787,0.000535303,0.000871221,0.00100726,0.000389183,0.000850222,0.000957958,0.000712706,0.00111024,0.00233355,0.0220867,0.0176239,0.00186997,0.00303797,0.00115075,0.00148092,0.00111717,0.00191612,0.00175172,0.00149105,0.00233734,0.00104467,0.001056,0.000925743,0.000754216,0.00114584,0.00135255,0.00127009,0.00108406,0.000355394,0.000436364,0.000534078,0.000134041,0.000325834,0.000361811,0.000254065,0.000458364,0.000306395,0.000179701,0.00072656,0.000403348,0.000334891,0.000952991,0.0011425,0.000691271,0.00122689,0.00171142,0.00152857,0.00144902,0.00165129,0.000630426,0.000483339,0.000520319,0.00148499,0.00143569,0.00204757,0.00128613,0.000853419,0.00116649,0.000894615,0.00153686,0.00174356,0.00275989,0.00334367,0.0051343,0.0380297,0.08169,0.109248,0.157788,0.132743,0.122182,0.0546701,0.0264801
166,0.00455524,0.000386717,0.00548962,0.0126615,0.0641716,0.0185348,0.000806291,0.000739868,0.000782253,0.00168781,0.00273338,0.00158825,0.000678059,0.000811556,0.00171916,0.00236237,0.00084238,0.00050044,0.00087263,0.000964858,0.00166712,0.000643827,0.000384809,0.000605882,0.00053164,0.00040093,0.000452598,0.000920548,0.00117828,0.000414805,0.000475785,0.000861353,0.000966449,0.00070325,0.000411643,0.000312829,0.000418178,0.000903581,0.000770652,0.0011246,0.00128791,0.000537306,0.000466532,0.00101136,0.00132486,0.000601235,0.000654338,0.00179167,0.00108309,0.000404967,0.00125821,0.000799274,0.00123255,0.00286416,0.00172691,0.00108774,0.000914662,0.000879731,0.00133103,0.00112387,0.00135133,0.000995509,0.000442024,0.000814888,0.00127366,0.000338094,0.000534094,0.00035817,0.000794182,0.000583712,0.000460702,0.000586508,0.000508818,0.000427459,0.000681064,0.00109717,0.0014094,0.00191142,0.00149847,0.00123286,0.000892505,0.00190379,0.00320188,0.00245997,0.00227285,0.000688192,0.00164841,0.00127104,0.000524467,0.001102,0.00103869,0.000971801,0.000998783,0.000690552,0.000672654,0.000376384,0.000476033,0.000442177,0.000502595,0.000745083,0.000975526,0.000750309,0.00103395,0.00100059,0.00112245,0.0018029,0.00763388,0.0679604,0.0401573,0.00255693,0.0014802,0.00133823,0.00171768,0.00139713,0.00221326,0.002044,0.00202644,0.00252243,0.000942176,0.000920358,0.000721772,0.000620682,0.00109046,0.00141805,0.00133735,0.00116917,0.000428305,0.000478939,0.000590399,0.000189145,0.000469778,0.00047324,0.000302073,0.000532756,0.000461412,0.000222396,0.000857209,0.000399951,0.000392208,0.00109085,0.00122066,0.000965324,0.00144261,0.0019014,0.00178434,0.0017994,0.00162936,0.000645097,0.000469291,0.000477172,0.00155176,0.00141243,0.00227298,0.00132926,0.000892484,0.00159547,0.00103614,0.00109077,0.00159362,0.00291408,0.00392882,0.00339507,0.0278663,0.0320562,0.0622409,0.132743,0.147626,0.119134,0.0608482,0.0276977
167,0.0011224,0.000595763,0.0013781,0.00198398,0.00504002,0.00480239,0.00208885,0.000378132,0.00109188,0.00196375,0.00360716,0.00205949,0.000811127,0.000883901,0.00215354,0.00320237,0.00124283,0.000766867,0.00131639,0.00163612,0.00245599,0.00114018,0.000637945,0.000977904,0.000809028,0.000558676,0.000629464,0.00135577,0.00174759,0.000498889,0.000586164,0.00117942,0.0013301,0.000988929,0.000563486,0.000418781,0.000524371,0.00122215,0.000914043,0.00136675,0.00176664,0.000876682,0.000619228,0.00127158,0.00162739,0.000976855,0.00260677,0.00590922,0.00326985,0.000706449,0.00198819,0.00115682,0.00177148,0.00383642,0.00235874,0.00139275,0.00132463,0.00135939,0.00193137,0.00148713,0.00153373,0.00106891,0.000440917,0.000945315,0.00155373,0.000443675,0.000672437,0.000503484,0.00109653,0.000816897,0.000586011,0.000834535,0.00070206,0.000609552,0.000822367,0.00108777,0.00176934,0.00228202,0.00219041,0.00185974,0.00132372,0.00272885,0.0046359,0.00310896,0.0032331,0.001116,0.00247158,0.00201747,0.000764754,0.00163035,0.00179992,0.0014454,0.00142938,0.00089368,0.000921123,0.000519904,0.00067807,0.000640064,0.000703306,0.000932067,0.00144344,0.000862547,0.0012987,0.00139643,0.000898143,0.0012675,0.0017801,0.00821188,0.00823446,0.00211305,0.00222556,0.00154012,0.00217836,0.00202589,0.00323084,0.00304477,0.00259724,0.00289474,0.00117965,0.00107062,0.000896492,0.000777234,0.00125153,0.00139024,0.00157018,0.00164557,0.000529271,0.000689886,0.000916588,0.000300848,0.000817914,0.000774916,0.000392433,0.000742347,0.000764181,0.000357183,0.00112227,0.000519352,0.00054266,0.00136667,0.00151052,0.0012314,0.00205703,0.00229248,0.00229841,0.00272403,0.00251364,0.000919779,0.000690459,0.000661082,0.0021328,0.00181519,0.00322305,0.00182226,0.00129344,0.00238125,0.00159078,0.00217977,0.00251405,0.00391759,0.00271594,0.0049876,0.0253023,0.0348543,0.0601627,0.122182,0.119134,0.268095,0.0680965,0.036758
168,0.00197726,0.000576716,0.00215977,0.0045135,0.0200811,0.00725868,0.00166339,0.0010147,0.00117873,0.00182299,0.003202,0.00185894,0.000751278,0.000790049,0.00199635,0.00286806,0.00122395,0.000786055,0.00131874,0.00170464,0.00231606,0.00124449,0.000711375,0.00120753,0.000972408,0.000601551,0.000642784,0.00130585,0.00171519,0.000441581,0.000535065,0.00107824,0.00118628,0.000890231,0.000527004,0.000414271,0.000513196,0.00116915,0.000873749,0.00133448,0.00174908,0.00102747,0.000731206,0.00147859,0.00168844,0.00135646,0.0099611,0.0213799,0.0113727,0.00125759,0.0024764,0.00116378,0.00171039,0.00365225,0.00227829,0.00148028,0.00136884,0.00140929,0.00180675,0.00138216,0.00139553,0.00100559,0.000439157,0.000907667,0.00147948,0.000465408,0.000691845,0.000555037,0.00110621,0.000885507,0.000653851,0.000883785,0.000718831,0.000690419,0.00123572,0.00125662,0.00211619,0.00242431,0.0022165,0.00187412,0.00135919,0.0026749,0.00434496,0.00297356,0.00305766,0.00111273,0.00243814,0.00211317,0.00083464,0.00169565,0.00188376,0.00142735,0.00140854,0.000845289,0.000901985,0.000507721,0.00070815,0.000671271,0.000725424,0.000854132,0.00142732,0.000930054,0.00129942,0.00135767,0.00110425,0.00206642,0.00314321,0.0207136,0.0129989,0.00355085,0.00447002,0.00149257,0.00210302,0.00198648,0.00316452,0.00299723,0.00247475,0.00261702,0.00110009,0.000948813,0.000750782,0.0006571,0.00109079,0.00121558,0.00146014,0.00159261,0.000568016,0.000693819,0.000924885,0.000334102,0.000876333,0.000832446,0.000396909,0.000730642,0.000795981,0.000402733,0.0011131,0.000510533,0.000595513,0.00140518,0.00146939,0.00123975,0.00211201,0.0021598,0.00215569,0.00258193,0.00239193,0.000943834,0.000714305,0.000668303,0.00205574,0.00171647,0.00317626,0.00193661,0.00146842,0.00244878,0.00175727,0.00537725,0.00242555,0.00370907,0.00451055,0.0123465,0.0249713,0.0313843,0.0356438,0.0546701,0.0608482,0.0680965,0.143622,0.227807
169,0.000585118,0.000342002,0.000657811,0.000896919,0.00133845,0.00256645,0.00161265,0.000577272,0.000652268,0.000967433,0.00164978,0.000970581,0.000398951,0.000411635,0.00105642,0.00148361,0.00067145,0.000433023,0.000718227,0.000948335,0.0012384,0.00067999,0.000392811,0.000693592,0.000546524,0.000334633,0.000349412,0.000697387,0.000917852,0.000229324,0.000283234,0.000566646,0.00061278,0.000459763,0.000280488,0.000225522,0.000277727,0.000626883,0.000469616,0.000719551,0.00094806,0.000591472,0.000416712,0.000830883,0.000922813,0.000796258,0.00642379,0.0137281,0.00728594,0.000772285,0.00141894,0.000637077,0.000946095,0.00193654,0.00122153,0.000799689,0.000751874,0.000791525,0.000953348,0.000726154,0.00073257,0.000535579,0.000240106,0.00048475,0.000786178,0.000259486,0.000383303,0.000317345,0.000606676,0.00049593,0.00036888,0.000486924,0.000394895,0.000386546,0.000704596,0.000655806,0.00124288,0.00135054,0.00122548,0.00101428,0.00074864,0.00145378,0.00229471,0.00161416,0.00164463,0.000595631,0.00131827,0.00115698,0.000471494,0.000950862,0.00104086,0.00077515,0.000759493,0.000447563,0.000483844,0.000274503,0.000396196,0.000369924,0.000392724,0.000450132,0.000759835,0.000513379,0.000695344,0.000726056,0.00056527,0.00109738,0.00124775,0.00554848,0.00353446,0.00200303,0.00305504,0.000823416,0.00113974,0.00108417,0.00170902,0.00161627,0.00135182,0.00137994,0.000580213,0.000489376,0.00037806,0.000332513,0.000560758,0.000632301,0.000768376,0.000846242,0.000316184,0.000377257,0.00049904,0.000189951,0.00048817,0.000464443,0.000220707,0.000395495,0.000445319,0.000223443,0.000602935,0.000271664,0.000332817,0.000767125,0.000785878,0.000690093,0.00116949,0.00115822,0.00115649,0.00138773,0.0012663,0.000519192,0.000391365,0.000356013,0.0011038,0.000913327,0.00171421,0.00107362,0.000834359,0.0013726,0.000998509,0.00335311,0.0013888,0.00211737,0.00240494,0.00790316,0.0177797,0.0285488,0.0372217,0.0264801,0.0276977,0.036758,0.227807,0.421864
